1,Opponent1,Opponent1_F3,,1H,521.958665,Pass,Cross,99.0,72.0,100.0,100.0
1,Opponent1,Opponent1_D3,,1H,1055.344787,Pass,Cross,80.0,84.0,100.0,32.0
1,Huskies,Huskies_D1,Huskies_D4,1H,1384.757142,Pass,Cross,89.0,96.0,98.0,3.0
1,Huskies,Huskies_F3,,1H,1399.362914,Pass,Cross,97.0,22.0,0.0,0.0
1,Opponent1,Opponent1_M1,,1H,2001.423484,Pass,Cross,84.0,92.0,90.0,67.0
1,Opponent1,Opponent1_D1,,1H,2215.149042,Pass,Cross,99.0,16.0,96.0,28.0
1,Opponent1,Opponent1_M3,,1H,2324.86831,Pass,Cross,89.0,89.0,88.0,59.0
1,Huskies,Huskies_F2,,1H,2422.33001,Pass,Cross,94.0,99.0,92.0,35.0
1,Opponent1,Opponent1_M3,Opponent1_D4,1H,2610.753257,Pass,Cross,77.0,66.0,88.0,45.0
1,Opponent1,Opponent1_F2,,1H,2667.35041,Pass,Cross,82.0,95.0,100.0,100.0
1,Huskies,Huskies_F1,Huskies_F2,1H,2712.240837,Pass,Cross,89.0,96.0,94.0,49.0
1,Opponent1,Opponent1_D1,,2H,212.58405700000003,Pass,Cross,80.0,9.0,100.0,62.0
1,Opponent1,Opponent1_M2,,2H,463.4891640000001,Pass,Cross,95.0,84.0,97.0,60.0
1,Huskies,Huskies_M2,,2H,619.441519,Pass,Cross,86.0,30.0,0.0,0.0
1,Opponent1,Opponent1_F2,,2H,657.589238,Pass,Cross,97.0,85.0,100.0,100.0
1,Huskies,Huskies_D5,Huskies_F1,2H,971.5105160000003,Pass,Cross,78.0,94.0,88.0,55.0
1,Huskies,Huskies_F3,,2H,1032.4210080000003,Pass,Cross,89.0,25.0,0.0,0.0
1,Huskies,Huskies_M1,,2H,1050.0061269999997,Pass,Cross,78.0,85.0,86.0,54.0
1,Huskies,Huskies_D5,,2H,1348.8599459999996,Pass,Cross,85.0,89.0,91.0,35.0
1,Huskies,Huskies_D5,,2H,1463.6311809999997,Pass,Cross,87.0,92.0,95.0,35.0
1,Huskies,Huskies_F2,Huskies_F3,2H,1628.1743310000002,Pass,Cross,90.0,72.0,89.0,36.0
1,Opponent1,Opponent1_M1,,2H,1661.7621989999998,Pass,Cross,70.0,16.0,100.0,100.0
1,Huskies,Huskies_F2,Huskies_M1,2H,1734.206188,Pass,Cross,97.0,78.0,81.0,65.0
1,Opponent1,Opponent1_M1,,2H,1928.3519180000003,Pass,Cross,68.0,77.0,90.0,65.0
1,Opponent1,Opponent1_M2,Opponent1_F5,2H,2022.8294850000002,Pass,Cross,83.0,74.0,89.0,37.0
1,Huskies,Huskies_M5,,2H,2071.6283519999997,Pass,Cross,90.0,20.0,0.0,0.0
1,Huskies,Huskies_M4,,2H,2110.770883,Pass,Cross,73.0,10.0,87.0,42.0
1,Opponent1,Opponent1_D1,Opponent1_F4,2H,2151.2718240000004,Pass,Cross,72.0,7.0,88.0,66.0
1,Opponent1,Opponent1_D2,,2H,2325.7208790000004,Pass,Cross,78.0,93.0,91.0,53.0
1,Opponent1,Opponent1_M1,Opponent1_D3,2H,2332.05328,Pass,Cross,79.0,84.0,25.0,66.0
1,Huskies,Huskies_F2,,2H,2365.8015050000004,Pass,Cross,97.0,84.0,87.0,40.0
1,Opponent1,Opponent1_D1,,2H,2715.076237,Pass,Cross,97.0,12.0,100.0,100.0
1,Opponent1,Opponent1_F5,,2H,2766.024018,Pass,Cross,92.0,11.0,97.0,49.0
1,Opponent1,Opponent1_D1,Opponent1_F4,2H,2770.159385,Pass,Cross,84.0,6.0,87.0,41.0
1,Huskies,Huskies_M5,,2H,2793.213559,Pass,Cross,95.0,73.0,0.0,0.0
1,Huskies,Huskies_M5,,2H,2828.7472820000003,Pass,Cross,98.0,72.0,92.0,65.0
2,Huskies,Huskies_F1,,1H,109.53096199999999,Pass,Cross,95.0,96.0,100.0,100.0
2,Huskies,Huskies_D6,,1H,1073.400696,Pass,Cross,79.0,98.0,100.0,100.0
2,Opponent2,Opponent2_F2,,1H,1532.851755,Pass,Cross,94.0,31.0,97.0,52.0
2,Huskies,Huskies_F1,Huskies_F2,1H,2073.628968,Pass,Cross,92.0,76.0,90.0,58.0
2,Opponent2,Opponent2_F2,Opponent2_F1,1H,2557.95541,Pass,Cross,95.0,24.0,89.0,59.0
2,Opponent2,Opponent2_M3,,2H,379.17680500000006,Pass,Cross,92.0,11.0,0.0,0.0
2,Opponent2,Opponent2_F3,,2H,429.6114889999999,Pass,Cross,90.0,79.0,91.0,51.0
2,Opponent2,Opponent2_D2,Opponent2_F2,2H,622.7529869999998,Pass,Cross,91.0,92.0,92.0,47.0
2,Opponent2,Opponent2_M4,,2H,630.2516489999998,Pass,Cross,75.0,81.0,0.0,0.0
2,Opponent2,Opponent2_F3,,2H,1127.17744,Pass,Cross,91.0,75.0,87.0,71.0
2,Huskies,Huskies_F1,,2H,1154.8976750000002,Pass,Cross,87.0,83.0,90.0,51.0
2,Opponent2,Opponent2_D5,,2H,1443.5681759999998,Pass,Cross,89.0,92.0,98.0,21.0
2,Huskies,Huskies_D4,,2H,1486.4521269999996,Pass,Cross,74.0,8.0,100.0,100.0
2,Opponent2,Opponent2_F2,Opponent2_M2,2H,1508.4886800000004,Pass,Cross,90.0,77.0,91.0,57.0
2,Opponent2,Opponent2_M2,Opponent2_F2,2H,1797.304701,Pass,Cross,97.0,26.0,99.0,69.0
2,Opponent2,Opponent2_M2,Opponent2_F2,2H,2058.2649549999996,Pass,Cross,90.0,27.0,93.0,61.0
2,Opponent2,Opponent2_F3,,2H,2172.905439,Pass,Cross,89.0,76.0,91.0,45.0
2,Opponent2,Opponent2_D5,Opponent2_M2,2H,2213.2314939999997,Pass,Cross,85.0,93.0,90.0,43.0
2,Opponent2,Opponent2_D5,,2H,2335.769211,Pass,Cross,90.0,75.0,92.0,42.0
2,Opponent2,Opponent2_F3,Opponent2_D5,2H,2807.151111,Pass,Cross,94.0,33.0,84.0,94.0
2,Opponent2,Opponent2_D5,,2H,2836.70352,Pass,Cross,91.0,89.0,90.0,44.0
2,Opponent2,Opponent2_M1,,2H,2851.4880839999996,Pass,Cross,93.0,28.0,0.0,0.0
2,Opponent2,Opponent2_F3,,2H,2897.219717,Pass,Cross,74.0,20.0,0.0,0.0
2,Opponent2,Opponent2_D5,,2H,2949.1641440000003,Pass,Cross,79.0,92.0,0.0,0.0
3,Huskies,Huskies_M6,,1H,470.240537,Pass,Cross,85.0,12.0,99.0,90.0
3,Opponent3,Opponent3_M4,Opponent3_D1,1H,742.987011,Pass,Cross,96.0,84.0,93.0,64.0
3,Opponent3,Opponent3_D2,,1H,1029.805844,Pass,Cross,76.0,89.0,90.0,43.0
3,Opponent3,Opponent3_M2,Opponent3_F1,1H,1495.030909,Pass,Cross,80.0,89.0,93.0,53.0
3,Huskies,Huskies_D6,,1H,1910.1623989999998,Pass,Cross,93.0,85.0,100.0,100.0
3,Opponent3,Opponent3_D2,Opponent3_F1,1H,2367.387248,Pass,Cross,75.0,83.0,94.0,55.0
3,Opponent3,Opponent3_F2,,1H,2501.417476,Pass,Cross,90.0,79.0,88.0,48.0
3,Huskies,Huskies_M6,,1H,2684.908218,Pass,Cross,79.0,78.0,100.0,100.0
3,Opponent3,Opponent3_M2,,2H,647.1646369999999,Pass,Cross,92.0,75.0,91.0,60.0
3,Opponent3,Opponent3_F1,,2H,678.6866420000001,Pass,Cross,94.0,13.0,93.0,38.0
3,Opponent3,Opponent3_D2,,2H,769.875755,Pass,Cross,96.0,74.0,89.0,38.0
3,Huskies,Huskies_F2,,2H,955.6992690000002,Pass,Cross,77.0,90.0,92.0,34.0
3,Opponent3,Opponent3_D4,,2H,1123.511028,Pass,Cross,87.0,2.0,97.0,77.0
3,Opponent3,Opponent3_M1,,2H,1189.7976769999996,Pass,Cross,78.0,90.0,0.0,0.0
3,Opponent3,Opponent3_D4,,2H,1390.9124920000004,Pass,Cross,95.0,28.0,0.0,0.0
3,Huskies,Huskies_M1,,2H,1443.9795020000001,Pass,Cross,82.0,78.0,89.0,40.0
3,Huskies,Huskies_F1,,2H,1591.0377760000001,Pass,Cross,91.0,22.0,89.0,64.0
3,Opponent3,Opponent3_D4,,2H,1878.944743,Pass,Cross,88.0,3.0,0.0,0.0
3,Opponent3,Opponent3_D4,,2H,2192.102428,Pass,Cross,83.0,10.0,86.0,67.0
3,Opponent3,Opponent3_D2,,2H,2207.639655,Pass,Cross,80.0,75.0,89.0,48.0
3,Huskies,Huskies_D6,,2H,2308.664904,Pass,Cross,71.0,92.0,91.0,58.0
3,Huskies,Huskies_D4,,2H,2348.696758,Pass,Cross,75.0,10.0,88.0,34.0
3,Huskies,Huskies_M6,,2H,2355.810598,Pass,Cross,94.0,12.0,91.0,46.0
3,Opponent3,Opponent3_M2,,2H,2464.164712,Pass,Cross,91.0,90.0,91.0,58.0
3,Opponent3,Opponent3_M4,,2H,2882.120395,Pass,Cross,95.0,28.0,87.0,39.0
4,Huskies,Huskies_M6,Huskies_F2,1H,60.924218999999994,Pass,Cross,89.0,8.0,92.0,63.0
4,Huskies,Huskies_D5,Huskies_F3,1H,356.673449,Pass,Cross,93.0,77.0,91.0,56.0
4,Huskies,Huskies_F3,Huskies_D2,1H,558.405966,Pass,Cross,70.0,5.0,89.0,48.0
4,Opponent4,Opponent4_D5,Opponent4_M4,1H,699.798531,Pass,Cross,85.0,5.0,89.0,38.0
4,Opponent4,Opponent4_D5,Opponent4_M2,1H,893.914144,Pass,Cross,97.0,15.0,89.0,47.0
4,Opponent4,Opponent4_M1,Opponent4_F1,1H,900.43458,Pass,Cross,93.0,13.0,97.0,44.0
4,Opponent4,Opponent4_D5,Opponent4_M4,1H,990.453686,Pass,Cross,88.0,5.0,99.0,98.0
4,Huskies,Huskies_M2,,1H,1191.230112,Pass,Cross,84.0,14.0,0.0,0.0
4,Huskies,Huskies_M2,,1H,1198.028541,Pass,Cross,94.0,3.0,90.0,59.0
4,Huskies,Huskies_F2,,1H,1252.126111,Pass,Cross,77.0,86.0,94.0,4.0
4,Opponent4,Opponent4_D5,,1H,1404.545058,Pass,Cross,94.0,11.0,100.0,100.0
4,Opponent4,Opponent4_D5,,1H,1603.76378,Pass,Cross,78.0,7.0,87.0,53.0
4,Opponent4,Opponent4_D5,,1H,1630.164949,Pass,Cross,89.0,6.0,94.0,74.0
4,Opponent4,Opponent4_D4,,1H,1634.251315,Pass,Cross,90.0,87.0,95.0,46.0
4,Opponent4,Opponent4_F1,Opponent4_M2,1H,1754.428868,Pass,Cross,88.0,75.0,92.0,57.0
4,Huskies,Huskies_D4,Huskies_D5,1H,1834.46835,Pass,Cross,85.0,6.0,86.0,93.0
4,Huskies,Huskies_F3,,1H,1986.310139,Pass,Cross,84.0,3.0,96.0,89.0
4,Huskies,Huskies_D5,,1H,2042.4245449999999,Pass,Cross,84.0,93.0,90.0,60.0
4,Huskies,Huskies_D5,Huskies_F2,1H,2177.548745,Pass,Cross,87.0,89.0,94.0,45.0
4,Huskies,Huskies_F3,,1H,2270.331082,Pass,Cross,96.0,91.0,0.0,0.0
4,Opponent4,Opponent4_D5,,1H,2342.60906,Pass,Cross,83.0,10.0,90.0,67.0
4,Opponent4,Opponent4_M4,Opponent4_D5,1H,2473.973561,Pass,Cross,96.0,83.0,94.0,34.0
4,Opponent4,Opponent4_M2,,1H,2576.938518,Pass,Cross,90.0,86.0,88.0,57.0
4,Opponent4,Opponent4_F1,Opponent4_M4,1H,2768.312972,Pass,Cross,93.0,24.0,94.0,52.0
4,Opponent4,Opponent4_D5,Opponent4_F1,2H,44.098423999999795,Pass,Cross,82.0,14.0,92.0,48.0
4,Opponent4,Opponent4_M4,,2H,240.36221400000022,Pass,Cross,86.0,87.0,100.0,100.0
4,Opponent4,Opponent4_D5,,2H,273.84593700000005,Pass,Cross,98.0,71.0,87.0,49.0
4,Opponent4,Opponent4_M2,,2H,304.3409139999999,Pass,Cross,93.0,75.0,88.0,58.0
4,Opponent4,Opponent4_M4,,2H,483.5283709999999,Pass,Cross,95.0,68.0,94.0,58.0
4,Huskies,Huskies_D5,,2H,529.05647,Pass,Cross,91.0,90.0,0.0,0.0
4,Opponent4,Opponent4_D4,Opponent4_M2,2H,785.1050230000001,Pass,Cross,80.0,83.0,94.0,47.0
4,Huskies,Huskies_M1,Huskies_F1,2H,1133.3716949999998,Pass,Cross,73.0,94.0,90.0,50.0
4,Opponent4,Opponent4_M2,,2H,1382.1739699999998,Pass,Cross,79.0,68.0,100.0,15.0
4,Opponent4,Opponent4_D4,,2H,1543.4878639999997,Pass,Cross,77.0,79.0,86.0,39.0
4,Huskies,Huskies_M4,Huskies_D2,2H,1635.6058300000004,Pass,Cross,76.0,91.0,90.0,43.0
4,Huskies,Huskies_D5,,2H,1981.6587900000004,Pass,Cross,72.0,95.0,87.0,55.0
4,Huskies,Huskies_D4,Huskies_F2,2H,2275.2826109999996,Pass,Cross,92.0,8.0,91.0,31.0
4,Huskies,Huskies_D4,,2H,2354.901342,Pass,Cross,89.0,9.0,3.0,2.0
4,Huskies,Huskies_M9,,2H,2513.4661779999997,Pass,Cross,92.0,15.0,90.0,41.0
4,Huskies,Huskies_D5,Huskies_F1,2H,2675.351232,Pass,Cross,66.0,92.0,93.0,47.0
4,Huskies,Huskies_D4,Huskies_F2,2H,2722.84044,Pass,Cross,97.0,26.0,88.0,36.0
4,Huskies,Huskies_D4,,2H,2817.263973,Pass,Cross,66.0,5.0,0.0,0.0
4,Opponent4,Opponent4_D4,Opponent4_F2,2H,2917.826816,Pass,Cross,81.0,83.0,93.0,48.0
5,Opponent5,Opponent5_D2,,1H,254.632942,Pass,Cross,97.0,87.0,0.0,0.0
5,Opponent5,Opponent5_M4,,1H,390.674971,Pass,Cross,96.0,11.0,93.0,59.0
5,Opponent5,Opponent5_M4,,1H,401.494508,Pass,Cross,97.0,13.0,90.0,36.0
5,Opponent5,Opponent5_M1,,1H,455.36213899999996,Pass,Cross,88.0,13.0,0.0,0.0
5,Opponent5,Opponent5_M2,,1H,605.071183,Pass,Cross,96.0,95.0,92.0,58.0
5,Opponent5,Opponent5_D3,,1H,615.544184,Pass,Cross,97.0,23.0,93.0,100.0
5,Huskies,Huskies_D5,,1H,742.798217,Pass,Cross,90.0,91.0,92.0,51.0
5,Opponent5,Opponent5_F2,,1H,954.823114,Pass,Cross,92.0,9.0,0.0,0.0
5,Opponent5,Opponent5_F1,Opponent5_F2,1H,1175.016605,Pass,Cross,95.0,28.0,83.0,92.0
5,Opponent5,Opponent5_M3,,1H,1198.018638,Pass,Cross,85.0,72.0,84.0,11.0
5,Huskies,Huskies_D5,Huskies_F2,1H,1216.48815,Pass,Cross,91.0,83.0,86.0,51.0
5,Huskies,Huskies_D5,Huskies_M4,1H,1708.059668,Pass,Cross,87.0,89.0,88.0,57.0
5,Huskies,Huskies_D5,,1H,1835.563673,Pass,Cross,87.0,91.0,84.0,61.0
5,Opponent5,Opponent5_M2,,1H,1949.1877209999998,Pass,Cross,91.0,94.0,0.0,0.0
5,Opponent5,Opponent5_D2,,1H,1970.295454,Pass,Cross,82.0,96.0,80.0,33.0
5,Opponent5,Opponent5_D2,Opponent5_M2,1H,2347.949027,Pass,Cross,87.0,77.0,93.0,55.0
5,Opponent5,Opponent5_F2,,1H,2404.430115,Pass,Cross,80.0,10.0,100.0,87.0
5,Opponent5,Opponent5_M3,,1H,2464.853614,Pass,Cross,88.0,10.0,92.0,48.0
5,Opponent5,Opponent5_M3,,1H,2528.526458,Pass,Cross,93.0,12.0,94.0,41.0
5,Opponent5,Opponent5_D3,,1H,2546.353235,Pass,Cross,90.0,10.0,96.0,45.0
5,Opponent5,Opponent5_M3,,1H,2572.530538,Pass,Cross,76.0,78.0,89.0,66.0
5,Opponent5,Opponent5_M4,,2H,479.72355500000003,Pass,Cross,72.0,7.0,91.0,54.0
5,Opponent5,Opponent5_D2,,2H,494.31931699999996,Pass,Cross,84.0,89.0,99.0,21.0
5,Huskies,Huskies_D5,,2H,800.27376,Pass,Cross,91.0,91.0,86.0,49.0
5,Huskies,Huskies_D5,,2H,951.43082,Pass,Cross,76.0,98.0,91.0,72.0
5,Huskies,Huskies_M6,,2H,1353.7099630000002,Pass,Cross,78.0,19.0,100.0,68.0
5,Opponent5,Opponent5_D3,Opponent5_M5,2H,1447.810735,Pass,Cross,96.0,16.0,90.0,42.0
5,Opponent5,Opponent5_D2,,2H,1795.282115,Pass,Cross,94.0,77.0,85.0,42.0
5,Opponent5,Opponent5_M3,,2H,1954.8429729999998,Pass,Cross,84.0,11.0,93.0,48.0
5,Opponent5,Opponent5_M3,,2H,2170.208968,Pass,Cross,92.0,14.0,93.0,47.0
5,Huskies,Huskies_M5,,2H,2480.217436,Pass,Cross,75.0,16.0,83.0,42.0
6,Opponent6,Opponent6_D1,,1H,87.933335,Pass,Cross,85.0,4.0,86.0,38.0
6,Opponent6,Opponent6_D1,,1H,124.04475000000002,Pass,Cross,93.0,12.0,92.0,36.0
6,Huskies,Huskies_D5,,1H,261.560745,Pass,Cross,81.0,99.0,0.0,0.0
6,Huskies,Huskies_D4,Huskies_F1,1H,348.95428100000004,Pass,Cross,89.0,7.0,93.0,56.0
6,Huskies,Huskies_D5,,1H,426.245307,Pass,Cross,91.0,95.0,0.0,0.0
6,Huskies,Huskies_D4,,1H,461.205644,Pass,Cross,90.0,13.0,93.0,44.0
6,Huskies,Huskies_D5,,1H,877.650447,Pass,Cross,98.0,95.0,94.0,67.0
6,Opponent6,Opponent6_D2,,1H,1131.213488,Pass,Cross,90.0,87.0,81.0,27.0
6,Huskies,Huskies_D5,,1H,1233.890206,Pass,Cross,92.0,93.0,87.0,58.0
6,Opponent6,Opponent6_M4,,1H,1315.81419,Pass,Cross,92.0,83.0,100.0,100.0
6,Huskies,Huskies_D4,,1H,1447.969204,Pass,Cross,86.0,4.0,89.0,48.0
6,Huskies,Huskies_D5,Huskies_F1,1H,1947.2444489999998,Pass,Cross,75.0,97.0,87.0,54.0
6,Huskies,Huskies_D5,Huskies_F2,1H,2013.09627,Pass,Cross,100.0,94.0,91.0,50.0
6,Opponent6,Opponent6_D1,,1H,2085.668084,Pass,Cross,86.0,4.0,91.0,29.0
6,Opponent6,Opponent6_F2,Opponent6_M2,1H,2327.89852,Pass,Cross,89.0,69.0,93.0,25.0
6,Huskies,Huskies_D5,,1H,2443.061995,Pass,Cross,98.0,98.0,97.0,66.0
6,Opponent6,Opponent6_F1,Opponent6_M2,1H,2492.143399,Pass,Cross,97.0,75.0,98.0,39.0
6,Opponent6,Opponent6_F2,,1H,2643.931965,Pass,Cross,95.0,26.0,100.0,100.0
6,Opponent6,Opponent6_M4,Opponent6_M2,1H,2683.663386,Pass,Cross,97.0,83.0,90.0,10.0
6,Opponent6,Opponent6_M4,,1H,2705.286803,Pass,Cross,80.0,91.0,100.0,24.0
6,Opponent6,Opponent6_M2,,1H,2746.222282,Pass,Cross,78.0,8.0,90.0,29.0
6,Huskies,Huskies_F2,,2H,363.3374090000002,Pass,Cross,94.0,10.0,0.0,0.0
6,Huskies,Huskies_F1,Huskies_M4,2H,937.6369,Pass,Cross,95.0,95.0,86.0,64.0
6,Huskies,Huskies_D4,Huskies_M6,2H,1006.6662649999998,Pass,Cross,94.0,4.0,93.0,38.0
6,Opponent6,Opponent6_F2,,2H,1163.3408239999999,Pass,Cross,98.0,79.0,90.0,59.0
6,Opponent6,Opponent6_D1,,2H,1180.5087789999998,Pass,Cross,91.0,9.0,89.0,45.0
6,Huskies,Huskies_D5,,2H,1303.4364770000002,Pass,Cross,86.0,92.0,93.0,53.0
6,Huskies,Huskies_M6,,2H,1463.7123439999996,Pass,Cross,98.0,78.0,0.0,0.0
6,Opponent6,Opponent6_M4,,2H,1529.49971,Pass,Cross,93.0,73.0,91.0,57.0
6,Huskies,Huskies_D5,,2H,1632.417061,Pass,Cross,98.0,97.0,0.0,0.0
6,Huskies,Huskies_D5,,2H,1657.8498600000003,Pass,Cross,86.0,96.0,0.0,0.0
6,Opponent6,Opponent6_M2,,2H,2129.57694,Pass,Cross,98.0,31.0,100.0,100.0
6,Opponent6,Opponent6_D1,,2H,2317.168332,Pass,Cross,96.0,17.0,100.0,100.0
6,Huskies,Huskies_D7,Huskies_F1,2H,2499.655071,Pass,Cross,95.0,81.0,96.0,51.0
6,Opponent6,Opponent6_D2,,2H,2690.711625,Pass,Cross,69.0,94.0,100.0,100.0
7,Huskies,Huskies_D4,,1H,31.829347,Pass,Cross,93.0,1.0,0.0,0.0
7,Huskies,Huskies_D5,Huskies_F1,1H,149.357225,Pass,Cross,80.0,93.0,78.0,48.0
7,Opponent7,Opponent7_D2,,1H,227.395274,Pass,Cross,92.0,13.0,95.0,60.0
7,Opponent7,Opponent7_M3,Opponent7_D2,1H,265.291822,Pass,Cross,70.0,77.0,93.0,44.0
7,Huskies,Huskies_D4,Huskies_D1,1H,532.191856,Pass,Cross,84.0,3.0,90.0,52.0
7,Opponent7,Opponent7_D4,,1H,732.282397,Pass,Cross,93.0,84.0,93.0,24.0
7,Opponent7,Opponent7_D2,,1H,1242.711504,Pass,Cross,98.0,10.0,86.0,60.0
7,Opponent7,Opponent7_M1,,1H,1368.257718,Pass,Cross,93.0,18.0,100.0,100.0
7,Huskies,Huskies_M6,Huskies_F4,1H,1619.23671,Pass,Cross,81.0,11.0,90.0,44.0
7,Opponent7,Opponent7_M1,,1H,1859.094798,Pass,Cross,94.0,28.0,85.0,56.0
7,Opponent7,Opponent7_D2,,1H,1916.530739,Pass,Cross,97.0,10.0,100.0,100.0
7,Huskies,Huskies_F4,,1H,1968.617569,Pass,Cross,98.0,23.0,100.0,26.0
7,Huskies,Huskies_D5,,1H,2028.4310610000002,Pass,Cross,95.0,86.0,88.0,24.0
7,Huskies,Huskies_M9,,1H,2103.588775,Pass,Cross,97.0,88.0,98.0,18.0
7,Huskies,Huskies_F4,,1H,2391.086554,Pass,Cross,82.0,15.0,0.0,0.0
7,Opponent7,Opponent7_D4,Opponent7_F1,1H,2448.84322,Pass,Cross,76.0,96.0,96.0,51.0
7,Opponent7,Opponent7_D2,Opponent7_F1,1H,2457.249152,Pass,Cross,96.0,14.0,94.0,50.0
7,Opponent7,Opponent7_F1,,1H,2588.529904,Pass,Cross,96.0,98.0,94.0,61.0
7,Huskies,Huskies_F4,,1H,2710.220438,Pass,Cross,92.0,15.0,93.0,30.0
7,Huskies,Huskies_D5,Huskies_F4,2H,30.743433000000095,Pass,Cross,83.0,97.0,88.0,44.0
7,Huskies,Huskies_M6,,2H,40.77266700000018,Pass,Cross,86.0,7.0,0.0,0.0
7,Opponent7,Opponent7_D4,,2H,240.44599299999982,Pass,Cross,88.0,95.0,93.0,59.0
7,Huskies,Huskies_D5,,2H,277.8219469999999,Pass,Cross,97.0,95.0,0.0,0.0
7,Huskies,Huskies_D4,,2H,538.7848840000001,Pass,Cross,68.0,16.0,100.0,64.0
7,Huskies,Huskies_D4,Huskies_F4,2H,1042.858057,Pass,Cross,94.0,12.0,94.0,48.0
7,Huskies,Huskies_D4,Huskies_F4,2H,1192.2336850000002,Pass,Cross,81.0,8.0,90.0,44.0
7,Opponent7,Opponent7_M4,,2H,1275.8929200000002,Pass,Cross,96.0,20.0,96.0,28.0
7,Huskies,Huskies_D4,Huskies_F4,2H,1333.5400369999998,Pass,Cross,90.0,20.0,90.0,39.0
7,Opponent7,Opponent7_D2,,2H,1357.6787400000003,Pass,Cross,97.0,19.0,87.0,41.0
7,Huskies,Huskies_D5,,2H,1390.8993250000003,Pass,Cross,73.0,99.0,90.0,60.0
7,Huskies,Huskies_D4,,2H,1642.7545890000001,Pass,Cross,93.0,11.0,0.0,0.0
7,Huskies,Huskies_D5,,2H,1698.0286100000003,Pass,Cross,77.0,94.0,86.0,66.0
7,Huskies,Huskies_M1,Huskies_F1,2H,1704.988574,Pass,Cross,79.0,93.0,89.0,56.0
7,Huskies,Huskies_F2,,2H,1747.6669199999997,Pass,Cross,65.0,89.0,0.0,0.0
7,Huskies,Huskies_D1,,2H,1872.800867,Pass,Cross,65.0,76.0,89.0,62.0
7,Huskies,Huskies_D5,,2H,1900.037292,Pass,Cross,73.0,93.0,87.0,62.0
7,Huskies,Huskies_F2,,2H,1944.22887,Pass,Cross,68.0,77.0,88.0,53.0
7,Huskies,Huskies_F2,,2H,2321.7221680000002,Pass,Cross,72.0,19.0,89.0,50.0
7,Huskies,Huskies_F3,,2H,2330.3128770000003,Pass,Cross,79.0,88.0,87.0,73.0
7,Huskies,Huskies_M6,Huskies_F2,2H,2332.661795,Pass,Cross,87.0,73.0,95.0,47.0
7,Huskies,Huskies_D5,Huskies_D2,2H,2401.484757,Pass,Cross,67.0,94.0,91.0,44.0
7,Huskies,Huskies_D4,,2H,2637.517417,Pass,Cross,89.0,8.0,92.0,51.0
7,Huskies,Huskies_D1,Huskies_F1,2H,2830.228421,Pass,Cross,64.0,74.0,84.0,52.0
7,Huskies,Huskies_D4,Huskies_D2,2H,2908.750962,Pass,Cross,86.0,10.0,93.0,59.0
8,Huskies,Huskies_D6,,1H,272.229855,Pass,Cross,85.0,93.0,100.0,100.0
8,Huskies,Huskies_D6,,1H,418.17761900000005,Pass,Cross,98.0,95.0,100.0,100.0
8,Huskies,Huskies_D6,Huskies_D4,1H,447.477136,Pass,Cross,75.0,91.0,96.0,10.0
8,Huskies,Huskies_D4,,1H,451.37322400000005,Pass,Cross,96.0,10.0,91.0,56.0
8,Opponent8,Opponent8_M4,,1H,964.924509,Pass,Cross,93.0,18.0,90.0,69.0
8,Opponent8,Opponent8_M2,,1H,971.0328830000001,Pass,Cross,83.0,6.0,0.0,0.0
8,Huskies,Huskies_D4,,1H,1043.47954,Pass,Cross,96.0,6.0,100.0,100.0
8,Huskies,Huskies_D1,,1H,1654.781831,Pass,Cross,95.0,93.0,100.0,42.0
8,Opponent8,Opponent8_M4,,1H,1820.322992,Pass,Cross,95.0,14.0,90.0,45.0
8,Opponent8,Opponent8_D4,Opponent8_M3,1H,1855.569473,Pass,Cross,83.0,7.0,90.0,43.0
8,Opponent8,Opponent8_M5,Opponent8_D3,1H,1907.880951,Pass,Cross,86.0,88.0,92.0,31.0
8,Opponent8,Opponent8_M4,,1H,2393.514061,Pass,Cross,81.0,8.0,85.0,43.0
8,Opponent8,Opponent8_M4,,2H,33.79072200000019,Pass,Cross,93.0,13.0,89.0,42.0
8,Huskies,Huskies_M6,,2H,143.78311299999996,Pass,Cross,92.0,93.0,95.0,73.0
8,Huskies,Huskies_M9,,2H,498.4144460000002,Pass,Cross,75.0,82.0,89.0,36.0
8,Opponent8,Opponent8_M2,,2H,538.8642599999998,Pass,Cross,92.0,88.0,86.0,24.0
8,Huskies,Huskies_D4,,2H,751.0845589999999,Pass,Cross,75.0,5.0,85.0,100.0
8,Opponent8,Opponent8_M4,,2H,823.887655,Pass,Cross,94.0,25.0,87.0,45.0
8,Huskies,Huskies_D4,,2H,921.6687280000001,Pass,Cross,89.0,5.0,100.0,100.0
8,Opponent8,Opponent8_M5,,2H,1071.091316,Pass,Cross,98.0,26.0,0.0,0.0
8,Opponent8,Opponent8_D4,,2H,1261.140351,Pass,Cross,90.0,4.0,91.0,27.0
8,Huskies,Huskies_F2,,2H,1693.8647790000005,Pass,Cross,84.0,95.0,87.0,44.0
8,Opponent8,Opponent8_D4,Opponent8_M5,2H,1755.7413239999996,Pass,Cross,90.0,8.0,78.0,49.0
8,Opponent8,Opponent8_M5,Opponent8_D3,2H,1818.1414219999997,Pass,Cross,95.0,82.0,92.0,36.0
8,Opponent8,Opponent8_M5,,2H,1847.0832380000002,Pass,Cross,93.0,78.0,89.0,53.0
8,Huskies,Huskies_D4,,2H,1993.9902840000004,Pass,Cross,90.0,8.0,91.0,42.0
8,Opponent8,Opponent8_M2,,2H,2185.533187,Pass,Cross,95.0,90.0,88.0,50.0
8,Opponent8,Opponent8_D1,Opponent8_F2,2H,2200.972089,Pass,Cross,98.0,73.0,92.0,54.0
8,Opponent8,Opponent8_M2,,2H,2788.1225109999996,Pass,Cross,89.0,82.0,81.0,62.0
8,Huskies,Huskies_F1,,2H,2835.5288,Pass,Cross,90.0,15.0,87.0,53.0
8,Opponent8,Opponent8_M5,,2H,2879.6523690000004,Pass,Cross,89.0,84.0,88.0,73.0
8,Huskies,Huskies_M4,,2H,2907.349462,Pass,Cross,85.0,88.0,91.0,40.0
8,Huskies,Huskies_D6,,2H,2917.0964459999996,Pass,Cross,93.0,24.0,91.0,37.0
9,Huskies,Huskies_D4,,1H,69.511653,Pass,Cross,79.0,4.0,88.0,40.0
9,Opponent9,Opponent9_M2,Opponent9_F2,1H,535.37941,Pass,Cross,93.0,68.0,93.0,52.0
9,Huskies,Huskies_D7,,1H,657.977062,Pass,Cross,83.0,94.0,88.0,58.0
9,Huskies,Huskies_F2,Huskies_D4,1H,1272.689663,Pass,Cross,96.0,88.0,91.0,29.0
9,Huskies,Huskies_D4,Huskies_F1,1H,1286.183827,Pass,Cross,91.0,12.0,95.0,45.0
9,Huskies,Huskies_M9,,1H,1393.54477,Pass,Cross,91.0,32.0,87.0,32.0
9,Huskies,Huskies_F2,Huskies_F1,1H,1550.74135,Pass,Cross,74.0,90.0,89.0,57.0
9,Opponent9,Opponent9_D2,,1H,1620.146308,Pass,Cross,95.0,10.0,100.0,100.0
9,Opponent9,Opponent9_D5,,1H,1744.38733,Pass,Cross,92.0,72.0,91.0,47.0
9,Opponent9,Opponent9_F2,,1H,2099.313669,Pass,Cross,83.0,15.0,100.0,84.0
9,Opponent9,Opponent9_F1,,1H,2321.73232,Pass,Cross,92.0,23.0,76.0,62.0
9,Opponent9,Opponent9_D4,Opponent9_M1,1H,2582.981222,Pass,Cross,87.0,12.0,86.0,37.0
9,Opponent9,Opponent9_D5,,2H,269.81003499999997,Pass,Cross,92.0,73.0,90.0,34.0
9,Opponent9,Opponent9_D3,,2H,274.0000570000002,Pass,Cross,74.0,93.0,100.0,33.0
9,Huskies,Huskies_F1,,2H,319.78108199999997,Pass,Cross,93.0,72.0,92.0,51.0
9,Opponent9,Opponent9_F1,Opponent9_M1,2H,458.4260989999998,Pass,Cross,90.0,18.0,93.0,42.0
9,Opponent9,Opponent9_D5,Opponent9_F2,2H,579.8110790000001,Pass,Cross,95.0,90.0,94.0,58.0
9,Opponent9,Opponent9_D3,Opponent9_M2,2H,596.1931530000002,Pass,Cross,95.0,89.0,89.0,57.0
9,Opponent9,Opponent9_M2,,2H,1025.377488,Pass,Cross,100.0,82.0,100.0,100.0
9,Huskies,Huskies_F1,Huskies_M6,2H,1119.746072,Pass,Cross,91.0,95.0,88.0,30.0
9,Huskies,Huskies_D4,,2H,1217.268368,Pass,Cross,84.0,7.0,93.0,45.0
9,Huskies,Huskies_M9,,2H,1229.5467019999996,Pass,Cross,95.0,84.0,93.0,0.0
9,Huskies,Huskies_D4,,2H,1642.9148020000002,Pass,Cross,90.0,11.0,91.0,54.0
9,Opponent9,Opponent9_D5,Opponent9_F1,2H,2251.7499159999998,Pass,Cross,83.0,94.0,92.0,56.0
9,Opponent9,Opponent9_M4,,2H,2371.680486,Pass,Cross,96.0,77.0,95.0,45.0
9,Huskies,Huskies_D3,,2H,2511.705312,Pass,Cross,66.0,7.0,83.0,35.0
9,Opponent9,Opponent9_F1,Opponent9_D4,2H,2594.0444589999997,Pass,Cross,95.0,78.0,91.0,43.0
10,Huskies,Huskies_D4,,1H,47.49995200000001,Pass,Cross,86.0,6.0,91.0,57.0
10,Opponent10,Opponent10_M2,,1H,421.728698,Pass,Cross,97.0,86.0,94.0,62.0
10,Opponent10,Opponent10_M2,Opponent10_D3,1H,514.116522,Pass,Cross,92.0,83.0,87.0,41.0
10,Opponent10,Opponent10_F1,Opponent10_M4,1H,562.483588,Pass,Cross,92.0,21.0,88.0,91.0
10,Opponent10,Opponent10_M4,,1H,569.558175,Pass,Cross,88.0,91.0,0.0,0.0
10,Opponent10,Opponent10_M4,,1H,574.963298,Pass,Cross,78.0,63.0,98.0,57.0
10,Huskies,Huskies_F1,,1H,932.3589870000001,Pass,Cross,82.0,12.0,100.0,100.0
10,Opponent10,Opponent10_M4,Opponent10_F1,1H,1048.965748,Pass,Cross,90.0,76.0,92.0,45.0
10,Huskies,Huskies_D7,,1H,1245.064293,Pass,Cross,90.0,89.0,91.0,49.0
10,Opponent10,Opponent10_F1,,1H,1294.181759,Pass,Cross,90.0,23.0,87.0,44.0
10,Huskies,Huskies_F2,,1H,1680.260567,Pass,Cross,67.0,84.0,31.0,52.0
10,Huskies,Huskies_F2,Huskies_M8,1H,2559.325014,Pass,Cross,68.0,22.0,77.0,33.0
10,Huskies,Huskies_M4,,2H,95.97454999999991,Pass,Cross,94.0,89.0,100.0,100.0
10,Opponent10,Opponent10_M1,Opponent10_D2,2H,680.1286989999999,Pass,Cross,90.0,5.0,95.0,34.0
10,Huskies,Huskies_D7,Huskies_F4,2H,917.3979630000003,Pass,Cross,81.0,83.0,89.0,45.0
10,Huskies,Huskies_M4,Huskies_F4,2H,958.9433769999996,Pass,Cross,85.0,86.0,89.0,48.0
10,Huskies,Huskies_F1,,2H,1128.155737,Pass,Cross,91.0,85.0,91.0,54.0
10,Huskies,Huskies_D7,Huskies_F2,2H,1310.0254450000002,Pass,Cross,72.0,81.0,89.0,37.0
10,Huskies,Huskies_D4,Huskies_F2,2H,1444.727304,Pass,Cross,79.0,5.0,88.0,37.0
10,Huskies,Huskies_D4,Huskies_F4,2H,1547.6882100000003,Pass,Cross,71.0,6.0,91.0,40.0
10,Huskies,Huskies_D4,,2H,1578.444012,Pass,Cross,79.0,4.0,88.0,88.0
10,Huskies,Huskies_F4,,2H,1737.5830230000001,Pass,Cross,92.0,96.0,100.0,63.0
10,Huskies,Huskies_D7,Huskies_F1,2H,2040.5111310000002,Pass,Cross,94.0,90.0,88.0,32.0
10,Opponent10,Opponent10_D3,,2H,2214.1869509999997,Pass,Cross,91.0,13.0,0.0,0.0
10,Huskies,Huskies_F4,,2H,2336.2723180000003,Pass,Cross,95.0,33.0,100.0,100.0
10,Opponent10,Opponent10_F1,Opponent10_M1,2H,2437.4924170000004,Pass,Cross,80.0,97.0,89.0,62.0
10,Huskies,Huskies_D7,,2H,2580.5769499999997,Pass,Cross,91.0,94.0,100.0,100.0
10,Opponent10,Opponent10_F3,,2H,2738.8714449999998,Pass,Cross,90.0,16.0,70.0,93.0
11,Opponent11,Opponent11_D1,,1H,232.892403,Pass,Cross,82.0,91.0,92.0,42.0
11,Opponent11,Opponent11_D2,,1H,241.514346,Pass,Cross,95.0,12.0,100.0,100.0
11,Opponent11,Opponent11_D2,,1H,719.679448,Pass,Cross,85.0,3.0,95.0,47.0
11,Opponent11,Opponent11_M1,,1H,962.6064859999999,Pass,Cross,87.0,11.0,100.0,63.0
11,Huskies,Huskies_M6,,1H,1013.9932180000001,Pass,Cross,93.0,89.0,93.0,29.0
11,Huskies,Huskies_D7,,1H,1036.466471,Pass,Cross,77.0,95.0,92.0,63.0
11,Opponent11,Opponent11_M1,,1H,1289.465428,Pass,Cross,90.0,15.0,94.0,45.0
11,Opponent11,Opponent11_F1,,1H,1495.987325,Pass,Cross,95.0,13.0,100.0,100.0
11,Opponent11,Opponent11_D1,Opponent11_F2,1H,1644.657096,Pass,Cross,92.0,72.0,94.0,53.0
11,Opponent11,Opponent11_D2,,1H,1681.761954,Pass,Cross,87.0,7.0,96.0,44.0
11,Opponent11,Opponent11_D1,,1H,1928.720883,Pass,Cross,83.0,92.0,90.0,36.0
11,Opponent11,Opponent11_M3,Opponent11_F1,1H,2134.327182,Pass,Cross,69.0,72.0,98.0,34.0
11,Opponent11,Opponent11_M3,,1H,2439.349936,Pass,Cross,85.0,90.0,90.0,59.0
11,Opponent11,Opponent11_D1,,1H,2459.65014,Pass,Cross,93.0,74.0,88.0,34.0
11,Opponent11,Opponent11_M3,,1H,2744.66641,Pass,Cross,99.0,74.0,90.0,61.0
11,Opponent11,Opponent11_D2,Opponent11_F2,2H,127.17832099999987,Pass,Cross,97.0,27.0,93.0,46.0
11,Opponent11,Opponent11_D1,,2H,173.2819760000002,Pass,Cross,96.0,87.0,100.0,100.0
11,Huskies,Huskies_F2,Huskies_F4,2H,481.0108730000002,Pass,Cross,97.0,29.0,97.0,48.0
11,Opponent11,Opponent11_F1,,2H,966.4637640000001,Pass,Cross,97.0,11.0,100.0,100.0
11,Opponent11,Opponent11_F2,Opponent11_M4,2H,1055.6155239999998,Pass,Cross,95.0,14.0,90.0,58.0
11,Opponent11,Opponent11_D1,,2H,1064.0336580000003,Pass,Cross,96.0,84.0,100.0,100.0
11,Huskies,Huskies_F1,Huskies_F4,2H,1654.048844,Pass,Cross,89.0,5.0,90.0,42.0
11,Huskies,Huskies_M10,,2H,2279.931367,Pass,Cross,86.0,84.0,0.0,0.0
11,Huskies,Huskies_F4,,2H,2325.340545,Pass,Cross,95.0,75.0,97.0,57.0
11,Opponent11,Opponent11_M4,,2H,2400.1710940000003,Pass,Cross,90.0,30.0,90.0,52.0
11,Opponent11,Opponent11_D2,,2H,2557.20713,Pass,Cross,95.0,11.0,100.0,100.0
11,Opponent11,Opponent11_F1,,2H,2837.2985559999997,Pass,Cross,90.0,10.0,100.0,100.0
11,Opponent11,Opponent11_M2,,2H,2862.5489960000004,Pass,Cross,72.0,7.0,100.0,67.0
11,Huskies,Huskies_M10,,2H,3070.9484599999996,Pass,Cross,92.0,8.0,0.0,0.0
11,Opponent11,Opponent11_D1,,2H,3193.603629,Pass,Cross,65.0,90.0,100.0,100.0
11,Opponent11,Opponent11_M2,,2H,3246.9805960000003,Pass,Cross,92.0,71.0,93.0,50.0
12,Opponent12,Opponent12_D2,,1H,385.84891400000004,Pass,Cross,77.0,86.0,89.0,41.0
12,Opponent12,Opponent12_M3,,1H,439.175155,Pass,Cross,86.0,87.0,92.0,47.0
12,Opponent12,Opponent12_M6,,1H,651.915135,Pass,Cross,97.0,28.0,0.0,0.0
12,Opponent12,Opponent12_M1,,1H,787.873877,Pass,Cross,91.0,79.0,94.0,46.0
12,Opponent12,Opponent12_D2,,1H,864.287064,Pass,Cross,82.0,90.0,0.0,0.0
12,Opponent12,Opponent12_D1,,1H,1089.879268,Pass,Cross,91.0,89.0,0.0,0.0
12,Huskies,Huskies_M8,,1H,1159.292163,Pass,Cross,92.0,94.0,91.0,63.0
12,Opponent12,Opponent12_D2,,1H,1826.898974,Pass,Cross,95.0,89.0,91.0,57.0
12,Opponent12,Opponent12_M2,,1H,1836.164365,Pass,Cross,74.0,90.0,79.0,59.0
12,Huskies,Huskies_D3,,1H,1923.1097920000002,Pass,Cross,92.0,87.0,97.0,11.0
12,Opponent12,Opponent12_M3,Opponent12_M1,1H,1962.0524580000001,Pass,Cross,89.0,85.0,86.0,64.0
12,Opponent12,Opponent12_D2,Opponent12_M6,1H,2062.426602,Pass,Cross,90.0,87.0,94.0,46.0
12,Opponent12,Opponent12_M3,,1H,2264.232011,Pass,Cross,76.0,70.0,95.0,52.0
12,Opponent12,Opponent12_D4,,1H,2683.92757,Pass,Cross,91.0,2.0,0.0,0.0
12,Huskies,Huskies_M8,Huskies_D4,2H,125.77424999999994,Pass,Cross,96.0,90.0,83.0,3.0
12,Huskies,Huskies_M6,Huskies_F1,2H,134.25166799999988,Pass,Cross,97.0,29.0,92.0,46.0
12,Opponent12,Opponent12_D2,,2H,390.538599,Pass,Cross,75.0,86.0,92.0,47.0
12,Huskies,Huskies_F1,Huskies_M6,2H,1356.988104,Pass,Cross,92.0,93.0,89.0,28.0
12,Opponent12,Opponent12_D2,,2H,1571.8275409999997,Pass,Cross,81.0,95.0,0.0,0.0
12,Opponent12,Opponent12_D2,,2H,1643.4516270000004,Pass,Cross,88.0,95.0,92.0,59.0
12,Opponent12,Opponent12_M3,,2H,1655.1864050000004,Pass,Cross,69.0,25.0,89.0,71.0
12,Opponent12,Opponent12_D4,,2H,1949.2644529999998,Pass,Cross,94.0,12.0,93.0,42.0
12,Opponent12,Opponent12_D4,,2H,1983.2840180000003,Pass,Cross,99.0,14.0,93.0,56.0
12,Huskies,Huskies_F3,,2H,2027.4005889999999,Pass,Cross,99.0,89.0,94.0,42.0
12,Huskies,Huskies_M6,,2H,2078.6995880000004,Pass,Cross,80.0,72.0,67.0,5.0
12,Opponent12,Opponent12_M1,,2H,2575.6166810000004,Pass,Cross,75.0,97.0,89.0,43.0
12,Huskies,Huskies_D7,,2H,2618.1117679999998,Pass,Cross,91.0,93.0,94.0,40.0
12,Opponent12,Opponent12_M6,Opponent12_F1,2H,2871.6801459999997,Pass,Cross,85.0,11.0,88.0,61.0
13,Opponent13,Opponent13_D3,,1H,338.43305999999995,Pass,Cross,92.0,94.0,0.0,0.0
13,Huskies,Huskies_M5,,1H,417.77368,Pass,Cross,98.0,80.0,88.0,60.0
13,Opponent13,Opponent13_D3,,1H,451.27766599999995,Pass,Cross,75.0,76.0,93.0,29.0
13,Opponent13,Opponent13_M4,,1H,523.410115,Pass,Cross,97.0,76.0,32.0,94.0
13,Opponent13,Opponent13_D3,Opponent13_F1,1H,655.137384,Pass,Cross,96.0,94.0,91.0,54.0
13,Huskies,Huskies_D7,,1H,780.660924,Pass,Cross,86.0,86.0,94.0,49.0
13,Opponent13,Opponent13_M4,,1H,922.6578030000001,Pass,Cross,70.0,82.0,89.0,58.0
13,Huskies,Huskies_F1,,1H,1010.4647130000001,Pass,Cross,96.0,10.0,100.0,100.0
13,Opponent13,Opponent13_M4,,1H,1216.566602,Pass,Cross,85.0,96.0,85.0,47.0
13,Opponent13,Opponent13_M1,,1H,1320.08118,Pass,Cross,93.0,23.0,72.0,24.0
13,Opponent13,Opponent13_M5,,1H,1343.260005,Pass,Cross,77.0,91.0,96.0,55.0
13,Opponent13,Opponent13_D3,,1H,1536.583848,Pass,Cross,97.0,96.0,94.0,31.0
13,Opponent13,Opponent13_M1,,1H,1822.909165,Pass,Cross,92.0,16.0,97.0,37.0
13,Opponent13,Opponent13_M5,,1H,2070.80822,Pass,Cross,84.0,12.0,93.0,60.0
13,Opponent13,Opponent13_M3,,1H,2132.298471,Pass,Cross,88.0,82.0,0.0,0.0
13,Huskies,Huskies_M6,,1H,2319.296747,Pass,Cross,71.0,22.0,100.0,67.0
13,Opponent13,Opponent13_M5,Opponent13_M4,1H,2544.388281,Pass,Cross,86.0,87.0,98.0,30.0
13,Opponent13,Opponent13_D4,,2H,113.31332199999997,Pass,Cross,98.0,23.0,97.0,37.0
13,Opponent13,Opponent13_D4,,2H,352.4066990000001,Pass,Cross,71.0,13.0,88.0,39.0
13,Opponent13,Opponent13_D4,,2H,409.479883,Pass,Cross,96.0,12.0,94.0,32.0
13,Opponent13,Opponent13_M1,Opponent13_F1,2H,772.7741329999999,Pass,Cross,98.0,6.0,97.0,44.0
13,Opponent13,Opponent13_D4,,2H,901.3733969999998,Pass,Cross,88.0,4.0,0.0,0.0
13,Opponent13,Opponent13_M5,,2H,916.8278380000002,Pass,Cross,81.0,19.0,0.0,0.0
13,Opponent13,Opponent13_D3,,2H,1193.164205,Pass,Cross,98.0,73.0,0.0,0.0
13,Huskies,Huskies_D7,Huskies_F1,2H,1618.2808610000002,Pass,Cross,96.0,10.0,92.0,42.0
13,Opponent13,Opponent13_M4,,2H,1793.1415639999996,Pass,Cross,72.0,83.0,90.0,69.0
13,Opponent13,Opponent13_M4,,2H,2264.141469,Pass,Cross,87.0,86.0,93.0,66.0
13,Opponent13,Opponent13_D3,,2H,2651.087695,Pass,Cross,73.0,91.0,92.0,38.0
13,Opponent13,Opponent13_F2,,2H,2792.0590979999997,Pass,Cross,81.0,4.0,91.0,43.0
13,Opponent13,Opponent13_M4,,2H,2823.561839,Pass,Cross,99.0,97.0,0.0,0.0
13,Opponent13,Opponent13_M4,,2H,2915.939791,Pass,Cross,90.0,86.0,88.0,65.0
13,Opponent13,Opponent13_M4,,2H,2927.339565,Pass,Cross,98.0,90.0,94.0,64.0
14,Opponent14,Opponent14_D5,,1H,430.86579800000004,Pass,Cross,96.0,21.0,100.0,100.0
14,Huskies,Huskies_D5,Huskies_M4,1H,729.481206,Pass,Cross,82.0,7.0,87.0,55.0
14,Opponent14,Opponent14_D1,,1H,855.388365,Pass,Cross,93.0,93.0,90.0,39.0
14,Opponent14,Opponent14_D1,,1H,864.8082340000001,Pass,Cross,92.0,72.0,88.0,48.0
14,Huskies,Huskies_D7,,1H,919.3494370000001,Pass,Cross,90.0,89.0,0.0,0.0
14,Opponent14,Opponent14_F1,,1H,1129.139244,Pass,Cross,94.0,93.0,91.0,32.0
14,Opponent14,Opponent14_D5,,1H,1339.416928,Pass,Cross,91.0,6.0,94.0,42.0
14,Huskies,Huskies_M4,Huskies_D7,1H,1653.635613,Pass,Cross,91.0,72.0,91.0,63.0
14,Opponent14,Opponent14_D5,,1H,1867.0351759999999,Pass,Cross,83.0,11.0,100.0,100.0
14,Huskies,Huskies_M6,,1H,2067.382565,Pass,Cross,93.0,23.0,90.0,35.0
14,Huskies,Huskies_D7,,1H,2144.971419,Pass,Cross,85.0,91.0,92.0,39.0
14,Huskies,Huskies_D5,Huskies_M4,1H,2177.516933,Pass,Cross,95.0,13.0,92.0,51.0
14,Opponent14,Opponent14_D5,,1H,2486.525826,Pass,Cross,75.0,3.0,96.0,27.0
14,Opponent14,Opponent14_D2,,1H,2494.158166,Pass,Cross,97.0,3.0,100.0,100.0
14,Opponent14,Opponent14_D1,Opponent14_M3,1H,2750.981425,Pass,Cross,83.0,86.0,92.0,43.0
14,Opponent14,Opponent14_F2,,2H,16.953847000000223,Pass,Cross,94.0,97.0,100.0,100.0
14,Opponent14,Opponent14_F1,,2H,139.2330750000001,Pass,Cross,98.0,78.0,100.0,100.0
14,Opponent14,Opponent14_D2,,2H,211.1769760000002,Pass,Cross,94.0,12.0,90.0,67.0
14,Opponent14,Opponent14_D2,,2H,270.17307100000016,Pass,Cross,78.0,11.0,91.0,41.0
14,Opponent14,Opponent14_D1,Opponent14_F2,2H,277.14349200000015,Pass,Cross,72.0,87.0,90.0,61.0
14,Opponent14,Opponent14_D5,,2H,308.9544070000002,Pass,Cross,94.0,12.0,96.0,41.0
14,Opponent14,Opponent14_D5,,2H,406.3192899999999,Pass,Cross,84.0,6.0,95.0,36.0
14,Opponent14,Opponent14_D1,,2H,453.6848359999999,Pass,Cross,82.0,97.0,89.0,65.0
14,Huskies,Huskies_D7,,2H,628.109242,Pass,Cross,97.0,86.0,99.0,75.0
14,Opponent14,Opponent14_F1,,2H,750.3419279999998,Pass,Cross,90.0,72.0,78.0,77.0
14,Opponent14,Opponent14_M1,,2H,769.2231670000001,Pass,Cross,89.0,93.0,92.0,59.0
14,Opponent14,Opponent14_D5,,2H,843.4936980000002,Pass,Cross,97.0,16.0,100.0,41.0
14,Opponent14,Opponent14_D5,,2H,1079.7785629999998,Pass,Cross,92.0,17.0,89.0,41.0
14,Opponent14,Opponent14_F4,,2H,1243.701446,Pass,Cross,89.0,73.0,87.0,23.0
14,Opponent14,Opponent14_M1,,2H,1355.5692069999996,Pass,Cross,71.0,23.0,87.0,45.0
14,Huskies,Huskies_M8,,2H,1639.1981189999997,Pass,Cross,87.0,18.0,87.0,35.0
14,Opponent14,Opponent14_D5,,2H,1717.620844,Pass,Cross,94.0,13.0,94.0,32.0
14,Huskies,Huskies_D7,Huskies_F1,2H,1819.845421,Pass,Cross,88.0,73.0,90.0,54.0
14,Opponent14,Opponent14_F3,Opponent14_F2,2H,2253.065262,Pass,Cross,100.0,90.0,87.0,41.0
14,Huskies,Huskies_M6,,2H,2453.7733900000003,Pass,Cross,85.0,85.0,91.0,51.0
14,Opponent14,Opponent14_D2,,2H,2539.4559390000004,Pass,Cross,80.0,6.0,91.0,35.0
14,Huskies,Huskies_M6,Huskies_M4,2H,2780.799927,Pass,Cross,89.0,91.0,86.0,71.0
14,Huskies,Huskies_M6,,2H,2879.061477,Pass,Cross,93.0,87.0,0.0,0.0
15,Opponent15,Opponent15_M3,,1H,375.80666299999996,Pass,Cross,75.0,3.0,86.0,44.0
15,Opponent15,Opponent15_F3,,1H,599.794241,Pass,Cross,93.0,79.0,100.0,23.0
15,Opponent15,Opponent15_F1,,1H,772.705864,Pass,Cross,87.0,4.0,100.0,100.0
15,Opponent15,Opponent15_M3,,1H,883.7384689999999,Pass,Cross,64.0,14.0,91.0,60.0
15,Opponent15,Opponent15_F3,,1H,904.9723349999999,Pass,Cross,98.0,88.0,100.0,89.0
15,Huskies,Huskies_M8,,1H,1322.351483,Pass,Cross,95.0,88.0,93.0,73.0
15,Opponent15,Opponent15_D2,,1H,1470.690646,Pass,Cross,85.0,85.0,100.0,100.0
15,Opponent15,Opponent15_F1,,1H,1788.964905,Pass,Cross,72.0,15.0,86.0,50.0
15,Opponent15,Opponent15_D2,,1H,1809.735443,Pass,Cross,88.0,90.0,88.0,54.0
15,Opponent15,Opponent15_M3,,1H,1888.7638430000002,Pass,Cross,86.0,89.0,88.0,55.0
15,Huskies,Huskies_D7,Huskies_M6,1H,2527.57876,Pass,Cross,90.0,97.0,88.0,40.0
15,Huskies,Huskies_D7,Huskies_M4,1H,2538.483614,Pass,Cross,73.0,92.0,45.0,32.0
15,Opponent15,Opponent15_M2,,1H,2852.980528,Pass,Cross,67.0,11.0,88.0,62.0
15,Huskies,Huskies_D7,,2H,411.1905069999998,Pass,Cross,84.0,96.0,87.0,75.0
15,Opponent15,Opponent15_M1,,2H,536.1918009999999,Pass,Cross,88.0,12.0,88.0,100.0
15,Opponent15,Opponent15_F1,,2H,590.9238489999998,Pass,Cross,89.0,80.0,92.0,52.0
15,Huskies,Huskies_D5,,2H,726.7443629999998,Pass,Cross,76.0,4.0,92.0,79.0
15,Opponent15,Opponent15_D4,,2H,753.5641150000001,Pass,Cross,90.0,10.0,100.0,100.0
15,Opponent15,Opponent15_D4,,2H,877.734528,Pass,Cross,94.0,10.0,100.0,100.0
15,Opponent15,Opponent15_M3,,2H,910.0848260000002,Pass,Cross,78.0,8.0,100.0,100.0
15,Opponent15,Opponent15_M1,,2H,920.6263520000002,Pass,Cross,75.0,9.0,100.0,100.0
15,Huskies,Huskies_D7,,2H,973.0365019999999,Pass,Cross,95.0,72.0,0.0,0.0
15,Huskies,Huskies_M6,,2H,1120.7982330000004,Pass,Cross,79.0,75.0,0.0,0.0
15,Opponent15,Opponent15_D2,,2H,1812.9027340000002,Pass,Cross,78.0,98.0,90.0,51.0
15,Opponent15,Opponent15_M3,,2H,2166.750943,Pass,Cross,83.0,14.0,100.0,100.0
15,Opponent15,Opponent15_M4,,2H,2718.1608130000004,Pass,Cross,81.0,78.0,93.0,70.0
16,Opponent16,Opponent16_D3,,1H,317.117083,Pass,Cross,85.0,11.0,89.0,48.0
16,Opponent16,Opponent16_D3,,1H,457.909582,Pass,Cross,82.0,11.0,0.0,0.0
16,Opponent16,Opponent16_F2,Opponent16_M3,1H,552.351333,Pass,Cross,96.0,85.0,90.0,38.0
16,Opponent16,Opponent16_F1,,1H,1081.158778,Pass,Cross,96.0,25.0,0.0,0.0
16,Opponent16,Opponent16_D3,Opponent16_F2,1H,1144.208767,Pass,Cross,91.0,8.0,87.0,93.0
16,Opponent16,Opponent16_M2,,1H,1153.976692,Pass,Cross,75.0,89.0,0.0,0.0
16,Opponent16,Opponent16_D2,,1H,1186.515282,Pass,Cross,83.0,93.0,90.0,66.0
16,Opponent16,Opponent16_M3,,1H,1242.089115,Pass,Cross,84.0,10.0,93.0,63.0
16,Opponent16,Opponent16_D2,,1H,1477.514802,Pass,Cross,80.0,94.0,95.0,32.0
16,Opponent16,Opponent16_M3,,1H,1572.665857,Pass,Cross,77.0,13.0,90.0,42.0
16,Opponent16,Opponent16_D3,,1H,1604.891943,Pass,Cross,78.0,11.0,0.0,0.0
16,Opponent16,Opponent16_D3,,1H,1913.9276340000001,Pass,Cross,85.0,11.0,92.0,41.0
16,Opponent16,Opponent16_M2,,1H,1930.7193269999998,Pass,Cross,82.0,74.0,96.0,13.0
16,Opponent16,Opponent16_M2,,1H,2315.535898,Pass,Cross,79.0,91.0,96.0,44.0
16,Opponent16,Opponent16_D2,,1H,2437.666526,Pass,Cross,95.0,73.0,0.0,0.0
16,Opponent16,Opponent16_D2,,1H,2439.836626,Pass,Cross,99.0,73.0,97.0,77.0
16,Opponent16,Opponent16_M3,,1H,2690.604135,Pass,Cross,80.0,9.0,89.0,55.0
16,Opponent16,Opponent16_M1,,1H,2695.982871,Pass,Cross,78.0,90.0,90.0,68.0
16,Opponent16,Opponent16_M2,Opponent16_F3,2H,158.22403399999985,Pass,Cross,92.0,80.0,94.0,40.0
16,Opponent16,Opponent16_M3,Opponent16_F2,2H,196.7587739999999,Pass,Cross,89.0,90.0,92.0,37.0
16,Opponent16,Opponent16_F3,,2H,341.299853,Pass,Cross,93.0,77.0,90.0,39.0
16,Opponent16,Opponent16_M2,,2H,458.3764930000002,Pass,Cross,76.0,11.0,88.0,45.0
16,Opponent16,Opponent16_F2,,2H,523.339371,Pass,Cross,98.0,75.0,0.0,0.0
16,Opponent16,Opponent16_D3,,2H,849.6081650000001,Pass,Cross,94.0,3.0,89.0,69.0
16,Opponent16,Opponent16_M2,,2H,1062.915086,Pass,Cross,91.0,94.0,98.0,53.0
16,Opponent16,Opponent16_F3,,2H,1078.5094259999996,Pass,Cross,97.0,35.0,0.0,0.0
16,Opponent16,Opponent16_F1,Opponent16_M2,2H,1446.6614980000004,Pass,Cross,87.0,11.0,87.0,93.0
16,Huskies,Huskies_D7,,2H,1600.42162,Pass,Cross,86.0,93.0,90.0,37.0
16,Huskies,Huskies_D7,,2H,1647.163603,Pass,Cross,72.0,83.0,100.0,100.0
16,Opponent16,Opponent16_M3,Opponent16_F3,2H,1975.4113909999996,Pass,Cross,80.0,5.0,89.0,45.0
16,Huskies,Huskies_M8,,2H,2071.32445,Pass,Cross,96.0,93.0,100.0,100.0
16,Opponent16,Opponent16_F1,,2H,2145.3739079999996,Pass,Cross,97.0,78.0,91.0,58.0
16,Opponent16,Opponent16_M3,Opponent16_F3,2H,2161.541263,Pass,Cross,96.0,85.0,91.0,54.0
16,Opponent16,Opponent16_F6,,2H,2461.7787,Pass,Cross,81.0,8.0,97.0,76.0
16,Opponent16,Opponent16_F1,,2H,2664.381622,Pass,Cross,80.0,86.0,91.0,47.0
16,Opponent16,Opponent16_D2,,2H,2724.4340380000003,Pass,Cross,77.0,95.0,0.0,0.0
16,Opponent16,Opponent16_D3,,2H,2738.481935,Pass,Cross,78.0,12.0,98.0,64.0
16,Opponent16,Opponent16_D2,,2H,2834.394929,Pass,Cross,69.0,93.0,91.0,57.0
16,Opponent16,Opponent16_D2,Opponent16_D3,2H,2862.4479549999996,Pass,Cross,93.0,86.0,92.0,10.0
17,Opponent17,Opponent17_M1,,1H,13.909035999999986,Pass,Cross,74.0,13.0,92.0,62.0
17,Opponent17,Opponent17_D2,,1H,49.798518,Pass,Cross,84.0,89.0,0.0,0.0
17,Opponent17,Opponent17_M4,Opponent17_M3,1H,229.78624200000002,Pass,Cross,86.0,88.0,93.0,51.0
17,Opponent17,Opponent17_D4,,1H,251.279112,Pass,Cross,89.0,16.0,91.0,41.0
17,Opponent17,Opponent17_M5,,1H,332.86673199999996,Pass,Cross,74.0,6.0,90.0,64.0
17,Opponent17,Opponent17_M3,Opponent17_M2,1H,884.680106,Pass,Cross,89.0,79.0,94.0,37.0
17,Opponent17,Opponent17_M5,,1H,897.109606,Pass,Cross,71.0,27.0,93.0,67.0
17,Opponent17,Opponent17_M1,,1H,939.362108,Pass,Cross,96.0,93.0,96.0,63.0
17,Opponent17,Opponent17_M2,,1H,1105.281505,Pass,Cross,82.0,1.0,96.0,100.0
17,Huskies,Huskies_D5,,1H,1476.999553,Pass,Cross,82.0,8.0,97.0,86.0
17,Opponent17,Opponent17_M4,,1H,1509.013688,Pass,Cross,78.0,81.0,91.0,53.0
17,Huskies,Huskies_F1,Huskies_M8,1H,1571.27337,Pass,Cross,89.0,85.0,90.0,50.0
17,Opponent17,Opponent17_M1,,1H,1769.242695,Pass,Cross,89.0,14.0,0.0,0.0
17,Huskies,Huskies_M6,,1H,1890.02749,Pass,Cross,91.0,85.0,96.0,51.0
17,Opponent17,Opponent17_D4,,1H,2149.775169,Pass,Cross,86.0,10.0,89.0,34.0
17,Opponent17,Opponent17_M4,,1H,2322.166645,Pass,Cross,81.0,81.0,91.0,52.0
17,Huskies,Huskies_D7,Huskies_M6,1H,2425.945765,Pass,Cross,99.0,86.0,92.0,48.0
17,Opponent17,Opponent17_D2,,1H,2488.724807,Pass,Cross,88.0,91.0,92.0,37.0
17,Huskies,Huskies_M6,,2H,76.42539600000009,Pass,Cross,83.0,1.0,100.0,61.0
17,Opponent17,Opponent17_M1,Opponent17_F1,2H,397.9140779999998,Pass,Cross,87.0,96.0,96.0,59.0
17,Opponent17,Opponent17_M1,Opponent17_M2,2H,421.38392699999986,Pass,Cross,76.0,90.0,90.0,44.0
17,Opponent17,Opponent17_D2,,2H,1099.8111550000003,Pass,Cross,95.0,93.0,95.0,45.0
17,Opponent17,Opponent17_D3,,2H,1117.440982,Pass,Cross,72.0,31.0,87.0,56.0
17,Opponent17,Opponent17_D2,Opponent17_F2,2H,2237.879089,Pass,Cross,89.0,93.0,94.0,45.0
17,Opponent17,Opponent17_M6,,2H,2244.6690580000004,Pass,Cross,92.0,26.0,0.0,0.0
18,Huskies,Huskies_F2,,1H,810.818419,Pass,Cross,76.0,87.0,86.0,30.0
18,Opponent18,Opponent18_D4,,1H,1245.843288,Pass,Cross,91.0,7.0,94.0,41.0
18,Huskies,Huskies_M6,,1H,1430.435832,Pass,Cross,94.0,12.0,0.0,0.0
18,Huskies,Huskies_F2,,1H,1881.347573,Pass,Cross,76.0,15.0,89.0,60.0
18,Opponent18,Opponent18_D3,,1H,2052.903064,Pass,Cross,85.0,94.0,100.0,100.0
18,Huskies,Huskies_D5,,1H,2581.226361,Pass,Cross,82.0,4.0,89.0,75.0
18,Huskies,Huskies_M6,,1H,2709.387345,Pass,Cross,78.0,90.0,91.0,72.0
18,Huskies,Huskies_F1,,2H,376.3727600000002,Pass,Cross,89.0,11.0,87.0,49.0
18,Opponent18,Opponent18_M1,,2H,499.7398640000001,Pass,Cross,85.0,15.0,100.0,70.0
18,Huskies,Huskies_M8,,2H,701.4314760000002,Pass,Cross,95.0,72.0,0.0,0.0
18,Opponent18,Opponent18_M5,,2H,1052.32532,Pass,Cross,93.0,17.0,100.0,100.0
18,Opponent18,Opponent18_F2,,2H,1210.3304790000002,Pass,Cross,94.0,75.0,97.0,41.0
18,Opponent18,Opponent18_M1,,2H,1247.03107,Pass,Cross,93.0,10.0,93.0,34.0
18,Huskies,Huskies_M6,,2H,1803.9689479999997,Pass,Cross,94.0,4.0,0.0,0.0
18,Opponent18,Opponent18_M1,,2H,1990.9806939999999,Pass,Cross,68.0,75.0,81.0,50.0
18,Opponent18,Opponent18_D4,,2H,2467.277011,Pass,Cross,87.0,7.0,93.0,43.0
18,Opponent18,Opponent18_M3,,2H,2499.7680229999996,Pass,Cross,92.0,89.0,92.0,39.0
19,Opponent3,Opponent3_M2,,1H,64.38648,Pass,Cross,78.0,95.0,91.0,48.0
19,Huskies,Huskies_M8,Huskies_M6,1H,326.221018,Pass,Cross,89.0,82.0,86.0,55.0
19,Opponent3,Opponent3_F2,,1H,426.971954,Pass,Cross,90.0,6.0,94.0,51.0
19,Opponent3,Opponent3_D4,,1H,435.536292,Pass,Cross,89.0,31.0,89.0,42.0
19,Huskies,Huskies_D5,Huskies_F1,1H,478.927734,Pass,Cross,84.0,6.0,94.0,53.0
19,Opponent3,Opponent3_D4,,1H,561.820236,Pass,Cross,91.0,8.0,96.0,59.0
19,Opponent3,Opponent3_F4,,1H,568.026696,Pass,Cross,94.0,88.0,95.0,48.0
19,Opponent3,Opponent3_M2,,1H,747.813622,Pass,Cross,92.0,80.0,100.0,100.0
19,Opponent3,Opponent3_F4,,1H,830.403422,Pass,Cross,97.0,25.0,81.0,45.0
19,Opponent3,Opponent3_D2,,1H,937.9286219999999,Pass,Cross,82.0,89.0,84.0,60.0
19,Opponent3,Opponent3_M2,,1H,1153.381142,Pass,Cross,87.0,87.0,88.0,0.0
19,Opponent3,Opponent3_M2,,1H,1852.596329,Pass,Cross,95.0,84.0,100.0,100.0
19,Huskies,Huskies_D7,Huskies_M6,1H,2183.030558,Pass,Cross,80.0,83.0,89.0,59.0
19,Opponent3,Opponent3_M4,,1H,2385.154581,Pass,Cross,92.0,19.0,92.0,54.0
19,Opponent3,Opponent3_D4,,1H,2514.355303,Pass,Cross,90.0,20.0,85.0,65.0
19,Opponent3,Opponent3_M2,Opponent3_M4,1H,2712.787475,Pass,Cross,78.0,81.0,86.0,53.0
19,Opponent3,Opponent3_M2,,2H,17.221938000000137,Pass,Cross,89.0,83.0,89.0,65.0
19,Opponent3,Opponent3_M2,,2H,50.03071600000021,Pass,Cross,93.0,90.0,93.0,47.0
19,Opponent3,Opponent3_F4,Opponent3_M2,2H,93.4767609999999,Pass,Cross,97.0,27.0,97.0,71.0
19,Huskies,Huskies_D7,,2H,168.97403600000007,Pass,Cross,92.0,90.0,88.0,47.0
19,Huskies,Huskies_D7,,2H,631.9887829999998,Pass,Cross,89.0,94.0,0.0,0.0
19,Huskies,Huskies_D3,,2H,936.9107829999998,Pass,Cross,84.0,3.0,86.0,39.0
19,Opponent3,Opponent3_M5,,2H,1207.0320060000004,Pass,Cross,94.0,29.0,100.0,100.0
19,Opponent3,Opponent3_M2,,2H,1242.4486530000004,Pass,Cross,96.0,87.0,92.0,45.0
19,Opponent3,Opponent3_M2,,2H,1265.365495,Pass,Cross,97.0,78.0,93.0,66.0
19,Opponent3,Opponent3_M2,,2H,1437.827077,Pass,Cross,95.0,86.0,75.0,80.0
19,Opponent3,Opponent3_D4,,2H,1575.4948610000001,Pass,Cross,90.0,14.0,100.0,100.0
19,Opponent3,Opponent3_M2,,2H,1799.8836430000001,Pass,Cross,92.0,96.0,94.0,55.0
19,Opponent3,Opponent3_D4,,2H,1808.551383,Pass,Cross,94.0,10.0,100.0,100.0
19,Opponent3,Opponent3_M1,,2H,1897.753036,Pass,Cross,72.0,87.0,90.0,58.0
19,Huskies,Huskies_D7,Huskies_F1,2H,1997.9712330000002,Pass,Cross,82.0,83.0,87.0,49.0
19,Opponent3,Opponent3_D2,,2H,2050.582458,Pass,Cross,74.0,82.0,95.0,51.0
19,Opponent3,Opponent3_M2,,2H,2081.401154,Pass,Cross,92.0,83.0,89.0,77.0
19,Opponent3,Opponent3_D6,,2H,2133.204457,Pass,Cross,95.0,95.0,88.0,55.0
19,Opponent3,Opponent3_F4,,2H,2165.1773279999998,Pass,Cross,99.0,35.0,93.0,59.0
19,Opponent3,Opponent3_D6,,2H,2185.4083090000004,Pass,Cross,90.0,74.0,93.0,48.0
19,Opponent3,Opponent3_D6,,2H,2585.169253,Pass,Cross,97.0,92.0,100.0,40.0
19,Huskies,Huskies_F3,Huskies_M3,2H,2672.5161820000003,Pass,Cross,84.0,79.0,73.0,64.0
19,Huskies,Huskies_F3,,2H,2681.6348930000004,Pass,Cross,87.0,89.0,0.0,0.0
19,Opponent3,Opponent3_D4,,2H,2736.6052170000003,Pass,Cross,78.0,7.0,87.0,46.0
19,Opponent3,Opponent3_D6,,2H,2774.613714,Pass,Cross,90.0,85.0,100.0,38.0
19,Opponent3,Opponent3_M1,,2H,2829.583879,Pass,Cross,82.0,94.0,93.0,52.0
19,Opponent3,Opponent3_M3,,2H,2836.642033,Pass,Cross,89.0,17.0,92.0,49.0
19,Opponent3,Opponent3_D1,,2H,2844.5256579999996,Pass,Cross,73.0,76.0,93.0,46.0
19,Opponent3,Opponent3_D6,,2H,2930.2033460000002,Pass,Cross,87.0,98.0,100.0,100.0
20,Opponent19,Opponent19_F1,Opponent19_F2,1H,307.921959,Pass,Cross,82.0,3.0,95.0,52.0
20,Huskies,Huskies_F1,,1H,520.607223,Pass,Cross,98.0,89.0,87.0,43.0
20,Opponent19,Opponent19_M4,Opponent19_M3,1H,562.610253,Pass,Cross,91.0,93.0,92.0,46.0
20,Opponent19,Opponent19_M3,Opponent19_F2,1H,576.493858,Pass,Cross,94.0,20.0,96.0,67.0
20,Opponent19,Opponent19_D4,,1H,585.798947,Pass,Cross,96.0,82.0,0.0,0.0
20,Opponent19,Opponent19_M3,,1H,720.85883,Pass,Cross,68.0,30.0,90.0,83.0
20,Opponent19,Opponent19_M4,,1H,738.669178,Pass,Cross,85.0,91.0,0.0,0.0
20,Huskies,Huskies_M12,,1H,1001.2017330000001,Pass,Cross,72.0,91.0,93.0,69.0
20,Opponent19,Opponent19_F1,,1H,1024.143411,Pass,Cross,96.0,16.0,0.0,0.0
20,Opponent19,Opponent19_M3,,1H,1071.690656,Pass,Cross,90.0,81.0,0.0,0.0
20,Opponent19,Opponent19_M4,Opponent19_D4,1H,1076.427112,Pass,Cross,93.0,13.0,94.0,52.0
20,Huskies,Huskies_M12,,1H,1164.249838,Pass,Cross,90.0,90.0,90.0,33.0
20,Opponent19,Opponent19_D4,Opponent19_M2,1H,1331.538343,Pass,Cross,72.0,92.0,89.0,63.0
20,Opponent19,Opponent19_D1,Opponent19_F2,1H,1375.104457,Pass,Cross,87.0,9.0,89.0,40.0
20,Huskies,Huskies_M4,,1H,1455.958228,Pass,Cross,76.0,16.0,91.0,38.0
20,Huskies,Huskies_D7,,1H,1629.470535,Pass,Cross,92.0,87.0,92.0,69.0
20,Huskies,Huskies_M12,,1H,1649.894839,Pass,Cross,86.0,18.0,93.0,44.0
20,Opponent19,Opponent19_M4,,1H,1729.302796,Pass,Cross,85.0,75.0,0.0,0.0
20,Opponent19,Opponent19_M3,,1H,1785.971422,Pass,Cross,77.0,81.0,89.0,64.0
20,Huskies,Huskies_D5,Huskies_F1,1H,2083.644165,Pass,Cross,79.0,8.0,89.0,42.0
20,Opponent19,Opponent19_M3,,1H,2168.732095,Pass,Cross,95.0,92.0,89.0,52.0
20,Huskies,Huskies_M12,,1H,2244.663523,Pass,Cross,86.0,18.0,100.0,100.0
20,Huskies,Huskies_D7,,1H,2262.665012,Pass,Cross,94.0,98.0,88.0,72.0
20,Opponent19,Opponent19_M1,,1H,2516.930027,Pass,Cross,84.0,77.0,84.0,65.0
20,Huskies,Huskies_M3,,2H,161.56949699999996,Pass,Cross,89.0,21.0,66.0,90.0
20,Opponent19,Opponent19_M4,,2H,188.37020399999983,Pass,Cross,88.0,90.0,90.0,37.0
20,Opponent19,Opponent19_M2,,2H,205.379011,Pass,Cross,91.0,76.0,91.0,61.0
20,Huskies,Huskies_D7,,2H,284.1908699999999,Pass,Cross,97.0,90.0,100.0,100.0
20,Opponent19,Opponent19_M4,,2H,569.6446059999998,Pass,Cross,96.0,72.0,97.0,30.0
20,Opponent19,Opponent19_M4,,2H,761.8447639999999,Pass,Cross,87.0,84.0,90.0,59.0
20,Opponent19,Opponent19_D4,,2H,1107.707555,Pass,Cross,71.0,90.0,91.0,51.0
20,Opponent19,Opponent19_D1,,2H,1253.0111260000003,Pass,Cross,84.0,14.0,88.0,61.0
20,Huskies,Huskies_M6,,2H,1310.723406,Pass,Cross,73.0,92.0,90.0,39.0
20,Huskies,Huskies_M8,,2H,1509.0101750000003,Pass,Cross,91.0,10.0,100.0,100.0
20,Opponent19,Opponent19_D1,,2H,1552.945471,Pass,Cross,88.0,19.0,99.0,68.0
20,Opponent19,Opponent19_D4,,2H,1614.7458120000001,Pass,Cross,71.0,93.0,0.0,0.0
20,Huskies,Huskies_F4,,2H,1628.7788849999997,Pass,Cross,96.0,72.0,92.0,56.0
20,Opponent19,Opponent19_M3,,2H,1679.762823,Pass,Cross,87.0,7.0,92.0,42.0
20,Opponent19,Opponent19_D3,,2H,1717.57049,Pass,Cross,93.0,93.0,0.0,0.0
20,Opponent19,Opponent19_M3,,2H,1761.0919489999997,Pass,Cross,77.0,94.0,94.0,45.0
20,Opponent19,Opponent19_F3,,2H,1876.0865919999997,Pass,Cross,92.0,17.0,93.0,50.0
20,Opponent19,Opponent19_F3,,2H,1934.0596699999996,Pass,Cross,93.0,28.0,0.0,0.0
20,Opponent19,Opponent19_D4,,2H,1966.5610749999996,Pass,Cross,92.0,80.0,88.0,60.0
20,Opponent19,Opponent19_M1,,2H,1976.755432,Pass,Cross,72.0,85.0,91.0,50.0
20,Huskies,Huskies_M6,,2H,2043.708587,Pass,Cross,92.0,10.0,91.0,36.0
20,Huskies,Huskies_D5,,2H,2047.1670240000003,Pass,Cross,77.0,24.0,93.0,77.0
20,Opponent19,Opponent19_D4,Opponent19_M3,2H,2205.5404019999996,Pass,Cross,80.0,96.0,88.0,63.0
20,Opponent19,Opponent19_M4,,2H,2340.4730689999997,Pass,Cross,92.0,94.0,82.0,34.0
20,Opponent19,Opponent19_M4,Opponent19_F3,2H,2459.2673569999997,Pass,Cross,81.0,92.0,90.0,57.0
20,Opponent19,Opponent19_M4,,2H,2476.707517,Pass,Cross,89.0,95.0,96.0,46.0
20,Opponent19,Opponent19_M6,,2H,2728.991545,Pass,Cross,74.0,91.0,94.0,54.0
20,Huskies,Huskies_M8,,2H,2811.7528220000004,Pass,Cross,88.0,86.0,100.0,100.0
20,Opponent19,Opponent19_M6,,2H,2862.6432830000003,Pass,Cross,87.0,14.0,92.0,34.0
20,Opponent19,Opponent19_M3,,2H,2869.2749059999996,Pass,Cross,72.0,29.0,99.0,74.0
21,Opponent6,Opponent6_D3,Opponent6_F2,1H,420.724604,Pass,Cross,98.0,90.0,87.0,38.0
21,Opponent6,Opponent6_M6,,1H,443.84732499999996,Pass,Cross,86.0,12.0,98.0,67.0
21,Huskies,Huskies_D5,Huskies_F1,1H,644.716262,Pass,Cross,82.0,4.0,81.0,35.0
21,Opponent6,Opponent6_D2,,1H,798.445177,Pass,Cross,90.0,11.0,96.0,48.0
21,Opponent6,Opponent6_D3,Opponent6_D4,1H,810.357465,Pass,Cross,85.0,93.0,91.0,0.0
21,Huskies,Huskies_M8,,1H,1031.116398,Pass,Cross,98.0,72.0,95.0,58.0
21,Huskies,Huskies_M8,,1H,1389.556641,Pass,Cross,92.0,85.0,92.0,62.0
21,Huskies,Huskies_D5,Huskies_M8,1H,1812.861927,Pass,Cross,83.0,6.0,88.0,53.0
21,Huskies,Huskies_D7,,1H,1870.9242640000002,Pass,Cross,93.0,85.0,92.0,64.0
21,Huskies,Huskies_D5,Huskies_F1,1H,1886.395106,Pass,Cross,80.0,3.0,92.0,56.0
21,Opponent6,Opponent6_F2,Opponent6_M6,1H,1926.368112,Pass,Cross,94.0,78.0,89.0,47.0
21,Huskies,Huskies_M8,,1H,2121.043177,Pass,Cross,93.0,70.0,100.0,100.0
21,Huskies,Huskies_M1,,1H,2660.573897,Pass,Cross,92.0,91.0,90.0,70.0
21,Opponent6,Opponent6_D2,,1H,2686.571923,Pass,Cross,95.0,13.0,96.0,42.0
21,Opponent6,Opponent6_D3,Opponent6_F5,2H,211.89751800000022,Pass,Cross,83.0,96.0,86.0,44.0
21,Huskies,Huskies_D7,,2H,664.48155,Pass,Cross,92.0,78.0,100.0,100.0
21,Opponent6,Opponent6_M6,,2H,921.3210640000002,Pass,Cross,79.0,12.0,91.0,42.0
21,Opponent6,Opponent6_D3,Opponent6_F5,2H,939.2546320000001,Pass,Cross,93.0,74.0,90.0,59.0
21,Opponent6,Opponent6_D2,,2H,1218.499632,Pass,Cross,95.0,25.0,88.0,39.0
21,Opponent6,Opponent6_M6,,2H,1343.072397,Pass,Cross,98.0,14.0,92.0,40.0
21,Opponent6,Opponent6_M6,,2H,1357.9694769999996,Pass,Cross,96.0,25.0,0.0,0.0
21,Opponent6,Opponent6_M3,,2H,1508.7750720000004,Pass,Cross,75.0,6.0,86.0,45.0
21,Huskies,Huskies_F4,,2H,1630.6386899999998,Pass,Cross,98.0,34.0,94.0,47.0
21,Huskies,Huskies_M12,,2H,1983.4991559999999,Pass,Cross,90.0,13.0,100.0,39.0
21,Huskies,Huskies_M12,,2H,1999.2696100000003,Pass,Cross,93.0,6.0,89.0,36.0
21,Huskies,Huskies_D7,,2H,2445.882149,Pass,Cross,83.0,98.0,85.0,51.0
21,Opponent6,Opponent6_D3,,2H,2470.8580620000002,Pass,Cross,83.0,92.0,88.0,56.0
21,Opponent6,Opponent6_D2,,2H,2489.6236449999997,Pass,Cross,76.0,14.0,90.0,54.0
21,Huskies,Huskies_D7,,2H,2794.298191,Pass,Cross,90.0,83.0,94.0,8.0
22,Huskies,Huskies_M12,,1H,33.32398599999999,Pass,Cross,98.0,11.0,0.0,0.0
22,Opponent5,Opponent5_M7,Opponent5_M6,1H,800.712399,Pass,Cross,93.0,24.0,88.0,33.0
22,Opponent5,Opponent5_M5,,1H,1479.695321,Pass,Cross,90.0,25.0,100.0,100.0
22,Opponent5,Opponent5_F3,,1H,1669.57546,Pass,Cross,94.0,24.0,95.0,50.0
22,Huskies,Huskies_M12,,1H,1754.10757,Pass,Cross,86.0,8.0,95.0,100.0
22,Huskies,Huskies_M12,,1H,1948.067935,Pass,Cross,83.0,11.0,87.0,37.0
22,Huskies,Huskies_M4,,1H,1967.2922370000001,Pass,Cross,90.0,77.0,92.0,67.0
22,Huskies,Huskies_D5,,1H,2139.331031,Pass,Cross,85.0,10.0,87.0,48.0
22,Huskies,Huskies_D6,,1H,2162.352436,Pass,Cross,81.0,90.0,91.0,43.0
22,Huskies,Huskies_M12,Huskies_M9,1H,2270.96776,Pass,Cross,98.0,9.0,89.0,45.0
22,Huskies,Huskies_F2,,1H,2299.149554,Pass,Cross,70.0,26.0,90.0,72.0
22,Huskies,Huskies_D6,,1H,2381.53636,Pass,Cross,88.0,85.0,86.0,44.0
22,Opponent5,Opponent5_M4,,1H,2670.99658,Pass,Cross,75.0,74.0,87.0,51.0
22,Opponent5,Opponent5_D7,,2H,124.05809899999986,Pass,Cross,82.0,91.0,92.0,54.0
22,Opponent5,Opponent5_D5,,2H,444.32242399999996,Pass,Cross,95.0,27.0,95.0,51.0
22,Huskies,Huskies_D6,Huskies_M12,2H,499.38483099999985,Pass,Cross,77.0,92.0,97.0,1.0
22,Opponent5,Opponent5_M7,Opponent5_F3,2H,544.1013720000001,Pass,Cross,94.0,29.0,94.0,42.0
22,Huskies,Huskies_M12,Huskies_F4,2H,652.23153,Pass,Cross,81.0,8.0,89.0,42.0
22,Opponent5,Opponent5_M6,,2H,925.3427459999998,Pass,Cross,96.0,91.0,93.0,47.0
22,Opponent5,Opponent5_M5,,2H,944.9531419999998,Pass,Cross,96.0,30.0,92.0,45.0
22,Opponent5,Opponent5_F3,Opponent5_M7,2H,1167.5263320000004,Pass,Cross,95.0,30.0,95.0,54.0
22,Opponent5,Opponent5_M4,,2H,1270.8063940000002,Pass,Cross,80.0,97.0,91.0,61.0
22,Huskies,Huskies_D6,,2H,1482.82492,Pass,Cross,98.0,69.0,0.0,0.0
22,Huskies,Huskies_D6,Huskies_F4,2H,1499.964669,Pass,Cross,91.0,88.0,93.0,54.0
22,Huskies,Huskies_M9,,2H,1605.4965810000003,Pass,Cross,92.0,72.0,0.0,0.0
22,Huskies,Huskies_D6,,2H,1618.8226510000004,Pass,Cross,98.0,67.0,0.0,0.0
22,Huskies,Huskies_M9,,2H,1625.6141829999997,Pass,Cross,94.0,81.0,0.0,0.0
22,Huskies,Huskies_M8,,2H,1671.3717399999996,Pass,Cross,75.0,18.0,81.0,24.0
22,Huskies,Huskies_M9,Huskies_F4,2H,1846.7509870000004,Pass,Cross,94.0,76.0,90.0,54.0
22,Huskies,Huskies_D6,,2H,1854.415419,Pass,Cross,90.0,77.0,84.0,69.0
22,Opponent5,Opponent5_F2,Opponent5_M7,2H,2067.8724030000003,Pass,Cross,96.0,13.0,90.0,39.0
22,Huskies,Huskies_D6,,2H,2579.978322,Pass,Cross,87.0,82.0,63.0,31.0
22,Huskies,Huskies_D6,,2H,2710.1460020000004,Pass,Cross,86.0,88.0,88.0,51.0
23,Opponent4,Opponent4_F2,,1H,121.291268,Pass,Cross,96.0,29.0,0.0,0.0
23,Opponent4,Opponent4_M1,Opponent4_F1,1H,130.844313,Pass,Cross,81.0,0.0,90.0,42.0
23,Opponent4,Opponent4_D6,,1H,259.400547,Pass,Cross,91.0,87.0,0.0,0.0
23,Opponent4,Opponent4_M3,,1H,358.844784,Pass,Cross,74.0,77.0,0.0,0.0
23,Opponent4,Opponent4_D6,,1H,696.980276,Pass,Cross,89.0,86.0,89.0,58.0
23,Opponent4,Opponent4_F1,Opponent4_M1,1H,790.964172,Pass,Cross,97.0,70.0,90.0,0.0
23,Opponent4,Opponent4_D5,Opponent4_F2,1H,967.360786,Pass,Cross,86.0,18.0,92.0,24.0
23,Opponent4,Opponent4_D6,,1H,1151.060883,Pass,Cross,93.0,89.0,91.0,69.0
23,Huskies,Huskies_D7,,1H,1257.989746,Pass,Cross,93.0,97.0,100.0,100.0
23,Opponent4,Opponent4_D6,Opponent4_F2,1H,1508.243843,Pass,Cross,92.0,70.0,96.0,51.0
23,Huskies,Huskies_M12,,1H,1788.749983,Pass,Cross,97.0,92.0,90.0,62.0
23,Huskies,Huskies_D7,Huskies_F5,1H,1897.42861,Pass,Cross,89.0,90.0,90.0,46.0
23,Huskies,Huskies_M6,,1H,1947.9676690000001,Pass,Cross,97.0,13.0,88.0,48.0
23,Opponent4,Opponent4_M1,,1H,2189.248638,Pass,Cross,84.0,86.0,87.0,59.0
23,Huskies,Huskies_D7,,1H,2366.165249,Pass,Cross,91.0,78.0,93.0,42.0
23,Opponent4,Opponent4_D5,,1H,2518.167811,Pass,Cross,95.0,14.0,0.0,0.0
23,Opponent4,Opponent4_M1,,1H,2717.969167,Pass,Cross,78.0,15.0,98.0,72.0
23,Opponent4,Opponent4_M3,Opponent4_F1,2H,825.453415,Pass,Cross,72.0,86.0,94.0,48.0
23,Huskies,Huskies_D7,,2H,1229.5882149999998,Pass,Cross,92.0,93.0,100.0,100.0
23,Opponent4,Opponent4_D6,,2H,1410.4219350000003,Pass,Cross,89.0,90.0,91.0,63.0
23,Opponent4,Opponent4_D6,,2H,1675.9153999999999,Pass,Cross,90.0,88.0,90.0,58.0
23,Opponent4,Opponent4_M3,,2H,1692.6077020000002,Pass,Cross,73.0,93.0,93.0,69.0
23,Huskies,Huskies_M6,,2H,1972.4501579999996,Pass,Cross,98.0,28.0,95.0,47.0
23,Opponent4,Opponent4_M2,Opponent4_F2,2H,2305.5167220000003,Pass,Cross,86.0,85.0,84.0,30.0
23,Opponent4,Opponent4_M2,,2H,2551.569663,Pass,Cross,94.0,77.0,0.0,0.0
23,Huskies,Huskies_F2,,2H,2613.074305,Pass,Cross,91.0,71.0,72.0,28.0
24,Opponent19,Opponent19_M4,,1H,45.954758,Pass,Cross,98.0,96.0,100.0,89.0
24,Opponent19,Opponent19_M3,,1H,574.360612,Pass,Cross,71.0,20.0,89.0,46.0
24,Huskies,Huskies_M9,,1H,787.835941,Pass,Cross,79.0,9.0,0.0,0.0
24,Opponent19,Opponent19_M3,,1H,1243.378433,Pass,Cross,76.0,93.0,100.0,42.0
24,Huskies,Huskies_M13,,1H,1335.248892,Pass,Cross,74.0,14.0,0.0,0.0
24,Huskies,Huskies_F6,Huskies_M9,1H,1614.247348,Pass,Cross,83.0,91.0,96.0,25.0
24,Opponent19,Opponent19_M3,,1H,1828.852454,Pass,Cross,91.0,17.0,92.0,46.0
24,Huskies,Huskies_F5,,1H,2454.848464,Pass,Cross,83.0,94.0,89.0,57.0
24,Huskies,Huskies_D7,,1H,2699.365847,Pass,Cross,76.0,84.0,85.0,51.0
24,Huskies,Huskies_F6,,2H,395.148244,Pass,Cross,83.0,98.0,87.0,64.0
24,Huskies,Huskies_F6,,2H,603.2857640000002,Pass,Cross,90.0,79.0,85.0,55.0
24,Opponent19,Opponent19_M4,,2H,1282.5342179999998,Pass,Cross,98.0,90.0,100.0,75.0
24,Huskies,Huskies_F6,,2H,1444.19477,Pass,Cross,86.0,95.0,91.0,34.0
24,Huskies,Huskies_F2,Huskies_F6,2H,1454.0441460000002,Pass,Cross,76.0,36.0,97.0,70.0
24,Opponent19,Opponent19_M4,,2H,1555.46465,Pass,Cross,89.0,91.0,83.0,3.0
24,Huskies,Huskies_M6,,2H,1783.0183729999999,Pass,Cross,90.0,28.0,88.0,42.0
24,Huskies,Huskies_M12,,2H,1874.3798420000003,Pass,Cross,89.0,7.0,87.0,19.0
24,Opponent19,Opponent19_M3,,2H,1995.1401889999997,Pass,Cross,92.0,18.0,91.0,58.0
24,Opponent19,Opponent19_M6,,2H,2165.906347,Pass,Cross,91.0,23.0,89.0,49.0
24,Opponent19,Opponent19_D4,Opponent19_F2,2H,2184.174884,Pass,Cross,79.0,95.0,88.0,55.0
24,Opponent19,Opponent19_D1,Opponent19_F2,2H,2327.4395430000004,Pass,Cross,92.0,16.0,88.0,60.0
24,Huskies,Huskies_M12,,2H,2687.5897670000004,Pass,Cross,79.0,17.0,90.0,42.0
24,Opponent19,Opponent19_M6,,2H,2730.2597990000004,Pass,Cross,93.0,6.0,93.0,8.0
24,Opponent19,Opponent19_F2,,2H,2814.2241169999998,Pass,Cross,93.0,22.0,91.0,45.0
24,Huskies,Huskies_D5,,2H,2885.623324,Pass,Cross,93.0,9.0,88.0,45.0
24,Huskies,Huskies_D6,,2H,2900.2752250000003,Pass,Cross,66.0,94.0,83.0,52.0
24,Opponent19,Opponent19_M2,,2H,3065.4703799999997,Pass,Cross,96.0,84.0,100.0,100.0
25,Opponent10,Opponent10_M5,,1H,205.508218,Pass,Cross,82.0,93.0,88.0,53.0
25,Opponent10,Opponent10_D3,,1H,543.428997,Pass,Cross,95.0,8.0,100.0,100.0
25,Opponent10,Opponent10_M5,,1H,561.32107,Pass,Cross,89.0,6.0,92.0,56.0
25,Opponent10,Opponent10_D3,Opponent10_F1,1H,828.063341,Pass,Cross,90.0,2.0,91.0,42.0
25,Opponent10,Opponent10_M5,,1H,843.690329,Pass,Cross,77.0,79.0,100.0,25.0
25,Huskies,Huskies_D8,,1H,1042.191031,Pass,Cross,95.0,87.0,93.0,56.0
25,Opponent10,Opponent10_M5,,1H,1322.410882,Pass,Cross,85.0,86.0,95.0,55.0
25,Opponent10,Opponent10_M5,,1H,1392.555909,Pass,Cross,80.0,88.0,100.0,100.0
25,Huskies,Huskies_M6,Huskies_F6,1H,1452.916025,Pass,Cross,97.0,80.0,91.0,38.0
25,Huskies,Huskies_D8,Huskies_M4,1H,1581.727058,Pass,Cross,92.0,87.0,77.0,41.0
25,Opponent10,Opponent10_D3,,1H,2096.250215,Pass,Cross,80.0,2.0,74.0,17.0
25,Huskies,Huskies_M6,,1H,2190.637187,Pass,Cross,97.0,72.0,96.0,45.0
25,Huskies,Huskies_F2,Huskies_D1,1H,2286.045057,Pass,Cross,69.0,82.0,92.0,41.0
25,Opponent10,Opponent10_M5,,1H,2649.250818,Pass,Cross,92.0,71.0,93.0,54.0
25,Huskies,Huskies_D8,,1H,2705.704475,Pass,Cross,92.0,81.0,91.0,46.0
25,Huskies,Huskies_F6,,1H,2760.674142,Pass,Cross,77.0,96.0,90.0,75.0
25,Opponent10,Opponent10_M5,,1H,2797.686808,Pass,Cross,92.0,94.0,92.0,63.0
25,Opponent10,Opponent10_F1,,2H,62.65007800000012,Pass,Cross,98.0,82.0,87.0,58.0
25,Huskies,Huskies_F6,Huskies_M4,2H,402.15977900000007,Pass,Cross,89.0,78.0,93.0,64.0
25,Huskies,Huskies_D3,,2H,874.577722,Pass,Cross,95.0,9.0,98.0,60.0
25,Huskies,Huskies_F6,,2H,1085.878315,Pass,Cross,88.0,73.0,97.0,35.0
25,Huskies,Huskies_D8,,2H,1424.163907,Pass,Cross,94.0,77.0,90.0,43.0
25,Opponent10,Opponent10_M2,,2H,1617.7551590000003,Pass,Cross,97.0,81.0,81.0,43.0
25,Opponent10,Opponent10_M5,Opponent10_F1,2H,1632.6958999999997,Pass,Cross,77.0,11.0,86.0,48.0
25,Huskies,Huskies_M4,,2H,1690.2478689999998,Pass,Cross,92.0,79.0,0.0,0.0
25,Opponent10,Opponent10_D3,Opponent10_F1,2H,1882.3706499999998,Pass,Cross,71.0,20.0,87.0,51.0
25,Opponent10,Opponent10_D5,,2H,1901.3947959999996,Pass,Cross,79.0,92.0,100.0,100.0
25,Opponent10,Opponent10_D3,Opponent10_M6,2H,2012.6225759999998,Pass,Cross,86.0,18.0,91.0,62.0
25,Opponent10,Opponent10_M5,,2H,2067.654283,Pass,Cross,77.0,93.0,100.0,100.0
25,Opponent10,Opponent10_F1,,2H,2074.1120440000004,Pass,Cross,89.0,33.0,100.0,63.0
25,Opponent10,Opponent10_D3,,2H,2954.556085,Pass,Cross,90.0,12.0,92.0,33.0
26,Opponent9,Opponent9_M6,,1H,226.70234599999998,Pass,Cross,88.0,90.0,89.0,83.0
26,Opponent9,Opponent9_M6,,1H,258.283731,Pass,Cross,90.0,91.0,96.0,71.0
26,Opponent9,Opponent5_M3,Opponent9_M2,1H,344.355553,Pass,Cross,93.0,70.0,94.0,52.0
26,Huskies,Huskies_M12,,1H,431.83390199999997,Pass,Cross,97.0,10.0,97.0,45.0
26,Huskies,Huskies_D7,,1H,623.391548,Pass,Cross,83.0,97.0,87.0,61.0
26,Huskies,Huskies_M3,,1H,661.139144,Pass,Cross,76.0,95.0,88.0,60.0
26,Opponent9,Opponent9_M2,Opponent9_F3,1H,750.490763,Pass,Cross,94.0,74.0,90.0,51.0
26,Opponent9,Opponent9_D5,,1H,1041.189792,Pass,Cross,94.0,83.0,97.0,59.0
26,Huskies,Huskies_M3,Huskies_M12,1H,1270.037289,Pass,Cross,96.0,94.0,95.0,57.0
26,Huskies,Huskies_M12,,1H,1511.748782,Pass,Cross,92.0,12.0,94.0,56.0
26,Huskies,Huskies_D7,Huskies_M1,1H,1828.761371,Pass,Cross,89.0,99.0,82.0,54.0
26,Huskies,Huskies_D7,,1H,1887.465777,Pass,Cross,96.0,94.0,100.0,100.0
26,Opponent9,Opponent9_M6,,1H,1909.604471,Pass,Cross,92.0,19.0,89.0,34.0
26,Huskies,Huskies_M12,,1H,1960.0547040000001,Pass,Cross,81.0,12.0,89.0,55.0
26,Opponent9,Opponent9_D2,,1H,2139.109354,Pass,Cross,86.0,7.0,92.0,44.0
26,Opponent9,Opponent5_M3,,1H,2362.485388,Pass,Cross,95.0,69.0,94.0,46.0
26,Huskies,Huskies_F4,,2H,310.86904400000003,Pass,Cross,95.0,24.0,100.0,100.0
26,Huskies,Huskies_M12,,2H,326.4382019999998,Pass,Cross,96.0,3.0,100.0,100.0
26,Huskies,Huskies_D2,,2H,335.590964,Pass,Cross,93.0,95.0,100.0,100.0
26,Huskies,Huskies_F6,Huskies_F4,2H,399.18748099999993,Pass,Cross,83.0,87.0,94.0,45.0
26,Huskies,Huskies_M12,,2H,558.8951069999998,Pass,Cross,87.0,15.0,93.0,60.0
26,Huskies,Huskies_F6,,2H,615.0872989999998,Pass,Cross,86.0,92.0,91.0,44.0
26,Huskies,Huskies_M12,,2H,847.1339039999998,Pass,Cross,79.0,13.0,88.0,36.0
26,Huskies,Huskies_D5,,2H,1122.614015,Pass,Cross,91.0,12.0,93.0,53.0
26,Huskies,Huskies_M12,,2H,1314.180531,Pass,Cross,80.0,10.0,97.0,38.0
26,Huskies,Huskies_F4,Huskies_D9,2H,1639.8910999999998,Pass,Cross,94.0,31.0,94.0,55.0
26,Huskies,Huskies_D7,Huskies_M12,2H,1808.7066260000001,Pass,Cross,85.0,93.0,94.0,65.0
26,Huskies,Huskies_M12,,2H,2285.3115420000004,Pass,Cross,84.0,92.0,100.0,100.0
26,Huskies,Huskies_M4,,2H,2765.6951289999997,Pass,Cross,80.0,5.0,93.0,39.0
26,Opponent9,Opponent9_D5,,2H,2824.0449790000002,Pass,Cross,93.0,90.0,0.0,0.0
27,Huskies,Huskies_M4,,1H,681.461199,Pass,Cross,89.0,97.0,98.0,30.0
27,Huskies,Huskies_F6,,1H,837.499751,Pass,Cross,94.0,83.0,93.0,65.0
27,Opponent12,Opponent12_D2,Opponent12_F1,1H,868.234105,Pass,Cross,68.0,88.0,91.0,26.0
27,Huskies,Huskies_F6,,1H,1472.983689,Pass,Cross,97.0,85.0,83.0,50.0
27,Huskies,Huskies_F6,,1H,1562.636307,Pass,Cross,74.0,87.0,98.0,46.0
27,Huskies,Huskies_D5,,1H,1800.928575,Pass,Cross,83.0,6.0,0.0,0.0
27,Huskies,Huskies_F6,,1H,2026.449231,Pass,Cross,97.0,78.0,96.0,60.0
27,Huskies,Huskies_M6,,1H,2137.606454,Pass,Cross,92.0,22.0,95.0,47.0
27,Opponent12,Opponent12_F2,,1H,2175.403078,Pass,Cross,81.0,3.0,87.0,55.0
27,Opponent12,Opponent12_D6,Opponent12_F1,1H,2236.998662,Pass,Cross,84.0,75.0,95.0,52.0
27,Huskies,Huskies_M4,,1H,2275.656865,Pass,Cross,70.0,86.0,83.0,67.0
27,Huskies,Huskies_F4,Huskies_D9,1H,2321.952944,Pass,Cross,97.0,33.0,97.0,50.0
27,Opponent12,Opponent12_F2,Opponent12_F1,1H,2692.48441,Pass,Cross,89.0,27.0,91.0,50.0
27,Opponent12,Opponent12_F2,,2H,161.73602100000016,Pass,Cross,97.0,17.0,100.0,100.0
27,Opponent12,Opponent12_M3,,2H,202.70500700000002,Pass,Cross,80.0,97.0,91.0,48.0
27,Opponent12,Opponent12_M3,,2H,215.9723680000002,Pass,Cross,80.0,97.0,92.0,57.0
27,Opponent12,Opponent12_D2,Opponent12_F1,2H,258.2193229999998,Pass,Cross,96.0,86.0,99.0,34.0
27,Opponent12,Opponent12_D7,,2H,266.6439650000002,Pass,Cross,73.0,10.0,93.0,57.0
27,Huskies,Huskies_D7,Huskies_M6,2H,310.50458500000013,Pass,Cross,80.0,70.0,88.0,3.0
27,Huskies,Huskies_D5,Huskies_F4,2H,326.5872949999998,Pass,Cross,91.0,28.0,93.0,52.0
27,Huskies,Huskies_F6,,2H,706.572197,Pass,Cross,83.0,92.0,88.0,3.0
27,Opponent12,Opponent12_M3,,2H,991.59013,Pass,Cross,95.0,77.0,100.0,100.0
27,Opponent12,Opponent12_M3,,2H,1012.3219939999999,Pass,Cross,79.0,96.0,92.0,63.0
27,Opponent12,Opponent12_D2,,2H,1042.817685,Pass,Cross,87.0,99.0,100.0,100.0
27,Huskies,Huskies_D7,,2H,1182.7468790000003,Pass,Cross,92.0,85.0,89.0,37.0
27,Opponent12,Opponent12_D7,,2H,1222.4995879999997,Pass,Cross,79.0,11.0,91.0,50.0
27,Huskies,Huskies_F6,,2H,1448.4253959999996,Pass,Cross,76.0,92.0,96.0,65.0
27,Opponent12,Opponent12_F2,Opponent12_D2,2H,1706.374519,Pass,Cross,97.0,30.0,91.0,60.0
27,Huskies,Huskies_M6,,2H,1796.4482580000004,Pass,Cross,97.0,36.0,95.0,48.0
27,Opponent12,Opponent12_D2,,2H,2121.9501250000003,Pass,Cross,76.0,97.0,100.0,100.0
27,Opponent12,Opponent12_D2,,2H,2134.608002,Pass,Cross,71.0,96.0,89.0,48.0
27,Opponent12,Opponent12_M3,,2H,2150.2379090000004,Pass,Cross,80.0,13.0,89.0,53.0
27,Huskies,Huskies_M6,Huskies_F4,2H,2462.318897,Pass,Cross,84.0,95.0,94.0,5.0
27,Opponent12,Opponent12_F2,,2H,2567.781137,Pass,Cross,89.0,76.0,91.0,57.0
28,Huskies,Huskies_F6,,1H,516.976604,Pass,Cross,83.0,91.0,90.0,51.0
28,Huskies,Huskies_F4,,1H,658.286944,Pass,Cross,96.0,26.0,100.0,100.0
28,Opponent11,Opponent11_F5,,1H,760.644012,Pass,Cross,91.0,78.0,0.0,0.0
28,Opponent11,Opponent11_D6,Opponent11_M6,1H,980.7639489999999,Pass,Cross,92.0,94.0,92.0,27.0
28,Huskies,Huskies_M6,Huskies_F6,1H,1143.077703,Pass,Cross,94.0,26.0,90.0,62.0
28,Huskies,Huskies_F2,,1H,1179.370178,Pass,Cross,95.0,33.0,100.0,100.0
28,Huskies,Huskies_F6,,1H,1435.686797,Pass,Cross,95.0,76.0,93.0,74.0
28,Huskies,Huskies_M6,,1H,1795.5367540000002,Pass,Cross,90.0,13.0,91.0,46.0
28,Opponent11,Opponent11_F5,,1H,1882.9107279999998,Pass,Cross,91.0,78.0,93.0,62.0
28,Huskies,Huskies_F4,,1H,1915.9071629999999,Pass,Cross,88.0,13.0,89.0,50.0
28,Huskies,Huskies_D7,,1H,2069.94116,Pass,Cross,78.0,92.0,100.0,100.0
28,Opponent11,Opponent11_F5,,1H,2368.846787,Pass,Cross,93.0,89.0,0.0,0.0
28,Opponent11,Opponent11_F4,,1H,2462.5447,Pass,Cross,95.0,13.0,93.0,41.0
28,Opponent11,Opponent11_F1,,2H,18.244552999999996,Pass,Cross,87.0,24.0,0.0,0.0
28,Huskies,Huskies_M1,Huskies_D1,2H,391.9714140000001,Pass,Cross,78.0,93.0,91.0,47.0
28,Huskies,Huskies_D7,Huskies_M6,2H,492.8207000000002,Pass,Cross,89.0,85.0,92.0,15.0
28,Huskies,Huskies_M6,Huskies_F4,2H,499.1461439999998,Pass,Cross,92.0,15.0,96.0,42.0
28,Huskies,Huskies_F2,,2H,530.8936180000001,Pass,Cross,82.0,8.0,22.0,5.0
28,Opponent11,Opponent11_M6,Opponent11_F4,2H,555.1111340000002,Pass,Cross,95.0,73.0,89.0,39.0
28,Huskies,Huskies_M6,,2H,603.527114,Pass,Cross,87.0,11.0,88.0,34.0
28,Huskies,Huskies_D5,,2H,606.105301,Pass,Cross,90.0,18.0,100.0,100.0
28,Opponent11,Opponent11_M5,,2H,825.925084,Pass,Cross,69.0,81.0,0.0,0.0
28,Huskies,Huskies_F5,,2H,851.264729,Pass,Cross,94.0,77.0,100.0,100.0
28,Huskies,Huskies_D7,,2H,1033.8898289999997,Pass,Cross,85.0,96.0,86.0,33.0
28,Huskies,Huskies_F6,Huskies_F5,2H,1330.6108100000001,Pass,Cross,89.0,93.0,88.0,36.0
28,Opponent11,Opponent11_D1,Opponent11_M3,2H,1472.6774139999998,Pass,Cross,80.0,72.0,92.0,28.0
28,Opponent11,Opponent11_D2,,2H,1488.6790199999996,Pass,Cross,72.0,4.0,91.0,58.0
28,Opponent11,Opponent11_F3,Opponent11_D1,2H,1797.827553,Pass,Cross,89.0,26.0,94.0,92.0
28,Opponent11,Opponent11_D1,,2H,1803.3853449999997,Pass,Cross,94.0,92.0,93.0,56.0
28,Opponent11,Opponent11_D1,,2H,1924.2127790000004,Pass,Cross,90.0,87.0,93.0,50.0
28,Opponent11,Opponent11_F3,Opponent11_F4,2H,2032.4882829999997,Pass,Cross,89.0,72.0,89.0,58.0
28,Huskies,Huskies_D7,Huskies_F5,2H,2205.646318,Pass,Cross,91.0,89.0,93.0,46.0
28,Huskies,Huskies_M12,,2H,2235.0554810000003,Pass,Cross,82.0,18.0,91.0,42.0
28,Huskies,Huskies_F6,,2H,2347.61766,Pass,Cross,85.0,87.0,100.0,100.0
28,Opponent11,Opponent11_D2,,2H,2645.3108279999997,Pass,Cross,99.0,32.0,0.0,0.0
28,Huskies,Huskies_F6,,2H,2832.3309799999997,Pass,Cross,86.0,86.0,100.0,100.0
29,Opponent7,Opponent7_M7,,1H,279.980005,Pass,Cross,78.0,2.0,86.0,58.0
29,Opponent7,Opponent7_D4,,1H,342.028618,Pass,Cross,95.0,90.0,94.0,48.0
29,Huskies,Huskies_M6,Huskies_F6,1H,381.75737000000004,Pass,Cross,92.0,10.0,92.0,61.0
29,Opponent7,Huskies_M8,Opponent7_D4,1H,543.425291,Pass,Cross,80.0,93.0,87.0,63.0
29,Opponent7,Opponent7_M7,,1H,603.664243,Pass,Cross,94.0,7.0,0.0,0.0
29,Opponent7,Opponent7_M7,,1H,658.248583,Pass,Cross,86.0,3.0,92.0,58.0
29,Opponent7,Huskies_M8,,1H,965.234933,Pass,Cross,97.0,74.0,94.0,54.0
29,Opponent7,Opponent7_M7,Opponent7_F2,1H,1055.301819,Pass,Cross,98.0,25.0,98.0,49.0
29,Opponent7,Opponent7_D4,,1H,1058.229659,Pass,Cross,96.0,81.0,0.0,0.0
29,Opponent7,Opponent7_M7,,1H,1095.875363,Pass,Cross,87.0,95.0,87.0,55.0
29,Huskies,Huskies_F6,Huskies_D8,1H,1155.66997,Pass,Cross,92.0,89.0,91.0,65.0
29,Opponent7,Huskies_M8,,1H,1601.08912,Pass,Cross,94.0,88.0,0.0,0.0
29,Opponent7,Huskies_M8,,1H,1632.068881,Pass,Cross,95.0,76.0,87.0,38.0
29,Opponent7,Opponent7_D4,Opponent7_F2,1H,1735.791392,Pass,Cross,90.0,91.0,94.0,53.0
29,Opponent7,Opponent7_M2,,1H,1782.918911,Pass,Cross,81.0,5.0,92.0,51.0
29,Huskies,Huskies_F6,,1H,1900.0675809999998,Pass,Cross,91.0,90.0,100.0,100.0
29,Opponent7,Opponent7_M7,,2H,152.81325199999992,Pass,Cross,89.0,8.0,90.0,39.0
29,Huskies,Huskies_F6,,2H,723.6642889999998,Pass,Cross,93.0,93.0,100.0,100.0
29,Opponent7,Opponent7_M7,,2H,862.243195,Pass,Cross,92.0,25.0,100.0,74.0
29,Huskies,Huskies_F1,,2H,1072.5918119999997,Pass,Cross,79.0,7.0,81.0,75.0
29,Huskies,Huskies_F1,Huskies_F5,2H,1123.2589280000002,Pass,Cross,80.0,9.0,89.0,56.0
29,Opponent7,Huskies_M8,Opponent7_M7,2H,1248.8343029999996,Pass,Cross,98.0,90.0,87.0,32.0
29,Opponent7,Opponent7_F2,,2H,1539.8503609999998,Pass,Cross,91.0,18.0,93.0,100.0
29,Opponent7,Opponent7_D4,Opponent7_F1,2H,1681.4254170000004,Pass,Cross,81.0,93.0,89.0,58.0
29,Huskies,Huskies_F6,,2H,1754.233515,Pass,Cross,83.0,89.0,94.0,56.0
29,Huskies,Huskies_F6,,2H,1757.2197530000003,Pass,Cross,94.0,75.0,96.0,50.0
29,Huskies,Huskies_D5,Huskies_D8,2H,1767.8718360000003,Pass,Cross,72.0,24.0,91.0,51.0
29,Opponent7,Opponent7_M7,,2H,1857.971638,Pass,Cross,93.0,18.0,91.0,43.0
29,Opponent7,Opponent7_M6,,2H,1870.2919789999996,Pass,Cross,69.0,20.0,88.0,43.0
29,Huskies,Huskies_F6,,2H,1888.9634859999996,Pass,Cross,90.0,94.0,94.0,0.0
29,Huskies,Huskies_F1,Huskies_F6,2H,1921.7201969999996,Pass,Cross,91.0,6.0,93.0,43.0
29,Opponent7,Huskies_M8,,2H,1970.1382720000001,Pass,Cross,98.0,78.0,0.0,0.0
29,Huskies,Huskies_D5,Huskies_F1,2H,2344.2815600000004,Pass,Cross,74.0,5.0,91.0,53.0
29,Huskies,Huskies_F6,,2H,2540.869269,Pass,Cross,84.0,92.0,94.0,53.0
29,Huskies,Huskies_M12,,2H,2633.5736450000004,Pass,Cross,81.0,4.0,100.0,100.0
29,Huskies,Huskies_F2,Huskies_F1,2H,2695.4726039999996,Pass,Cross,68.0,90.0,88.0,38.0
29,Huskies,Huskies_F1,,2H,2777.323474,Pass,Cross,86.0,28.0,100.0,100.0
30,Huskies,Huskies_F6,,1H,385.03109800000004,Pass,Cross,97.0,84.0,100.0,36.0
30,Huskies,Huskies_M12,,1H,502.362575,Pass,Cross,91.0,3.0,92.0,27.0
30,Huskies,Huskies_M12,,1H,603.8058,Pass,Cross,90.0,7.0,0.0,0.0
30,Huskies,Huskies_F6,Huskies_F5,1H,837.314727,Pass,Cross,92.0,89.0,87.0,38.0
30,Huskies,Huskies_M6,,1H,905.1644550000001,Pass,Cross,92.0,90.0,0.0,0.0
30,Huskies,Huskies_D8,,1H,956.2671929999999,Pass,Cross,91.0,89.0,89.0,56.0
30,Huskies,Huskies_F6,,1H,981.5586169999999,Pass,Cross,88.0,87.0,91.0,47.0
30,Huskies,Huskies_M6,,1H,994.005805,Pass,Cross,95.0,89.0,89.0,63.0
30,Huskies,Huskies_F6,Huskies_M12,1H,1061.418277,Pass,Cross,97.0,89.0,86.0,39.0
30,Huskies,Huskies_D4,Huskies_F5,1H,1166.529888,Pass,Cross,91.0,3.0,94.0,54.0
30,Huskies,Huskies_M12,,1H,1263.672869,Pass,Cross,82.0,11.0,0.0,0.0
30,Huskies,Huskies_M12,,1H,1562.058343,Pass,Cross,94.0,24.0,89.0,44.0
30,Huskies,Huskies_F6,,1H,1597.662802,Pass,Cross,74.0,82.0,87.0,52.0
30,Huskies,Huskies_F6,,1H,1672.063911,Pass,Cross,96.0,74.0,0.0,0.0
30,Huskies,Huskies_M6,,1H,1714.277568,Pass,Cross,94.0,86.0,0.0,0.0
30,Opponent8,Opponent8_M2,Opponent8_F1,1H,2393.775419,Pass,Cross,97.0,82.0,89.0,49.0
30,Opponent8,Opponent8_D6,,1H,2400.146583,Pass,Cross,82.0,21.0,100.0,62.0
30,Opponent8,Opponent8_D3,,1H,2542.819557,Pass,Cross,78.0,13.0,90.0,55.0
30,Opponent8,Opponent8_D6,,2H,64.01112400000011,Pass,Cross,87.0,0.0,93.0,46.0
30,Opponent8,Opponent8_M5,Opponent8_M1,2H,205.5640370000001,Pass,Cross,78.0,88.0,65.0,66.0
30,Huskies,Huskies_M12,,2H,353.636391,Pass,Cross,93.0,13.0,91.0,76.0
30,Huskies,Huskies_D1,,2H,513.8735579999998,Pass,Cross,99.0,95.0,93.0,75.0
30,Huskies,Huskies_M12,Huskies_F6,2H,1054.179166,Pass,Cross,86.0,9.0,96.0,65.0
30,Huskies,Huskies_F6,,2H,1056.56714,Pass,Cross,96.0,65.0,96.0,48.0
30,Opponent8,Opponent8_M2,,2H,1423.4371789999996,Pass,Cross,78.0,79.0,94.0,46.0
30,Opponent8,Opponent8_F4,,2H,1468.8022,Pass,Cross,85.0,12.0,86.0,51.0
30,Opponent8,Opponent8_D7,,2H,1726.900232,Pass,Cross,94.0,71.0,78.0,72.0
30,Opponent8,Opponent8_M2,Opponent8_F5,2H,2290.7811309999997,Pass,Cross,72.0,83.0,90.0,41.0
30,Opponent8,Opponent8_D7,,2H,2376.09872,Pass,Cross,77.0,80.0,89.0,56.0
30,Opponent8,Opponent8_M2,,2H,2762.8989899999997,Pass,Cross,93.0,83.0,90.0,42.0
31,Opponent1,Opponent1_D5,,1H,121.01745199999999,Pass,Cross,91.0,6.0,98.0,29.0
31,Opponent1,Opponent1_D6,,1H,513.23287,Pass,Cross,90.0,75.0,87.0,56.0
31,Huskies,Huskies_F5,,1H,563.583838,Pass,Cross,87.0,92.0,88.0,65.0
31,Opponent1,Opponent1_D5,,1H,755.035124,Pass,Cross,82.0,6.0,92.0,41.0
31,Opponent1,Opponent1_D6,,1H,772.710948,Pass,Cross,84.0,92.0,92.0,54.0
31,Opponent1,Opponent1_M4,,1H,843.956974,Pass,Cross,95.0,29.0,0.0,0.0
31,Opponent1,Opponent1_D5,,1H,1035.304906,Pass,Cross,93.0,13.0,67.0,13.0
31,Huskies,Huskies_D4,,1H,1056.964645,Pass,Cross,76.0,8.0,100.0,70.0
31,Opponent1,Opponent1_M2,,1H,1102.442603,Pass,Cross,78.0,83.0,77.0,37.0
31,Huskies,Huskies_D8,,1H,1189.718705,Pass,Cross,92.0,86.0,100.0,100.0
31,Huskies,Huskies_M1,,1H,1236.524557,Pass,Cross,93.0,3.0,92.0,48.0
31,Huskies,Huskies_M12,,1H,1468.575289,Pass,Cross,79.0,9.0,89.0,32.0
31,Opponent1,Opponent1_D6,,1H,1535.766541,Pass,Cross,77.0,75.0,97.0,35.0
31,Opponent1,Opponent1_M3,,1H,1746.384402,Pass,Cross,87.0,13.0,0.0,0.0
31,Huskies,Huskies_D8,,1H,2432.03091,Pass,Cross,93.0,89.0,100.0,24.0
31,Huskies,Huskies_F6,Huskies_M12,2H,470.982618,Pass,Cross,93.0,73.0,96.0,27.0
31,Huskies,Huskies_F6,,2H,625.2409149999999,Pass,Cross,91.0,85.0,94.0,58.0
31,Huskies,Huskies_F2,Huskies_M12,2H,660.3053500000001,Pass,Cross,93.0,81.0,90.0,49.0
31,Huskies,Huskies_M12,,2H,699.7905150000001,Pass,Cross,77.0,2.0,100.0,100.0
31,Opponent1,Opponent1_M4,,2H,934.0032329999999,Pass,Cross,97.0,23.0,94.0,45.0
31,Huskies,Huskies_M12,Huskies_F5,2H,1119.9483300000002,Pass,Cross,77.0,7.0,89.0,42.0
31,Opponent1,Opponent1_D5,,2H,1231.713584,Pass,Cross,77.0,8.0,0.0,0.0
31,Huskies,Huskies_D4,,2H,1251.967842,Pass,Cross,87.0,9.0,87.0,42.0
31,Huskies,Huskies_M12,Huskies_F5,2H,1396.1150289999996,Pass,Cross,73.0,6.0,93.0,46.0
31,Huskies,Huskies_F5,,2H,1613.450922,Pass,Cross,96.0,93.0,100.0,100.0
31,Huskies,Huskies_F6,Huskies_M12,2H,1659.0605990000004,Pass,Cross,94.0,93.0,91.0,53.0
31,Huskies,Huskies_D8,,2H,2080.5686610000002,Pass,Cross,99.0,86.0,100.0,36.0
31,Opponent1,Opponent1_F1,,2H,2170.537854,Pass,Cross,87.0,78.0,76.0,26.0
31,Huskies,Huskies_M1,,2H,2259.2391239999997,Pass,Cross,82.0,4.0,88.0,37.0
31,Huskies,Huskies_F6,Huskies_F1,2H,2279.4265189999996,Pass,Cross,87.0,91.0,93.0,52.0
31,Opponent1,Opponent1_F1,,2H,2891.4743230000004,Pass,Cross,92.0,73.0,71.0,8.0
32,Opponent2,Opponent2_M3,,1H,168.225621,Pass,Cross,89.0,7.0,94.0,44.0
32,Opponent2,Opponent2_D2,Opponent2_F1,1H,193.135337,Pass,Cross,98.0,78.0,90.0,57.0
32,Opponent2,Opponent2_D2,,1H,203.94523900000002,Pass,Cross,83.0,95.0,92.0,57.0
32,Opponent2,Opponent2_M2,Opponent2_M3,1H,237.69840599999998,Pass,Cross,99.0,34.0,90.0,67.0
32,Huskies,Huskies_F6,,1H,560.934647,Pass,Cross,90.0,86.0,90.0,58.0
32,Huskies,Huskies_F1,,1H,683.113991,Pass,Cross,99.0,79.0,95.0,51.0
32,Opponent2,Opponent2_M4,Opponent2_F1,1H,753.099578,Pass,Cross,93.0,72.0,92.0,49.0
32,Opponent2,Opponent2_M3,Opponent2_D1,1H,1206.93501,Pass,Cross,96.0,34.0,93.0,61.0
32,Opponent2,Opponent2_D1,,1H,1251.669029,Pass,Cross,96.0,90.0,100.0,100.0
32,Huskies,Huskies_F1,,1H,1370.186803,Pass,Cross,93.0,21.0,89.0,44.0
32,Opponent2,Opponent2_M2,,1H,1601.269028,Pass,Cross,94.0,24.0,95.0,49.0
32,Opponent2,Opponent2_M2,,1H,1609.435092,Pass,Cross,94.0,21.0,95.0,50.0
32,Huskies,Huskies_D8,,1H,2145.744862,Pass,Cross,79.0,90.0,89.0,58.0
32,Huskies,Huskies_M12,,1H,2154.014666,Pass,Cross,72.0,9.0,0.0,0.0
32,Opponent2,Opponent2_M2,Opponent2_F3,1H,2203.705392,Pass,Cross,87.0,21.0,91.0,58.0
32,Opponent2,Opponent2_F3,,1H,2368.120694,Pass,Cross,96.0,26.0,92.0,55.0
32,Opponent2,Opponent2_F3,Opponent2_M2,1H,2516.16729,Pass,Cross,95.0,25.0,91.0,34.0
32,Opponent2,Opponent2_D6,Opponent2_F1,1H,2521.015089,Pass,Cross,77.0,23.0,96.0,63.0
32,Huskies,Huskies_D8,,1H,2747.922369,Pass,Cross,82.0,93.0,89.0,57.0
32,Huskies,Huskies_F5,,2H,202.4512239999999,Pass,Cross,98.0,91.0,0.0,0.0
32,Huskies,Huskies_M12,,2H,252.72485199999983,Pass,Cross,95.0,25.0,94.0,44.0
32,Opponent2,Opponent2_M4,,2H,317.4208520000002,Pass,Cross,72.0,75.0,80.0,62.0
32,Opponent2,Opponent2_M4,,2H,326.3651719999998,Pass,Cross,80.0,83.0,86.0,59.0
32,Opponent2,Opponent2_M3,,2H,379.07297500000004,Pass,Cross,97.0,32.0,93.0,42.0
32,Opponent2,Opponent2_D1,,2H,407.4161039999999,Pass,Cross,95.0,81.0,92.0,55.0
32,Opponent2,Opponent2_D1,Opponent2_M2,2H,556.103224,Pass,Cross,96.0,83.0,86.0,65.0
32,Opponent2,Opponent2_M3,,2H,647.3477499999999,Pass,Cross,83.0,92.0,88.0,54.0
32,Opponent2,Opponent2_M4,,2H,657.6857399999999,Pass,Cross,74.0,88.0,100.0,45.0
32,Opponent2,Opponent2_F3,,2H,832.854511,Pass,Cross,96.0,28.0,95.0,81.0
32,Huskies,Huskies_D8,,2H,1031.233311,Pass,Cross,97.0,99.0,91.0,64.0
32,Opponent2,Opponent2_D1,,2H,1542.4914200000003,Pass,Cross,96.0,77.0,97.0,68.0
32,Opponent2,Opponent2_D1,,2H,2388.918963,Pass,Cross,90.0,76.0,100.0,100.0
32,Huskies,Huskies_D8,,2H,2807.396415,Pass,Cross,92.0,76.0,89.0,57.0
32,Huskies,Huskies_D8,,2H,2814.33604,Pass,Cross,92.0,87.0,94.0,6.0
32,Huskies,Huskies_M12,,2H,2839.5961310000002,Pass,Cross,85.0,8.0,90.0,43.0
33,Huskies,Huskies_M12,Huskies_F5,1H,9.851144000000005,Pass,Cross,88.0,11.0,85.0,15.0
33,Huskies,Huskies_D8,,1H,77.961859,Pass,Cross,73.0,88.0,84.0,65.0
33,Huskies,Huskies_D4,,1H,401.16046500000004,Pass,Cross,87.0,5.0,88.0,48.0
33,Opponent16,Opponent16_F1,,1H,599.366075,Pass,Cross,92.0,12.0,97.0,57.0
33,Opponent16,Opponent16_M3,Opponent16_F3,1H,665.496189,Pass,Cross,93.0,27.0,89.0,48.0
33,Opponent16,Opponent16_F6,,1H,800.64079,Pass,Cross,91.0,75.0,100.0,100.0
33,Opponent16,Opponent16_D5,,1H,897.933053,Pass,Cross,86.0,92.0,92.0,45.0
33,Huskies,Huskies_M12,,1H,1118.355747,Pass,Cross,83.0,4.0,89.0,50.0
33,Huskies,Huskies_D8,,1H,1313.097298,Pass,Cross,95.0,88.0,96.0,58.0
33,Opponent16,Opponent16_M3,Opponent16_F3,1H,1614.748312,Pass,Cross,76.0,92.0,92.0,55.0
33,Opponent16,Opponent16_M3,,1H,1786.471736,Pass,Cross,78.0,93.0,100.0,100.0
33,Opponent16,Opponent16_D4,Opponent16_F3,2H,192.12813800000004,Pass,Cross,94.0,95.0,90.0,65.0
33,Opponent16,Opponent16_M3,,2H,242.76317299999982,Pass,Cross,93.0,78.0,95.0,56.0
33,Opponent16,Opponent16_D5,,2H,274.6336550000001,Pass,Cross,92.0,78.0,91.0,43.0
33,Opponent16,Opponent16_D5,,2H,279.3261299999999,Pass,Cross,94.0,77.0,92.0,58.0
33,Opponent16,Opponent16_M3,,2H,655.3085139999998,Pass,Cross,95.0,70.0,96.0,0.0
33,Opponent16,Opponent16_M3,,2H,1219.8978690000004,Pass,Cross,72.0,93.0,89.0,41.0
33,Opponent16,Opponent16_F6,,2H,1537.2265020000004,Pass,Cross,95.0,89.0,93.0,59.0
33,Huskies,Huskies_D4,Huskies_F5,2H,1915.167821,Pass,Cross,95.0,25.0,96.0,51.0
33,Huskies,Huskies_F5,,2H,2184.831284,Pass,Cross,91.0,22.0,79.0,89.0
33,Huskies,Huskies_D8,,2H,2202.7402270000002,Pass,Cross,95.0,84.0,0.0,0.0
33,Huskies,Huskies_D4,,2H,2381.28121,Pass,Cross,80.0,4.0,0.0,0.0
33,Huskies,Huskies_F6,Huskies_F1,2H,2457.4084700000003,Pass,Cross,90.0,81.0,92.0,1.0
33,Huskies,Huskies_F6,,2H,2490.356927,Pass,Cross,93.0,79.0,95.0,42.0
33,Huskies,Huskies_D8,,2H,2548.8988280000003,Pass,Cross,87.0,81.0,90.0,45.0
33,Huskies,Huskies_F6,,2H,2709.2882170000003,Pass,Cross,84.0,87.0,86.0,57.0
34,Opponent18,Opponent18_D4,,1H,208.93283200000002,Pass,Cross,76.0,5.0,85.0,39.0
34,Opponent18,Opponent18_M1,,1H,295.683165,Pass,Cross,91.0,27.0,86.0,43.0
34,Opponent18,Opponent18_F3,,1H,465.920572,Pass,Cross,95.0,24.0,89.0,74.0
34,Opponent18,Opponent18_D4,Opponent18_F3,1H,738.542215,Pass,Cross,92.0,7.0,92.0,39.0
34,Huskies,Huskies_D4,,1H,909.431961,Pass,Cross,97.0,6.0,94.0,43.0
34,Huskies,Huskies_F5,Huskies_F2,1H,1234.386027,Pass,Cross,96.0,68.0,82.0,23.0
34,Huskies,Huskies_F2,,1H,1237.880282,Pass,Cross,82.0,23.0,90.0,40.0
34,Opponent18,Opponent18_M1,,1H,1251.072869,Pass,Cross,91.0,71.0,88.0,40.0
34,Opponent18,Opponent18_M3,,1H,1968.160104,Pass,Cross,98.0,74.0,92.0,10.0
34,Opponent18,Opponent18_D4,,1H,2028.339739,Pass,Cross,96.0,8.0,0.0,0.0
34,Huskies,Huskies_D1,,1H,2080.198961,Pass,Cross,84.0,5.0,81.0,22.0
34,Opponent18,Opponent18_M1,,1H,2799.183936,Pass,Cross,65.0,14.0,87.0,55.0
34,Opponent18,Opponent14_F2,,2H,209.66498300000012,Pass,Cross,81.0,8.0,0.0,0.0
34,Opponent18,Opponent18_M7,,2H,218.22185799999988,Pass,Cross,66.0,25.0,0.0,0.0
34,Huskies,Huskies_F6,,2H,541.527106,Pass,Cross,96.0,88.0,100.0,100.0
34,Huskies,Huskies_F6,,2H,677.5810120000001,Pass,Cross,96.0,89.0,95.0,79.0
34,Huskies,Huskies_D4,,2H,1012.3945549999999,Pass,Cross,77.0,8.0,93.0,32.0
34,Opponent18,Opponent18_M1,,2H,1056.484724,Pass,Cross,67.0,7.0,81.0,30.0
34,Opponent18,Opponent18_M1,,2H,1098.2916160000004,Pass,Cross,84.0,6.0,90.0,54.0
34,Opponent18,Opponent18_D2,,2H,1112.92202,Pass,Cross,91.0,90.0,90.0,56.0
34,Opponent18,Opponent18_D4,,2H,1235.1025019999997,Pass,Cross,81.0,4.0,89.0,52.0
34,Opponent18,Opponent18_D4,Opponent18_F2,2H,1266.8019729999996,Pass,Cross,83.0,6.0,86.0,60.0
34,Opponent18,Opponent18_D3,,2H,1334.9365449999996,Pass,Cross,93.0,86.0,96.0,53.0
34,Opponent18,Opponent18_F3,,2H,1507.2717739999998,Pass,Cross,91.0,75.0,94.0,50.0
34,Opponent18,Opponent18_M1,,2H,1539.925789,Pass,Cross,92.0,88.0,78.0,44.0
34,Huskies,Huskies_M12,,2H,1620.1274089999997,Pass,Cross,91.0,5.0,93.0,47.0
34,Huskies,Huskies_M12,,2H,1676.48409,Pass,Cross,90.0,88.0,89.0,44.0
34,Huskies,Huskies_F5,Huskies_D8,2H,1756.0244380000004,Pass,Cross,96.0,77.0,93.0,55.0
34,Opponent18,Opponent18_F3,,2H,2243.3880440000003,Pass,Cross,91.0,27.0,0.0,0.0
34,Opponent18,Opponent18_F2,Opponent14_F2,2H,2376.6220080000003,Pass,Cross,79.0,93.0,86.0,49.0
34,Opponent18,Opponent18_D4,Opponent14_F2,2H,2382.61518,Pass,Cross,65.0,13.0,90.0,52.0
34,Huskies,Huskies_F6,Huskies_D4,2H,2799.120229,Pass,Cross,89.0,87.0,93.0,16.0
34,Huskies,Huskies_D4,Huskies_M11,2H,2804.224916,Pass,Cross,93.0,16.0,78.0,89.0
34,Opponent18,Opponent18_M5,,2H,2869.146509,Pass,Cross,65.0,82.0,87.0,43.0
35,Huskies,Huskies_M12,,1H,448.361987,Pass,Cross,80.0,13.0,87.0,46.0
35,Huskies,Huskies_D3,,1H,494.357983,Pass,Cross,92.0,79.0,94.0,46.0
35,Opponent17,Opponent17_M7,,1H,643.463071,Pass,Cross,90.0,5.0,100.0,100.0
35,Huskies,Huskies_M12,,1H,889.357185,Pass,Cross,74.0,10.0,87.0,36.0
35,Huskies,Huskies_M1,,1H,1227.009765,Pass,Cross,77.0,74.0,88.0,68.0
35,Huskies,Huskies_D8,,1H,1563.176757,Pass,Cross,93.0,94.0,90.0,69.0
35,Opponent17,Opponent17_M2,,1H,1754.066237,Pass,Cross,90.0,76.0,100.0,100.0
35,Huskies,Huskies_D8,,1H,1921.451591,Pass,Cross,82.0,92.0,0.0,0.0
35,Huskies,Huskies_F6,,1H,1955.033549,Pass,Cross,80.0,89.0,0.0,0.0
35,Huskies,Huskies_F2,Huskies_D1,1H,2041.6656910000002,Pass,Cross,76.0,17.0,89.0,60.0
35,Huskies,Huskies_D8,,1H,2189.81739,Pass,Cross,95.0,85.0,0.0,0.0
35,Huskies,Huskies_M12,,1H,2353.776785,Pass,Cross,85.0,14.0,92.0,48.0
35,Huskies,Huskies_M1,,1H,2531.413521,Pass,Cross,87.0,95.0,97.0,72.0
35,Huskies,Huskies_M12,,1H,2560.002315,Pass,Cross,87.0,93.0,89.0,27.0
35,Huskies,Huskies_D4,,1H,2579.047763,Pass,Cross,90.0,27.0,92.0,58.0
35,Opponent17,Opponent17_D2,,1H,2624.374941,Pass,Cross,94.0,89.0,100.0,76.0
35,Opponent17,Opponent17_D5,,2H,184.24377000000004,Pass,Cross,92.0,6.0,89.0,49.0
35,Huskies,Huskies_M12,Huskies_F6,2H,300.995218,Pass,Cross,80.0,85.0,93.0,29.0
35,Opponent17,Opponent17_F3,,2H,695.713526,Pass,Cross,94.0,82.0,90.0,44.0
35,Opponent17,Opponent17_F3,,2H,1060.1341539999999,Pass,Cross,94.0,72.0,100.0,100.0
35,Opponent17,Opponent17_D5,,2H,1371.8707860000004,Pass,Cross,95.0,10.0,92.0,40.0
35,Opponent17,Opponent17_M7,,2H,1387.6027050000002,Pass,Cross,76.0,14.0,95.0,57.0
35,Opponent17,Opponent17_M7,Opponent17_F3,2H,1606.3263610000004,Pass,Cross,86.0,8.0,86.0,51.0
35,Opponent17,Opponent17_M8,,2H,2111.777284,Pass,Cross,69.0,98.0,100.0,100.0
35,Opponent17,Opponent17_M8,,2H,2270.948319,Pass,Cross,96.0,71.0,100.0,100.0
35,Opponent17,Opponent17_F3,,2H,2670.745637,Pass,Cross,95.0,20.0,89.0,48.0
35,Opponent17,Opponent17_D2,,2H,2684.324689,Pass,Cross,68.0,96.0,89.0,45.0
35,Opponent17,Opponent17_F3,,2H,2691.587816,Pass,Cross,92.0,9.0,91.0,56.0
35,Opponent17,Opponent17_D2,Opponent17_M7,2H,2817.528803,Pass,Cross,79.0,92.0,91.0,9.0
35,Opponent17,Opponent17_M7,,2H,2823.2487140000003,Pass,Cross,91.0,9.0,80.0,69.0
35,Opponent17,Opponent17_D3,,2H,2831.728698,Pass,Cross,73.0,83.0,86.0,65.0
35,Opponent17,Opponent17_M8,,2H,3045.558572,Pass,Cross,72.0,89.0,94.0,47.0
36,Huskies,Huskies_D8,,1H,352.257596,Pass,Cross,89.0,93.0,100.0,100.0
36,Opponent15,Opponent15_M3,,1H,554.409345,Pass,Cross,95.0,91.0,0.0,0.0
36,Huskies,Huskies_D8,,1H,1014.980112,Pass,Cross,95.0,90.0,94.0,63.0
36,Huskies,Huskies_D8,,1H,1619.350598,Pass,Cross,90.0,86.0,96.0,56.0
36,Opponent15,Opponent15_F3,,1H,1882.933596,Pass,Cross,80.0,99.0,90.0,46.0
36,Opponent15,Opponent15_D6,,1H,1949.941492,Pass,Cross,89.0,87.0,91.0,66.0
36,Opponent15,Opponent15_D6,,1H,2040.015331,Pass,Cross,88.0,97.0,90.0,54.0
36,Opponent15,Opponent15_D6,,1H,2054.10367,Pass,Cross,80.0,97.0,89.0,42.0
36,Opponent15,Opponent15_D3,,1H,2202.298424,Pass,Cross,72.0,15.0,93.0,65.0
36,Huskies,Huskies_M9,,1H,2466.453355,Pass,Cross,84.0,76.0,100.0,100.0
36,Opponent15,Opponent15_D6,,1H,2666.663817,Pass,Cross,72.0,88.0,0.0,0.0
36,Huskies,Huskies_F2,,1H,2763.802286,Pass,Cross,73.0,78.0,100.0,100.0
36,Opponent15,Opponent15_D6,,2H,89.36896200000001,Pass,Cross,84.0,93.0,92.0,31.0
36,Opponent15,Opponent15_M3,,2H,109.5244630000002,Pass,Cross,68.0,13.0,89.0,38.0
36,Huskies,Huskies_F6,,2H,367.3350770000002,Pass,Cross,92.0,74.0,100.0,100.0
36,Opponent15,Opponent15_M5,,2H,447.0367019999999,Pass,Cross,92.0,13.0,89.0,43.0
36,Opponent15,Opponent15_D6,,2H,490.29174999999987,Pass,Cross,95.0,84.0,91.0,26.0
36,Opponent15,Opponent15_D5,,2H,602.1345070000002,Pass,Cross,84.0,16.0,90.0,31.0
36,Opponent15,Opponent15_M6,,2H,922.613339,Pass,Cross,93.0,83.0,90.0,38.0
36,Opponent15,Opponent15_M5,,2H,1186.3957650000002,Pass,Cross,81.0,86.0,0.0,0.0
36,Opponent15,Opponent15_D4,,2H,1337.7770739999996,Pass,Cross,98.0,23.0,14.0,49.0
36,Huskies,Huskies_F4,Huskies_D4,2H,1914.3875420000004,Pass,Cross,94.0,87.0,86.0,28.0
36,Opponent15,Opponent15_M7,,2H,2263.147358,Pass,Cross,91.0,90.0,0.0,0.0
36,Opponent15,Opponent15_M8,,2H,2343.188749,Pass,Cross,64.0,17.0,99.0,71.0
37,Opponent13,Opponent13_D3,,1H,43.62641100000002,Pass,Cross,94.0,96.0,92.0,58.0
37,Opponent13,Opponent13_D4,,1H,219.97103900000002,Pass,Cross,78.0,7.0,98.0,100.0
37,Huskies,Huskies_M12,,1H,349.35793,Pass,Cross,78.0,95.0,89.0,52.0
37,Huskies,Huskies_M9,,1H,560.838202,Pass,Cross,81.0,10.0,91.0,64.0
37,Huskies,Huskies_D8,,1H,751.036103,Pass,Cross,83.0,96.0,88.0,42.0
37,Huskies,Huskies_M1,Huskies_M1,1H,1015.064263,Pass,Cross,74.0,95.0,83.0,66.0
37,Huskies,Huskies_M12,,1H,1261.310243,Pass,Cross,81.0,94.0,98.0,40.0
37,Huskies,Huskies_D4,,1H,1476.141226,Pass,Cross,68.0,8.0,90.0,49.0
37,Opponent13,Opponent13_D4,,1H,1562.899331,Pass,Cross,90.0,33.0,100.0,49.0
37,Opponent13,Opponent13_M1,,1H,1616.306047,Pass,Cross,90.0,93.0,92.0,49.0
37,Opponent13,Opponent13_D3,,1H,1845.5053280000002,Pass,Cross,95.0,93.0,75.0,9.0
37,Huskies,Huskies_D8,,1H,2041.3369670000002,Pass,Cross,97.0,94.0,0.0,0.0
37,Opponent13,Opponent13_M6,,1H,2415.865815,Pass,Cross,81.0,8.0,86.0,45.0
37,Huskies,Huskies_D8,Huskies_M1,1H,2468.276506,Pass,Cross,99.0,88.0,92.0,8.0
37,Huskies,Huskies_M1,,1H,2475.16216,Pass,Cross,92.0,8.0,0.0,0.0
37,Huskies,Huskies_M12,,1H,2487.942599,Pass,Cross,71.0,95.0,92.0,66.0
37,Opponent13,Opponent13_D4,,2H,539.912624,Pass,Cross,97.0,4.0,100.0,100.0
37,Opponent13,Opponent13_D3,Opponent13_M8,2H,636.5524150000001,Pass,Cross,95.0,91.0,94.0,39.0
37,Huskies,Huskies_F4,,2H,934.5110949999998,Pass,Cross,98.0,83.0,0.0,0.0
37,Huskies,Huskies_M1,,2H,983.0066400000001,Pass,Cross,69.0,96.0,89.0,41.0
37,Huskies,Huskies_D4,,2H,1211.0695859999996,Pass,Cross,93.0,11.0,94.0,70.0
37,Huskies,Huskies_F4,Huskies_F5,2H,1216.6617889999998,Pass,Cross,93.0,70.0,95.0,39.0
37,Opponent13,Opponent13_D4,,2H,1427.325242,Pass,Cross,98.0,32.0,98.0,40.0
37,Huskies,Huskies_D8,,2H,1645.3209690000003,Pass,Cross,91.0,88.0,86.0,53.0
37,Huskies,Huskies_M3,,2H,1656.1634199999999,Pass,Cross,98.0,92.0,88.0,39.0
37,Huskies,Huskies_M2,,2H,2466.947172,Pass,Cross,76.0,93.0,89.0,37.0
37,Huskies,Huskies_D8,,2H,2546.2159490000004,Pass,Cross,79.0,90.0,88.0,34.0
37,Huskies,Huskies_M1,,2H,2581.321623,Pass,Cross,74.0,95.0,88.0,75.0
37,Huskies,Huskies_D8,,2H,2634.860745,Pass,Cross,87.0,88.0,0.0,0.0
37,Huskies,Huskies_F4,,2H,2991.6802049999997,Pass,Cross,94.0,8.0,0.0,0.0
38,Opponent14,Opponent14_M5,Opponent14_M1,1H,39.32039800000001,Pass,Cross,93.0,91.0,87.0,56.0
38,Huskies,Huskies_F4,,1H,128.76755400000002,Pass,Cross,82.0,90.0,100.0,100.0
38,Opponent14,Opponent14_D5,,1H,326.438628,Pass,Cross,94.0,3.0,90.0,60.0
38,Opponent14,Opponent14_D2,,1H,493.671106,Pass,Cross,76.0,10.0,92.0,45.0
38,Opponent14,Opponent14_D5,Opponent14_F1,1H,553.005095,Pass,Cross,94.0,24.0,88.0,36.0
38,Huskies,Huskies_D8,Huskies_F5,1H,1453.071118,Pass,Cross,98.0,88.0,89.0,53.0
38,Opponent14,Opponent14_F1,,1H,2002.1298499999998,Pass,Cross,92.0,24.0,0.0,0.0
38,Opponent14,Opponent14_D2,Opponent14_D4,1H,2032.7830250000002,Pass,Cross,82.0,25.0,91.0,44.0
38,Huskies,Huskies_D4,,1H,2400.973465,Pass,Cross,87.0,7.0,87.0,57.0
38,Opponent14,Opponent14_D2,,1H,2745.283883,Pass,Cross,84.0,9.0,0.0,0.0
38,Opponent14,Opponent14_D2,,1H,2759.846195,Pass,Cross,77.0,4.0,96.0,62.0
38,Huskies,Huskies_M4,,2H,230.28763299999991,Pass,Cross,88.0,9.0,89.0,26.0
38,Opponent14,Opponent14_D1,,2H,953.6652860000004,Pass,Cross,67.0,76.0,89.0,56.0
38,Opponent14,Opponent14_M6,,2H,1040.919621,Pass,Cross,98.0,25.0,88.0,43.0
38,Huskies,Huskies_M1,,2H,1327.0737040000004,Pass,Cross,68.0,72.0,100.0,100.0
38,Huskies,Huskies_D4,,2H,1482.3294720000004,Pass,Cross,71.0,27.0,86.0,61.0
38,Opponent14,Opponent14_F1,Opponent14_D1,2H,1809.230004,Pass,Cross,93.0,84.0,91.0,57.0
38,Opponent14,Opponent14_F1,Opponent14_M1,2H,2079.8580949999996,Pass,Cross,90.0,75.0,91.0,8.0
38,Huskies,Huskies_M12,,2H,2642.981466,Pass,Cross,86.0,94.0,88.0,71.0
38,Opponent14,Opponent14_F1,,2H,2789.232666,Pass,Cross,99.0,72.0,0.0,0.0
