1,Huskies,Huskies_F2,,1H,209.472692,Foul,Foul,44.0,94.0,44.0,95.0
1,Huskies,Huskies_D2,,1H,797.654391,Foul,Foul,44.0,85.0,44.0,88.0
1,Huskies,Huskies_F1,,1H,840.034574,Foul,Foul,33.0,95.0,32.0,88.0
1,Opponent1,Opponent1_M2,,1H,928.0520260000001,Foul,Foul,66.0,77.0,67.0,66.0
1,Huskies,Huskies_F2,,1H,1037.890469,Foul,Foul,37.0,31.0,34.0,33.0
1,Opponent1,Opponent1_M1,,1H,1549.97065,Foul,Foul,56.0,36.0,54.0,15.0
1,Opponent1,Opponent1_M3,,1H,1713.275102,Foul,Foul,44.0,16.0,45.0,14.0
1,Opponent1,Opponent1_M3,,1H,1905.7979810000002,Foul,Foul,39.0,38.0,39.0,28.0
1,Huskies,Huskies_D2,,1H,2428.446805,Foul,Foul,92.0,49.0,92.0,44.0
1,Huskies,Huskies_M1,,1H,2492.383472,Foul,Foul,43.0,77.0,43.0,80.0
1,Huskies,Huskies_F3,,2H,97.857215,Foul,Foul,34.0,2.0,40.0,4.0
1,Opponent1,Opponent1_F2,,2H,280.6688570000001,Foul,Foul,41.0,12.0,44.0,12.0
1,Huskies,Huskies_M2,,2H,409.62496599999986,Foul,Foul,77.0,97.0,77.0,95.0
1,Opponent1,Opponent1_D1,,2H,534.142143,Foul,Foul,21.0,7.0,19.0,6.0
1,Huskies,Huskies_M3,,2H,708.3158039999998,Foul,Foul,39.0,41.0,41.0,41.0
1,Huskies,Huskies_M2,,2H,790.9126889999998,Foul,Foul,45.0,48.0,46.0,49.0
1,Huskies,Huskies_M4,,2H,1135.40819,Foul,Foul,87.0,4.0,85.0,12.0
1,Huskies,Huskies_M3,,2H,1182.0110489999997,Foul,Foul,37.0,5.0,28.0,15.0
1,Opponent1,Opponent1_F5,,2H,2032.816304,Foul,Foul,90.0,52.0,90.0,52.0
1,Huskies,Huskies_D5,,2H,2373.4928470000004,Foul,Foul,63.0,56.0,74.0,67.0
1,Opponent1,Opponent1_M3,,2H,2525.6983200000004,Foul,Foul,58.0,59.0,59.0,61.0
1,Opponent1,Opponent1_D1,,2H,2805.610116,Foul,Foul,34.0,34.0,33.0,36.0
1,Opponent1,Opponent1_M1,,2H,2894.702719,Foul,Foul,72.0,62.0,71.0,64.0
2,Huskies,Huskies_M1,,1H,280.46353,Foul,Foul,29.0,74.0,27.0,77.0
2,Opponent2,Opponent2_F2,,1H,1316.470414,Foul,Foul,95.0,30.0,94.0,32.0
2,Opponent2,Opponent2_M3,,1H,1760.342916,Foul,Foul,24.0,4.0,26.0,6.0
2,Huskies,Huskies_D6,,1H,2199.772466,Foul,Foul,27.0,95.0,27.0,94.0
2,Huskies,Huskies_M1,,1H,2305.669224,Foul,Foul,39.0,81.0,40.0,80.0
2,Opponent2,Opponent2_D1,,1H,2470.24838,Foul,Foul,63.0,80.0,66.0,75.0
2,Opponent2,Opponent2_D1,,1H,2646.26303,Foul,Foul,34.0,90.0,35.0,84.0
2,Opponent2,Opponent2_M1,,1H,2734.605968,Foul,Foul,65.0,79.0,67.0,83.0
2,Huskies,Huskies_D6,,2H,504.85835499999985,Foul,Foul,33.0,70.0,34.0,70.0
2,Huskies,Huskies_M1,,2H,687.7111580000001,Foul,Foul,26.0,48.0,26.0,45.0
2,Opponent2,Opponent2_F3,,2H,1036.314645,Foul,Foul,15.0,93.0,16.0,96.0
2,Opponent2,Opponent2_D4,,2H,1921.7901979999997,Foul,Foul,34.0,88.0,35.0,88.0
2,Huskies,Huskies_F2,,2H,2051.251335,Foul,Foul,29.0,87.0,27.0,81.0
2,Huskies,Huskies_F2,,2H,2281.5431049999997,Foul,Foul,84.0,87.0,81.0,84.0
2,Huskies,Huskies_M3,,2H,2561.446589,Foul,Foul,56.0,71.0,59.0,69.0
3,Opponent3,Opponent3_M3,,1H,85.01384000000002,Foul,Foul,59.0,23.0,59.0,29.0
3,Opponent3,Opponent3_M2,,1H,307.584703,Foul,Foul,31.0,89.0,29.0,93.0
3,Huskies,Huskies_M1,,1H,494.787454,Foul,Foul,43.0,78.0,42.0,72.0
3,Opponent3,Opponent3_M2,,1H,1314.086116,Foul,Foul,74.0,96.0,72.0,97.0
3,Huskies,Huskies_D2,,1H,1566.892456,Foul,Foul,30.0,14.0,29.0,27.0
3,Opponent3,Opponent3_M1,,1H,2028.1172700000002,Foul,Foul,43.0,30.0,43.0,32.0
3,Huskies,Huskies_F2,,1H,2746.724232,Foul,Foul,62.0,89.0,61.0,94.0
3,Huskies,Huskies_F2,,1H,2802.731196,Foul,Foul,66.0,69.0,70.0,75.0
3,Opponent3,Opponent3_M3,,2H,532.7709500000001,Foul,Foul,80.0,37.0,82.0,34.0
3,Huskies,Huskies_F1,,2H,1055.344013,Foul,Foul,99.0,90.0,96.0,85.0
3,Huskies,Huskies_M7,,2H,1258.1785309999996,Foul,Foul,40.0,84.0,43.0,88.0
3,Huskies,Huskies_F1,,2H,1506.9763659999999,Foul,Foul,40.0,6.0,43.0,7.0
3,Opponent3,Opponent3_M3,,2H,1754.0782959999997,Foul,Foul,56.0,38.0,55.0,39.0
3,Opponent3,Opponent3_M2,,2H,1815.4588880000001,Foul,Foul,36.0,92.0,39.0,92.0
3,Opponent3,Opponent3_D4,,2H,2020.6213399999997,Foul,Foul,72.0,17.0,74.0,11.0
3,Opponent3,Opponent3_D3,,2H,2089.702897,Foul,Foul,29.0,85.0,33.0,91.0
3,Opponent3,Opponent3_D2,,2H,2559.5753560000003,Foul,Foul,11.0,89.0,10.0,91.0
4,Opponent4,Opponent4_D2,,1H,42.061299,Foul,Foul,30.0,85.0,30.0,88.0
4,Opponent4,Opponent4_F1,,1H,102.219511,Foul,Foul,74.0,20.0,74.0,18.0
4,Huskies,Huskies_D2,,1H,286.668547,Foul,Foul,49.0,14.0,51.0,12.0
4,Opponent4,Opponent4_D2,,1H,403.496041,Foul,Foul,58.0,17.0,59.0,18.0
4,Opponent4,Opponent4_M3,,1H,502.97853,Foul,Foul,69.0,27.0,69.0,31.0
4,Opponent4,Opponent4_D3,,1H,757.044281,Foul,Foul,4.0,82.0,5.0,84.0
4,Opponent4,Opponent4_D4,,1H,1315.753685,Foul,Foul,38.0,93.0,39.0,92.0
4,Huskies,Huskies_D5,,1H,1512.273493,Foul,Foul,27.0,71.0,26.0,68.0
4,Huskies,Huskies_D5,,1H,2296.979907,Foul,Foul,74.0,86.0,78.0,91.0
4,Opponent4,Opponent4_D4,,1H,2360.880029,Foul,Foul,59.0,82.0,63.0,82.0
4,Huskies,Huskies_M2,,1H,2694.615762,Foul,Foul,66.0,10.0,3.0,1.0
4,Huskies,Huskies_M4,,2H,263.9377810000001,Foul,Foul,9.0,5.0,11.0,5.0
4,Huskies,Huskies_D5,,2H,385.35601099999985,Foul,Foul,41.0,84.0,37.0,88.0
4,Huskies,Huskies_M1,,2H,666.3679259999999,Foul,Foul,28.0,88.0,13.0,11.0
4,Huskies,Huskies_F2,,2H,846.2671810000002,Foul,Foul,80.0,5.0,80.0,6.0
4,Opponent4,Opponent4_F1,,2H,916.8548420000002,Foul,Foul,71.0,64.0,72.0,66.0
4,Huskies,Huskies_M1,,2H,1172.358025,Foul,Foul,34.0,82.0,12.0,12.0
4,Huskies,Huskies_D5,,2H,1219.9914019999997,Foul,Foul,72.0,80.0,72.0,82.0
4,Opponent4,Opponent4_M5,,2H,1597.0966310000003,Foul,Foul,46.0,7.0,43.0,10.0
4,Huskies,Huskies_M1,,2H,1678.2987730000004,Foul,Foul,38.0,78.0,34.0,75.0
4,Opponent4,Opponent4_F1,,2H,1966.698598,Foul,Foul,53.0,46.0,54.0,49.0
4,Huskies,Huskies_D5,,2H,2137.948432,Foul,Foul,67.0,99.0,69.0,98.0
4,Opponent4,Opponent4_F2,,2H,2431.4745089999997,Foul,Foul,58.0,24.0,54.0,22.0
4,Huskies,Huskies_D2,,2H,2467.5622439999997,Foul,Foul,33.0,75.0,35.0,74.0
4,Huskies,Huskies_F2,,2H,2539.453227,Foul,Foul,59.0,95.0,7.0,7.0
5,Huskies,Huskies_M4,,1H,92.58952099999999,Foul,Foul,39.0,24.0,36.0,26.0
5,Opponent5,Opponent5_M2,,1H,659.509678,Foul,Foul,65.0,80.0,67.0,78.0
5,Opponent5,Opponent5_M3,,1H,853.151079,Foul,Foul,33.0,26.0,34.0,24.0
5,Huskies,Huskies_F2,,1H,890.125851,Foul,Foul,97.0,62.0,97.0,60.0
5,Opponent5,Opponent5_D2,,1H,1057.725748,Foul,Foul,45.0,89.0,23.0,45.0
5,Opponent5,Opponent5_M1,,1H,1295.546658,Foul,Foul,73.0,28.0,73.0,26.0
5,Huskies,Huskies_D2,,1H,1388.45536,Foul,Foul,28.0,57.0,28.0,58.0
5,Opponent5,Opponent5_M1,,1H,1577.486153,Foul,Foul,26.0,23.0,15.0,11.0
5,Opponent5,Opponent5_D2,,1H,1643.346274,Foul,Foul,70.0,81.0,69.0,80.0
5,Huskies,Huskies_D5,,1H,1849.037064,Foul,Foul,92.0,71.0,93.0,73.0
5,Opponent5,Opponent5_M3,,1H,1977.851933,Foul,Foul,72.0,45.0,37.0,17.0
5,Opponent5,Opponent5_F1,,1H,2184.224982,Foul,Foul,61.0,67.0,64.0,69.0
5,Opponent5,Opponent5_D4,,1H,2722.232501,Foul,Foul,31.0,79.0,32.0,84.0
5,Huskies,Huskies_M4,,2H,150.2288349999999,Foul,Foul,73.0,83.0,72.0,89.0
5,Opponent5,Opponent5_D3,,2H,165.94629200000008,Foul,Foul,58.0,9.0,59.0,8.0
5,Huskies,Huskies_M4,,2H,417.47011299999986,Foul,Foul,44.0,80.0,44.0,73.0
5,Huskies,Huskies_M3,,2H,684.292465,Foul,Foul,32.0,86.0,34.0,81.0
5,Huskies,Huskies_D2,,2H,1071.165282,Foul,Foul,19.0,67.0,21.0,68.0
5,Opponent5,Opponent5_D4,,2H,1169.9125629999999,Foul,Foul,83.0,30.0,79.0,31.0
5,Opponent5,Opponent5_M5,,2H,1274.5150290000001,Foul,Foul,52.0,12.0,26.0,8.0
5,Huskies,Huskies_D5,,2H,1418.9595239999999,Foul,Foul,43.0,82.0,45.0,81.0
5,Opponent5,Opponent5_M1,,2H,1510.278131,Foul,Foul,39.0,12.0,39.0,14.0
5,Huskies,Huskies_D5,,2H,1577.725719,Foul,Foul,24.0,96.0,24.0,94.0
5,Huskies,Huskies_F2,,2H,2122.5457479999995,Foul,Foul,67.0,22.0,60.0,17.0
5,Opponent5,Opponent5_F1,,2H,2155.92476,Foul,Foul,80.0,49.0,78.0,47.0
5,Opponent5,Opponent5_D4,,2H,2183.3497930000003,Foul,Foul,56.0,68.0,49.0,69.0
5,Huskies,Huskies_D4,,2H,2572.213635,Foul,Foul,21.0,31.0,21.0,31.0
6,Huskies,Huskies_F1,,1H,133.917241,Foul,Foul,36.0,38.0,40.0,39.0
6,Opponent6,Opponent6_M3,,1H,640.894936,Foul,Foul,25.0,14.0,26.0,13.0
6,Huskies,Huskies_M3,,1H,886.0861170000001,Foul,Foul,80.0,70.0,80.0,70.0
6,Huskies,Huskies_F1,,1H,991.40348,Foul,Foul,95.0,92.0,95.0,89.0
6,Opponent6,Opponent6_D2,,1H,1578.949875,Foul,Foul,45.0,87.0,41.0,85.0
6,Opponent6,Opponent6_M3,,1H,1637.770272,Foul,Foul,74.0,52.0,76.0,51.0
6,Huskies,Huskies_M6,,1H,1693.000249,Foul,Foul,35.0,37.0,35.0,42.0
6,Huskies,Huskies_M1,,1H,1885.907616,Foul,Foul,70.0,76.0,71.0,71.0
6,Opponent6,Opponent6_F2,,1H,1975.508581,Foul,Foul,51.0,84.0,48.0,87.0
6,Opponent6,Opponent6_D3,,1H,2094.618374,Foul,Foul,52.0,49.0,53.0,47.0
6,Opponent6,Opponent6_F2,,1H,2221.545794,Foul,Foul,32.0,8.0,31.0,3.0
6,Opponent6,Opponent6_D2,,1H,2537.379721,Foul,Foul,67.0,27.0,72.0,27.0
6,Huskies,Huskies_F1,,1H,2574.481224,Foul,Foul,73.0,16.0,73.0,16.0
6,Opponent6,Opponent6_F2,,2H,506.266525,Foul,Foul,38.0,14.0,38.0,12.0
6,Huskies,Huskies_M4,,2H,606.0419080000001,Foul,Foul,62.0,80.0,68.0,76.0
6,Huskies,Huskies_M1,,2H,675.9110949999999,Foul,Foul,41.0,81.0,45.0,75.0
6,Huskies,Huskies_M6,,2H,772.6669440000001,Foul,Foul,44.0,31.0,54.0,34.0
6,Opponent6,Opponent6_M4,,2H,1121.2980740000003,Foul,Foul,71.0,65.0,72.0,64.0
6,Huskies,Huskies_D2,,2H,1717.3240459999997,Foul,Foul,33.0,3.0,32.0,3.0
6,Huskies,Huskies_F4,,2H,2080.1260300000004,Foul,Foul,66.0,22.0,70.0,16.0
6,Huskies,Huskies_D4,,2H,2783.403493,Foul,Foul,35.0,23.0,35.0,18.0
6,Opponent6,Opponent6_M3,,2H,2820.9972909999997,Foul,Foul,93.0,42.0,94.0,46.0
7,Opponent7,Opponent7_F1,,1H,337.420396,Foul,Foul,69.0,25.0,68.0,25.0
7,Huskies,Huskies_F1,,1H,587.092892,Foul,Foul,84.0,57.0,82.0,53.0
7,Huskies,Huskies_F4,,1H,944.860802,Foul,Foul,87.0,44.0,87.0,38.0
7,Opponent7,Opponent7_M4,,1H,1512.609713,Foul,Foul,62.0,86.0,64.0,82.0
7,Huskies,Huskies_D2,,1H,2269.484915,Foul,Foul,55.0,13.0,56.0,12.0
7,Opponent7,Opponent7_M1,,1H,2701.062039,Foul,Foul,63.0,61.0,67.0,62.0
7,Opponent7,Opponent7_F1,,2H,72.34641199999987,Foul,Foul,96.0,23.0,97.0,24.0
7,Huskies,Huskies_F1,,2H,189.20985699999983,Foul,Foul,59.0,97.0,61.0,97.0
7,Huskies,Huskies_D4,,2H,776.6212690000002,Foul,Foul,37.0,26.0,37.0,26.0
7,Huskies,Huskies_M4,,2H,1433.7788570000002,Foul,Foul,62.0,92.0,59.0,93.0
7,Huskies,Huskies_D2,,2H,1486.9170370000002,Foul,Foul,25.0,80.0,25.0,78.0
7,Huskies,Huskies_F4,,2H,1550.0950270000003,Foul,Foul,9.0,9.0,8.0,10.0
7,Opponent7,Opponent7_M1,,2H,1629.262928,Foul,Foul,68.0,17.0,65.0,22.0
7,Huskies,Huskies_D1,,2H,2492.0196189999997,Foul,Foul,29.0,71.0,25.0,75.0
7,Huskies,Huskies_F2,,2H,2650.1506689999997,Foul,Foul,67.0,50.0,67.0,52.0
7,Opponent7,Opponent7_F2,,2H,2937.764292,Foul,Foul,35.0,1.0,36.0,4.0
8,Opponent8,Opponent8_D1,,1H,9.369371000000001,Foul,Foul,30.0,83.0,25.0,92.0
8,Opponent8,Opponent8_M1,,1H,772.446775,Foul,Foul,38.0,77.0,35.0,78.0
8,Huskies,Huskies_M3,,1H,1322.597902,Foul,Foul,49.0,15.0,53.0,22.0
8,Opponent8,Opponent8_F1,,1H,1401.160734,Foul,Foul,36.0,16.0,35.0,18.0
8,Opponent8,Opponent8_M1,,1H,1522.907891,Foul,Foul,41.0,14.0,47.0,17.0
8,Huskies,Huskies_F2,,1H,2359.596017,Foul,Foul,60.0,10.0,58.0,9.0
8,Opponent8,Opponent8_F1,,1H,2450.665681,Foul,Foul,71.0,72.0,70.0,70.0
8,Huskies,Huskies_M9,,1H,2729.217684,Foul,Foul,80.0,78.0,76.0,82.0
8,Opponent8,Opponent8_M2,,2H,245.00180799999998,Foul,Foul,76.0,89.0,75.0,92.0
8,Opponent8,Opponent8_M3,,2H,417.47286600000007,Foul,Foul,44.0,43.0,44.0,45.0
8,Huskies,Huskies_M3,,2H,929.682112,Foul,Foul,81.0,28.0,76.0,27.0
8,Huskies,Huskies_D1,,2H,1033.75173,Foul,Foul,22.0,100.0,28.0,94.0
8,Opponent8,Opponent8_M1,,2H,1106.0483080000004,Foul,Foul,91.0,28.0,91.0,26.0
8,Opponent8,Opponent8_D3,,2H,1270.6727330000003,Foul,Foul,45.0,56.0,39.0,54.0
8,Opponent8,Opponent8_F1,,2H,1322.716133,Foul,Foul,23.0,28.0,21.0,29.0
8,Huskies,Huskies_D1,,2H,1428.6854759999997,Foul,Foul,27.0,86.0,33.0,75.0
8,Huskies,Huskies_F4,,2H,2440.0263109999996,Foul,Foul,84.0,15.0,84.0,11.0
8,Opponent8,Opponent8_M5,,2H,2537.8393050000004,Foul,Foul,35.0,39.0,38.0,37.0
8,Huskies,Huskies_M3,,2H,2749.0540360000005,Foul,Foul,42.0,16.0,37.0,3.0
8,Huskies,Huskies_M5,,2H,2843.974043,Foul,Foul,59.0,40.0,56.0,45.0
9,Huskies,Huskies_D1,,1H,217.45146999999997,Foul,Foul,57.0,64.0,58.0,73.0
9,Opponent9,Opponent9_F1,,1H,313.362365,Foul,Foul,44.0,29.0,43.0,28.0
9,Huskies,Huskies_D2,,1H,899.3121639999999,Foul,Foul,28.0,52.0,28.0,47.0
9,Opponent9,Opponent9_F2,,1H,1190.889614,Foul,Foul,73.0,50.0,73.0,48.0
9,Huskies,Huskies_F1,,1H,1287.437592,Foul,Foul,95.0,46.0,95.0,45.0
9,Opponent9,Opponent9_D5,,1H,1419.838563,Foul,Foul,34.0,65.0,34.0,61.0
9,Huskies,Huskies_M1,,1H,1694.098713,Foul,Foul,69.0,57.0,68.0,55.0
9,Huskies,Huskies_D2,,1H,1812.020785,Foul,Foul,31.0,57.0,35.0,59.0
9,Huskies,Huskies_M1,,1H,1933.5983729999998,Foul,Foul,47.0,75.0,47.0,79.0
9,Huskies,Huskies_M1,,1H,1998.6183999999998,Foul,Foul,35.0,43.0,37.0,49.0
9,Huskies,Huskies_M1,,1H,2237.419598,Foul,Foul,69.0,73.0,67.0,72.0
9,Opponent9,Opponent9_F1,,1H,2764.066297,Foul,Foul,39.0,15.0,41.0,16.0
9,Huskies,Huskies_F1,,1H,2798.024042,Foul,Foul,88.0,47.0,89.0,41.0
9,Opponent9,Opponent9_F2,,2H,78.38649600000008,Foul,Foul,25.0,13.0,27.0,13.0
9,Huskies,Huskies_D3,,2H,166.83142399999997,Foul,Foul,29.0,47.0,28.0,50.0
9,Huskies,Huskies_M4,,2H,338.5224710000002,Foul,Foul,64.0,66.0,63.0,72.0
9,Opponent9,Opponent9_M3,,2H,639.2237129999999,Foul,Foul,31.0,14.0,31.0,15.0
9,Huskies,Huskies_D1,,2H,699.7728400000001,Foul,Foul,67.0,64.0,69.0,56.0
9,Opponent9,Opponent9_D1,,2H,1193.7377690000003,Foul,Foul,42.0,68.0,41.0,72.0
9,Huskies,Huskies_M1,,2H,1375.0097619999997,Foul,Foul,70.0,65.0,70.0,68.0
9,Opponent9,Opponent9_M3,,2H,1613.9090699999997,Foul,Foul,40.0,93.0,42.0,89.0
9,Opponent9,Opponent9_M3,,2H,1806.62684,Foul,Foul,24.0,22.0,25.0,25.0
9,Opponent9,Opponent9_M2,,2H,1979.7661850000004,Foul,Foul,72.0,73.0,70.0,72.0
9,Opponent9,Opponent9_M2,,2H,2314.4659680000004,Foul,Foul,96.0,44.0,97.0,42.0
9,Opponent9,Opponent9_D3,,2H,2433.0121390000004,Foul,Foul,65.0,53.0,68.0,57.0
9,Huskies,Huskies_D4,,2H,2525.467812,Foul,Foul,57.0,8.0,55.0,11.0
9,Opponent9,Opponent9_M5,,2H,2743.4161569999997,Foul,Foul,23.0,59.0,23.0,61.0
9,Huskies,Huskies_M4,,2H,2902.2969249999996,Foul,Foul,39.0,74.0,38.0,79.0
10,Huskies,Huskies_F1,,1H,221.422646,Foul,Foul,89.0,91.0,84.0,94.0
10,Huskies,Huskies_D4,,1H,723.579221,Foul,Foul,30.0,25.0,33.0,25.0
10,Opponent10,Opponent10_M3,,1H,992.6105520000001,Foul,Foul,32.0,15.0,32.0,17.0
10,Huskies,Huskies_M4,,1H,1181.759428,Foul,Foul,38.0,63.0,48.0,62.0
10,Huskies,Huskies_F2,,1H,1403.647889,Foul,Foul,68.0,75.0,68.0,79.0
10,Opponent10,Opponent10_M1,,1H,1623.941138,Foul,Foul,29.0,41.0,30.0,48.0
10,Opponent10,Opponent10_M2,,1H,2074.770927,Foul,Foul,53.0,87.0,52.0,86.0
10,Opponent10,Opponent10_F1,,1H,2212.491809,Foul,Foul,26.0,8.0,30.0,12.0
10,Opponent10,Opponent10_D5,,1H,2527.821726,Foul,Foul,35.0,49.0,35.0,49.0
10,Huskies,Huskies_M8,,1H,2754.712564,Foul,Foul,65.0,87.0,64.0,88.0
10,Huskies,Huskies_F2,,2H,170.4106280000001,Foul,Foul,67.0,60.0,67.0,60.0
10,Huskies,Huskies_F4,,2H,578.548742,Foul,Foul,40.0,13.0,40.0,14.0
10,Huskies,Huskies_F4,,2H,631.6329449999998,Foul,Foul,33.0,35.0,34.0,27.0
10,Opponent10,Opponent10_M1,,2H,1187.4765939999997,Foul,Foul,59.0,19.0,58.0,15.0
10,Huskies,Huskies_D3,,2H,1815.691527,Foul,Foul,12.0,91.0,15.0,89.0
10,Huskies,Huskies_M4,,2H,2881.5394340000003,Foul,Foul,73.0,82.0,68.0,71.0
11,Opponent11,Opponent11_D3,,1H,382.66838600000005,Foul,Foul,8.0,10.0,6.0,8.0
11,Huskies,Huskies_M1,,1H,873.85267,Foul,Foul,47.0,67.0,46.0,70.0
11,Huskies,Huskies_M11,,1H,1234.645717,Foul,Foul,42.0,83.0,40.0,77.0
11,Opponent11,Opponent11_D2,,1H,1762.169757,Foul,Foul,61.0,64.0,64.0,60.0
11,Huskies,Huskies_M4,,1H,1799.001917,Foul,Foul,72.0,51.0,72.0,50.0
11,Opponent11,Opponent11_D4,,1H,2050.299801,Foul,Foul,26.0,4.0,20.0,3.0
11,Huskies,Huskies_M4,,1H,2176.38061,Foul,Foul,81.0,94.0,80.0,96.0
11,Huskies,Huskies_M1,,1H,2228.884388,Foul,Foul,45.0,83.0,43.0,80.0
11,Opponent11,Opponent11_D2,,1H,2268.782697,Foul,Foul,19.0,3.0,23.0,5.0
11,Opponent11,Opponent11_M4,,1H,2310.128791,Foul,Foul,34.0,91.0,31.0,90.0
11,Huskies,Huskies_F4,,1H,2643.940682,Foul,Foul,78.0,32.0,74.0,33.0
11,Opponent11,Opponent11_D4,,1H,2685.67089,Foul,Foul,44.0,12.0,46.0,9.0
11,Opponent11,Opponent11_D3,,1H,2757.162775,Foul,Foul,45.0,87.0,47.0,84.0
11,Huskies,Huskies_M4,,2H,323.88194699999985,Foul,Foul,68.0,79.0,68.0,81.0
11,Opponent11,Opponent11_M4,,2H,370.9245169999999,Foul,Foul,69.0,30.0,66.0,29.0
11,Opponent11,Opponent11_D4,,2H,1408.3479180000004,Foul,Foul,31.0,17.0,33.0,15.0
11,Opponent11,Opponent11_F2,,2H,1606.8961010000003,Foul,Foul,77.0,20.0,77.0,19.0
11,Huskies,Huskies_D7,,2H,1740.6779159999996,Foul,Foul,12.0,95.0,13.0,93.0
11,Huskies,Huskies_D1,,2H,2099.206502,Foul,Foul,31.0,29.0,30.0,30.0
11,Huskies,Huskies_M10,,2H,2190.0468570000003,Foul,Foul,37.0,69.0,38.0,69.0
11,Opponent11,Opponent11_D2,,2H,2640.2527410000002,Foul,Foul,8.0,27.0,11.0,26.0
11,Huskies,Huskies_M8,,2H,3116.212953,Foul,Foul,92.0,95.0,93.0,93.0
11,Huskies,Huskies_G1,,2H,3253.257654,Foul,Foul,6.0,51.0,7.0,50.0
11,Opponent11,Opponent11_M2,,2H,3350.622279,Foul,Foul,31.0,73.0,34.0,72.0
11,Huskies,Huskies_F1,,2H,3401.302535,Foul,Foul,92.0,14.0,92.0,11.0
12,Huskies,Huskies_M3,,1H,15.232047999999992,Foul,Foul,55.0,29.0,55.0,20.0
12,Opponent12,Opponent12_D1,,1H,283.316932,Foul,Foul,12.0,66.0,13.0,66.0
12,Huskies,Huskies_F4,,1H,993.593797,Foul,Foul,77.0,23.0,73.0,20.0
12,Huskies,Huskies_M1,,1H,1050.407917,Foul,Foul,26.0,89.0,27.0,91.0
12,Opponent12,Opponent12_M6,,1H,1271.813738,Foul,Foul,86.0,15.0,89.0,15.0
12,Huskies,Huskies_M3,,1H,1500.565618,Foul,Foul,62.0,21.0,61.0,22.0
12,Huskies,Huskies_M10,,1H,1543.207314,Foul,Foul,44.0,27.0,40.0,18.0
12,Huskies,Huskies_D4,,1H,1587.306825,Foul,Foul,9.0,4.0,18.0,6.0
12,Opponent12,Opponent12_M5,,1H,1879.188096,Foul,Foul,30.0,88.0,29.0,86.0
12,Huskies,Huskies_M10,,1H,1999.077052,Foul,Foul,73.0,6.0,73.0,11.0
12,Opponent12,Opponent12_D2,,1H,2396.387094,Foul,Foul,41.0,91.0,42.0,89.0
12,Huskies,Huskies_F4,,1H,2528.36931,Foul,Foul,68.0,35.0,67.0,33.0
12,Huskies,Huskies_M10,,1H,2601.435697,Foul,Foul,29.0,27.0,32.0,26.0
12,Huskies,Huskies_D1,,1H,2625.230053,Foul,Foul,20.0,16.0,22.0,19.0
12,Opponent12,Opponent12_M2,,2H,26.58214799999996,Foul,Foul,67.0,73.0,67.0,74.0
12,Huskies,Huskies_F1,,2H,250.42978600000015,Foul,Foul,78.0,82.0,79.0,87.0
12,Huskies,Huskies_F1,,2H,332.5128370000002,Foul,Foul,40.0,77.0,38.0,69.0
12,Huskies,Huskies_D7,,2H,347.1318070000002,Foul,Foul,27.0,94.0,28.0,92.0
12,Huskies,Huskies_D4,,2H,369.901922,Foul,Foul,31.0,21.0,30.0,17.0
12,Huskies,Huskies_F4,,2H,429.4163520000002,Foul,Foul,12.0,12.0,17.0,12.0
12,Huskies,Huskies_M4,,2H,552.2067579999998,Foul,Foul,68.0,82.0,71.0,76.0
12,Huskies,Huskies_D7,,2H,610.4061150000002,Foul,Foul,56.0,82.0,66.0,72.0
12,Huskies,Huskies_D7,,2H,639.2530609999999,Foul,Foul,52.0,83.0,51.0,87.0
12,Opponent12,Opponent12_D3,,2H,912.4406880000001,Foul,Foul,22.0,22.0,22.0,21.0
12,Huskies,Huskies_F1,,2H,979.5553710000004,Foul,Foul,95.0,54.0,93.0,49.0
12,Huskies,Huskies_M4,,2H,1022.1558930000001,Foul,Foul,31.0,26.0,28.0,20.0
12,Huskies,Huskies_M4,,2H,1119.9546250000003,Foul,Foul,20.0,66.0,25.0,71.0
12,Opponent12,Opponent12_M1,,2H,1248.0612440000004,Foul,Foul,86.0,59.0,86.0,57.0
12,Huskies,Huskies_F1,,2H,1738.6721550000002,Foul,Foul,77.0,1.0,66.0,7.0
12,Opponent12,Opponent12_D2,,2H,1830.7148319999997,Foul,Foul,59.0,75.0,61.0,77.0
12,Huskies,Huskies_F1,,2H,1958.846826,Foul,Foul,32.0,94.0,31.0,95.0
12,Huskies,Huskies_D4,,2H,2392.138221,Foul,Foul,34.0,4.0,31.0,3.0
12,Opponent12,Opponent12_M5,,2H,2481.615137,Foul,Foul,54.0,43.0,55.0,41.0
12,Huskies,Huskies_M6,,2H,2760.3777849999997,Foul,Foul,41.0,2.0,30.0,4.0
13,Huskies,Huskies_M6,,1H,208.72508599999998,Foul,Foul,29.0,5.0,31.0,7.0
13,Huskies,Huskies_M8,,1H,279.011477,Foul,Foul,64.0,91.0,64.0,92.0
13,Huskies,Huskies_M6,,1H,1598.361274,Foul,Foul,61.0,40.0,65.0,54.0
13,Huskies,Huskies_M1,,1H,1759.449873,Foul,Foul,35.0,57.0,35.0,54.0
13,Huskies,Huskies_F1,,1H,1804.10653,Foul,Foul,67.0,24.0,70.0,24.0
13,Huskies,Huskies_F1,,1H,2145.273186,Foul,Foul,55.0,48.0,54.0,49.0
13,Huskies,Huskies_M1,,2H,191.13831500000015,Foul,Foul,10.0,91.0,19.0,93.0
13,Huskies,Huskies_M8,,2H,646.439558,Foul,Foul,30.0,93.0,40.0,93.0
13,Opponent13,Opponent13_F1,,2H,706.9136509999998,Foul,Foul,73.0,72.0,76.0,66.0
13,Huskies,Huskies_F1,,2H,848.1229990000002,Foul,Foul,74.0,26.0,74.0,26.0
13,Huskies,Huskies_D7,,2H,974.1701739999999,Foul,Foul,19.0,24.0,22.0,21.0
13,Huskies,Huskies_D2,,2H,1278.6513670000004,Foul,Foul,36.0,29.0,37.0,30.0
13,Opponent13,Opponent13_M1,,2H,1439.3674819999997,Foul,Foul,80.0,90.0,74.0,84.0
13,Huskies,Huskies_D2,,2H,1547.126311,Foul,Foul,59.0,25.0,59.0,29.0
13,Opponent13,Opponent13_M1,,2H,1852.0445630000004,Foul,Foul,63.0,31.0,66.0,33.0
13,Opponent13,Opponent13_M2,,2H,2164.253606,Foul,Foul,47.0,52.0,45.0,56.0
13,Huskies,Huskies_M10,,2H,2462.6408300000003,Foul,Foul,27.0,10.0,36.0,6.0
13,Opponent13,Opponent13_F2,,2H,2654.251902,Foul,Foul,87.0,37.0,92.0,38.0
13,Opponent13,Opponent13_F2,,2H,2723.366398,Foul,Foul,84.0,24.0,75.0,25.0
14,Huskies,Huskies_F1,,1H,212.12343900000002,Foul,Foul,72.0,10.0,72.0,9.0
14,Huskies,Huskies_M8,,1H,553.401138,Foul,Foul,59.0,96.0,61.0,96.0
14,Opponent14,Opponent14_M2,,1H,626.366057,Foul,Foul,60.0,71.0,65.0,70.0
14,Huskies,Huskies_M4,,1H,793.324732,Foul,Foul,48.0,73.0,48.0,78.0
14,Opponent14,Opponent14_G1,,1H,979.0368860000001,Foul,Foul,13.0,46.0,11.0,48.0
14,Opponent14,Opponent14_D1,,1H,1537.236054,Foul,Foul,27.0,89.0,29.0,89.0
14,Huskies,Huskies_M8,,1H,1582.254519,Foul,Foul,84.0,77.0,82.0,77.0
14,Opponent14,Opponent14_M2,,1H,1799.897061,Foul,Foul,46.0,43.0,46.0,35.0
14,Huskies,Huskies_M6,,1H,2078.880846,Foul,Foul,83.0,17.0,80.0,16.0
14,Huskies,Huskies_M4,,1H,2180.324576,Foul,Foul,92.0,56.0,92.0,51.0
14,Huskies,Huskies_M8,,1H,2370.42163,Foul,Foul,34.0,94.0,36.0,95.0
14,Huskies,Huskies_M6,,1H,2682.374535,Foul,Foul,13.0,10.0,12.0,8.0
14,Opponent14,Opponent14_D4,,2H,340.09800499999983,Foul,Foul,39.0,21.0,37.0,22.0
14,Huskies,Huskies_D2,,2H,775.335842,Foul,Foul,10.0,53.0,12.0,42.0
14,Huskies,Huskies_F1,,2H,890.028014,Foul,Foul,62.0,67.0,64.0,69.0
14,Huskies,Huskies_D2,,2H,1060.9688960000003,Foul,Foul,40.0,65.0,40.0,59.0
14,Huskies,Huskies_F2,,2H,1421.4561809999996,Foul,Foul,34.0,28.0,34.0,23.0
14,Huskies,Huskies_D5,,2H,2119.3104970000004,Foul,Foul,61.0,2.0,57.0,9.0
14,Huskies,Huskies_F1,,2H,2339.195509,Foul,Foul,81.0,50.0,82.0,48.0
14,Huskies,Huskies_D5,,2H,2502.419471,Foul,Foul,33.0,23.0,30.0,25.0
14,Huskies,Huskies_F1,,2H,2643.1472830000002,Foul,Foul,73.0,62.0,68.0,63.0
14,Opponent14,Opponent14_D5,,2H,2707.542649,Foul,Foul,25.0,13.0,25.0,15.0
15,Opponent15,Opponent15_D4,,1H,69.16319399999998,Foul,Foul,34.0,6.0,34.0,3.0
15,Opponent15,Opponent15_M2,,1H,181.40971100000002,Foul,Foul,57.0,51.0,53.0,44.0
15,Huskies,Huskies_D6,,1H,281.673642,Foul,Foul,28.0,9.0,21.0,7.0
15,Opponent15,Opponent15_M2,,1H,555.962705,Foul,Foul,24.0,10.0,27.0,14.0
15,Huskies,Huskies_F1,,1H,698.285503,Foul,Foul,77.0,4.0,81.0,13.0
15,Huskies,Huskies_F1,,1H,866.2258220000001,Foul,Foul,42.0,83.0,51.0,88.0
15,Huskies,Huskies_F2,,1H,1132.712821,Foul,Foul,87.0,72.0,89.0,74.0
15,Opponent15,Opponent15_D4,,1H,1270.077351,Foul,Foul,31.0,14.0,37.0,10.0
15,Huskies,Huskies_D7,,1H,1331.822356,Foul,Foul,59.0,91.0,62.0,94.0
15,Huskies,Huskies_M4,,1H,1397.85845,Foul,Foul,70.0,85.0,71.0,87.0
15,Opponent15,Opponent15_F1,,1H,1558.383652,Foul,Foul,33.0,10.0,28.0,11.0
15,Huskies,Huskies_M1,,1H,2268.958219,Foul,Foul,25.0,90.0,27.0,90.0
15,Opponent15,Opponent15_F1,,2H,66.4773839999998,Foul,Foul,39.0,19.0,36.0,20.0
15,Huskies,Huskies_D6,,2H,1250.5913689999998,Foul,Foul,28.0,67.0,28.0,66.0
15,Huskies,Huskies_M8,,2H,1475.3394779999999,Foul,Foul,41.0,87.0,39.0,80.0
15,Opponent15,Opponent15_F4,,2H,1955.4494800000002,Foul,Foul,90.0,37.0,88.0,39.0
15,Huskies,Huskies_M6,,2H,2139.9990639999996,Foul,Foul,66.0,14.0,67.0,18.0
15,Huskies,Huskies_D5,,2H,2217.1074289999997,Foul,Foul,67.0,5.0,64.0,3.0
15,Opponent15,Opponent15_F4,,2H,2525.0528940000004,Foul,Foul,49.0,69.0,51.0,60.0
15,Opponent15,Opponent15_M2,,2H,2802.406231,Foul,Foul,43.0,64.0,42.0,69.0
15,Huskies,Huskies_F1,,2H,2865.343116,Foul,Foul,82.0,56.0,70.0,77.0
16,Opponent16,Opponent16_M3,,1H,210.876823,Foul,Foul,43.0,23.0,44.0,22.0
16,Huskies,Huskies_M1,,1H,622.918404,Foul,Foul,65.0,6.0,66.0,6.0
16,Huskies,Huskies_F1,,1H,1030.980337,Foul,Foul,69.0,26.0,66.0,22.0
16,Opponent16,Opponent16_M2,,1H,1246.642208,Foul,Foul,75.0,65.0,77.0,65.0
16,Opponent16,Opponent16_D2,,1H,1373.767617,Foul,Foul,82.0,92.0,83.0,90.0
16,Huskies,Huskies_D7,,1H,1622.463527,Foul,Foul,14.0,84.0,10.0,87.0
16,Huskies,Huskies_F4,,1H,2058.186543,Foul,Foul,83.0,72.0,82.0,72.0
16,Opponent16,Opponent16_F3,,1H,2086.188088,Foul,Foul,57.0,12.0,65.0,11.0
16,Huskies,Huskies_M6,,1H,2120.275805,Foul,Foul,64.0,25.0,67.0,26.0
16,Huskies,Huskies_M1,,1H,2478.757733,Foul,Foul,35.0,68.0,35.0,75.0
16,Huskies,Huskies_M3,,2H,696.578094,Foul,Foul,64.0,64.0,61.0,69.0
16,Huskies,Huskies_M8,,2H,1148.3488829999997,Foul,Foul,29.0,86.0,28.0,85.0
16,Huskies,Huskies_D5,,2H,1775.8644290000002,Foul,Foul,29.0,6.0,31.0,7.0
16,Opponent16,Opponent16_D4,,2H,1814.648647,Foul,Foul,10.0,70.0,12.0,66.0
16,Opponent16,Opponent16_F6,,2H,2274.0453639999996,Foul,Foul,61.0,71.0,60.0,71.0
16,Huskies,Huskies_M3,,2H,2350.7684339999996,Foul,Foul,26.0,49.0,28.0,51.0
16,Opponent16,Opponent16_D1,,2H,2571.2023639999998,Foul,Foul,30.0,24.0,34.0,23.0
17,Huskies,Huskies_D5,,1H,56.63937800000002,Foul,Foul,17.0,18.0,15.0,20.0
17,Opponent17,Opponent17_F1,,1H,1181.464606,Foul,Foul,63.0,16.0,61.0,14.0
17,Huskies,Huskies_M1,,1H,1699.567996,Foul,Foul,57.0,94.0,56.0,94.0
17,Opponent17,Opponent17_M3,,1H,1800.780738,Foul,Foul,71.0,25.0,74.0,26.0
17,Huskies,Huskies_F2,,1H,1923.9180489999999,Foul,Foul,79.0,43.0,78.0,43.0
17,Opponent17,Opponent17_M1,,1H,2504.770949,Foul,Foul,55.0,27.0,55.0,27.0
17,Huskies,Huskies_D6,,2H,134.54789100000016,Foul,Foul,13.0,90.0,15.0,90.0
17,Huskies,Huskies_D6,,2H,260.969552,Foul,Foul,35.0,65.0,34.0,58.0
17,Opponent17,Opponent17_M3,,2H,321.32980799999996,Foul,Foul,57.0,54.0,58.0,57.0
17,Huskies,Huskies_D5,,2H,466.62322099999983,Foul,Foul,30.0,3.0,27.0,7.0
17,Opponent17,Opponent17_M5,,2H,659.11807,Foul,Foul,76.0,64.0,76.0,61.0
17,Huskies,Huskies_F2,,2H,1180.843379,Foul,Foul,67.0,88.0,68.0,89.0
17,Opponent17,Opponent17_D3,,2H,1458.2472779999998,Foul,Foul,29.0,37.0,29.0,19.0
17,Huskies,Huskies_F2,,2H,1734.788399,Foul,Foul,39.0,24.0,38.0,21.0
17,Huskies,Huskies_D7,,2H,2097.990492,Foul,Foul,48.0,92.0,45.0,93.0
17,Opponent17,Opponent17_M5,,2H,2321.245594,Foul,Foul,56.0,43.0,44.0,61.0
17,Huskies,Huskies_D2,,2H,2456.922358,Foul,Foul,30.0,82.0,27.0,76.0
17,Opponent17,Opponent17_D2,,2H,2536.9363300000005,Foul,Foul,75.0,6.0,30.0,95.0
17,Opponent17,Opponent17_M1,,2H,2938.9614220000003,Foul,Foul,63.0,81.0,58.0,87.0
18,Huskies,Huskies_D6,,1H,499.75857299999996,Foul,Foul,38.0,70.0,42.0,72.0
18,Huskies,Huskies_D6,,1H,1712.795158,Foul,Foul,25.0,55.0,25.0,59.0
18,Huskies,Huskies_F2,,1H,1895.629378,Foul,Foul,89.0,15.0,87.0,13.0
18,Huskies,Huskies_M3,,1H,2029.4780930000002,Foul,Foul,29.0,30.0,38.0,35.0
18,Opponent18,Opponent18_M5,,1H,2191.102823,Foul,Foul,64.0,12.0,66.0,14.0
18,Opponent18,Opponent18_M1,,1H,2250.978082,Foul,Foul,58.0,35.0,57.0,37.0
18,Opponent18,Opponent18_M2,,1H,2332.906888,Foul,Foul,37.0,49.0,36.0,53.0
18,Opponent18,Opponent18_M4,,1H,2500.192246,Foul,Foul,36.0,29.0,34.0,21.0
18,Opponent18,Opponent18_M4,,1H,2732.912709,Foul,Foul,11.0,29.0,10.0,31.0
18,Huskies,Huskies_M3,,2H,115.74339000000009,Foul,Foul,46.0,21.0,45.0,16.0
18,Huskies,Huskies_D7,,2H,287.09832800000004,Foul,Foul,64.0,87.0,60.0,88.0
18,Opponent18,Opponent18_F2,,2H,384.5422359999998,Foul,Foul,67.0,53.0,66.0,46.0
18,Huskies,Huskies_F1,,2H,1293.4755459999997,Foul,Foul,76.0,15.0,69.0,17.0
18,Opponent18,Opponent18_M2,,2H,1545.951795,Foul,Foul,51.0,56.0,52.0,55.0
18,Opponent18,Opponent18_D4,,2H,1633.1817760000004,Foul,Foul,14.0,34.0,15.0,34.0
18,Opponent18,Opponent18_M4,,2H,1894.4127879999996,Foul,Foul,55.0,42.0,53.0,33.0
18,Huskies,Huskies_M6,,2H,1917.3364819999997,Foul,Foul,69.0,31.0,71.0,28.0
18,Huskies,Huskies_M6,,2H,2095.616685,Foul,Foul,76.0,55.0,76.0,49.0
18,Huskies,Huskies_D7,,2H,2132.042571,Foul,Foul,24.0,80.0,30.0,92.0
18,Huskies,Huskies_D7,,2H,2249.997327,Foul,Foul,32.0,73.0,39.0,81.0
18,Opponent18,Opponent18_D1,,2H,2594.906814,Foul,Foul,40.0,14.0,32.0,26.0
18,Opponent18,Opponent18_D3,,2H,2702.8645319999996,Foul,Foul,57.0,93.0,55.0,90.0
19,Huskies,Huskies_F1,,1H,585.939612,Foul,Foul,39.0,35.0,42.0,37.0
19,Huskies,Huskies_D5,,1H,1193.469175,Foul,Foul,22.0,34.0,21.0,34.0
19,Huskies,Huskies_M3,,1H,1909.264839,Foul,Foul,32.0,96.0,34.0,97.0
19,Huskies,Huskies_M8,,1H,1959.5830780000001,Foul,Foul,43.0,94.0,43.0,100.0
19,Opponent3,Opponent3_M4,,1H,2237.36046,Foul,Foul,64.0,12.0,66.0,10.0
19,Huskies,Huskies_D1,,2H,664.00749,Foul,Foul,68.0,76.0,68.0,80.0
19,Huskies,Huskies_M3,,2H,990.499288,Foul,Foul,45.0,56.0,42.0,56.0
19,Huskies,Huskies_D3,,2H,1162.389016,Foul,Foul,44.0,45.0,48.0,46.0
19,Opponent3,Opponent3_D5,,2H,2627.2974459999996,Foul,Foul,30.0,70.0,39.0,79.0
19,Opponent3,Opponent3_D4,,2H,2850.9472699999997,Foul,Foul,97.0,37.0,95.0,40.0
20,Huskies,Huskies_M4,,1H,44.43841900000001,Foul,Foul,38.0,76.0,41.0,77.0
20,Opponent19,Opponent19_F1,,1H,829.192061,Foul,Foul,50.0,88.0,46.0,89.0
20,Opponent19,Opponent19_M1,,1H,883.471812,Foul,Foul,18.0,83.0,16.0,84.0
20,Opponent19,Opponent19_F1,,1H,957.0105759999999,Foul,Foul,68.0,68.0,68.0,68.0
20,Opponent19,Opponent19_M2,,1H,1207.352782,Foul,Foul,35.0,33.0,32.0,36.0
20,Huskies,Huskies_M12,,1H,1270.626041,Foul,Foul,91.0,14.0,88.0,15.0
20,Opponent19,Opponent19_M1,,1H,1439.300062,Foul,Foul,63.0,63.0,59.0,58.0
20,Huskies,Huskies_M3,,1H,1573.545268,Foul,Foul,32.0,20.0,33.0,24.0
20,Huskies,Huskies_M12,,1H,1721.048899,Foul,Foul,71.0,22.0,71.0,29.0
20,Huskies,Huskies_D5,,1H,2119.534407,Foul,Foul,25.0,10.0,21.0,7.0
20,Opponent19,Opponent19_M3,,1H,2278.338596,Foul,Foul,67.0,30.0,69.0,26.0
20,Huskies,Huskies_F1,,1H,2324.993599,Foul,Foul,87.0,10.0,84.0,14.0
20,Huskies,Huskies_M12,,1H,2580.680212,Foul,Foul,12.0,4.0,14.0,5.0
20,Opponent19,Opponent19_M2,,2H,123.44546200000013,Foul,Foul,39.0,55.0,40.0,55.0
20,Huskies,Huskies_D2,,2H,644.6427140000001,Foul,Foul,57.0,89.0,62.0,89.0
20,Huskies,Huskies_M4,,2H,852.9168890000001,Foul,Foul,57.0,17.0,57.0,21.0
20,Opponent19,Opponent19_D2,,2H,888.4312639999998,Foul,Foul,60.0,70.0,62.0,69.0
20,Huskies,Huskies_D5,,2H,1209.3042839999998,Foul,Foul,55.0,6.0,55.0,6.0
20,Opponent19,Opponent19_D2,,2H,1265.5586990000002,Foul,Foul,28.0,9.0,31.0,10.0
20,Opponent19,Opponent19_D4,,2H,1342.657862,Foul,Foul,21.0,96.0,20.0,98.0
20,Opponent19,Opponent19_D4,,2H,1453.1523639999996,Foul,Foul,37.0,92.0,40.0,91.0
20,Opponent19,Opponent19_D4,,2H,1815.3305840000003,Foul,Foul,97.0,57.0,96.0,53.0
20,Opponent19,Opponent19_M1,,2H,1990.8006720000003,Foul,Foul,44.0,48.0,45.0,47.0
20,Opponent19,Opponent19_F3,,2H,2098.444001,Foul,Foul,65.0,79.0,69.0,80.0
20,Huskies,Huskies_D2,,2H,2213.4309869999997,Foul,Foul,17.0,54.0,15.0,57.0
20,Huskies,Huskies_M8,,2H,2681.2468289999997,Foul,Foul,49.0,76.0,50.0,75.0
20,Huskies,Huskies_D6,,2H,2822.7321300000003,Foul,Foul,65.0,89.0,64.0,87.0
21,Huskies,Huskies_M3,,1H,63.839440000000025,Foul,Foul,62.0,40.0,62.0,44.0
21,Huskies,Huskies_M3,,1H,109.042035,Foul,Foul,18.0,82.0,21.0,81.0
21,Opponent6,Opponent6_M5,,1H,324.18310499999995,Foul,Foul,34.0,75.0,38.0,76.0
21,Huskies,Huskies_M3,,1H,394.606637,Foul,Foul,60.0,71.0,62.0,70.0
21,Huskies,Huskies_D5,,1H,763.346814,Foul,Foul,67.0,1.0,63.0,4.0
21,Opponent6,Opponent6_M4,,1H,1214.496508,Foul,Foul,86.0,65.0,88.0,65.0
21,Opponent6,Opponent6_F5,,1H,2341.831673,Foul,Foul,71.0,82.0,77.0,83.0
21,Huskies,Huskies_M1,,1H,2553.504919,Foul,Foul,51.0,32.0,55.0,32.0
21,Opponent6,Opponent6_F5,,1H,2691.324031,Foul,Foul,96.0,34.0,97.0,36.0
21,Huskies,Huskies_D3,,2H,565.5355810000001,Foul,Foul,29.0,31.0,25.0,20.0
21,Huskies,Huskies_M3,,2H,1164.7195469999997,Foul,Foul,43.0,89.0,40.0,81.0
21,Huskies,Huskies_D3,,2H,1315.0444589999997,Foul,Foul,45.0,44.0,46.0,41.0
21,Huskies,Huskies_F2,,2H,1515.8562860000002,Foul,Foul,29.0,70.0,27.0,70.0
21,Opponent6,Opponent6_F5,,2H,1665.7308869999997,Foul,Foul,75.0,62.0,70.0,58.0
21,Opponent6,Opponent6_F3,,2H,2223.855925,Foul,Foul,59.0,53.0,56.0,51.0
21,Huskies,Huskies_D7,,2H,2666.9843870000004,Foul,Foul,35.0,96.0,36.0,93.0
21,Huskies,Huskies_D5,,2H,2803.8974550000003,Foul,Foul,89.0,6.0,86.0,7.0
22,Opponent5,Opponent5_M5,,1H,349.72409600000003,Foul,Foul,88.0,70.0,87.0,64.0
22,Opponent5,Opponent5_D5,,1H,489.66090199999996,Foul,Foul,23.0,10.0,27.0,8.0
22,Huskies,Huskies_M4,,1H,549.269328,Foul,Foul,54.0,49.0,55.0,46.0
22,Opponent5,Opponent5_M7,,1H,1176.351247,Foul,Foul,66.0,9.0,71.0,7.0
22,Huskies,Huskies_D1,,1H,1227.157463,Foul,Foul,64.0,88.0,55.0,84.0
22,Opponent5,Opponent5_M6,,1H,1271.817026,Foul,Foul,56.0,57.0,55.0,53.0
22,Huskies,Huskies_D1,,1H,1556.760869,Foul,Foul,34.0,77.0,34.0,77.0
22,Huskies,Huskies_F4,,1H,2076.997195,Foul,Foul,75.0,58.0,75.0,58.0
22,Huskies,Huskies_F4,,1H,2187.783576,Foul,Foul,86.0,95.0,83.0,93.0
22,Huskies,Huskies_F2,,1H,2540.331351,Foul,Foul,32.0,73.0,31.0,72.0
22,Opponent5,Opponent5_M5,,1H,2628.09734,Foul,Foul,57.0,9.0,57.0,12.0
22,Opponent5,Opponent5_D1,,1H,2750.812607,Foul,Foul,22.0,92.0,19.0,95.0
22,Huskies,Huskies_F4,,2H,268.21985300000006,Foul,Foul,50.0,34.0,48.0,33.0
22,Opponent5,Opponent5_M7,,2H,775.0184549999999,Foul,Foul,46.0,44.0,46.0,43.0
22,Huskies,Huskies_M12,,2H,808.5447119999999,Foul,Foul,43.0,48.0,44.0,46.0
22,Huskies,Huskies_M13,,2H,1862.7219050000003,Foul,Foul,85.0,98.0,80.0,91.0
22,Opponent5,Opponent5_M5,,2H,2209.551885,Foul,Foul,44.0,91.0,43.0,90.0
22,Huskies,Huskies_D6,,2H,2241.3038109999998,Foul,Foul,48.0,46.0,49.0,52.0
22,Opponent5,Opponent5_M1,,2H,2558.3547710000003,Foul,Foul,46.0,55.0,48.0,55.0
22,Opponent5,Opponent5_D8,,2H,2832.0492350000004,Foul,Foul,71.0,3.0,65.0,4.0
23,Opponent4,Opponent4_M5,,1H,57.782894999999996,Foul,Foul,75.0,39.0,77.0,38.0
23,Huskies,Huskies_D7,,1H,93.52502299999998,Foul,Foul,61.0,90.0,63.0,92.0
23,Huskies,Huskies_F5,,1H,490.794034,Foul,Foul,82.0,34.0,82.0,34.0
23,Huskies,Huskies_F5,,1H,549.257958,Foul,Foul,49.0,81.0,47.0,81.0
23,Huskies,Huskies_M1,,1H,824.195845,Foul,Foul,13.0,86.0,16.0,84.0
23,Opponent4,Opponent4_M5,,1H,1025.76769,Foul,Foul,57.0,64.0,54.0,60.0
23,Opponent4,Opponent4_D2,,1H,1166.079388,Foul,Foul,33.0,91.0,31.0,84.0
23,Huskies,Huskies_D5,,1H,1404.973044,Foul,Foul,31.0,16.0,29.0,15.0
23,Opponent4,Opponent4_M5,,1H,1728.636129,Foul,Foul,43.0,26.0,44.0,25.0
23,Opponent4,Opponent4_M3,,1H,1802.083261,Foul,Foul,35.0,28.0,33.0,27.0
23,Opponent4,Opponent4_F1,,1H,2121.020218,Foul,Foul,91.0,91.0,90.0,89.0
23,Huskies,Huskies_F5,,1H,2484.052815,Foul,Foul,42.0,78.0,44.0,80.0
23,Huskies,Huskies_D3,,1H,2681.682119,Foul,Foul,33.0,85.0,31.0,80.0
23,Huskies,Huskies_F5,,1H,2766.618416,Foul,Foul,74.0,68.0,79.0,65.0
23,Huskies,Huskies_D6,,2H,382.0641260000002,Foul,Foul,60.0,59.0,56.0,57.0
23,Opponent4,Opponent4_F2,,2H,524.3387560000001,Foul,Foul,56.0,12.0,55.0,12.0
23,Opponent4,Opponent4_F1,,2H,694.2244489999998,Foul,Foul,54.0,29.0,55.0,29.0
23,Huskies,Huskies_D7,,2H,1018.6216810000001,Foul,Foul,84.0,85.0,84.0,88.0
23,Opponent4,Opponent4_M5,,2H,1091.2581220000002,Foul,Foul,36.0,9.0,39.0,7.0
23,Huskies,Huskies_M13,,2H,1434.1768030000003,Foul,Foul,9.0,4.0,11.0,4.0
23,Opponent4,Opponent4_D6,,2H,1514.9635529999996,Foul,Foul,58.0,88.0,60.0,90.0
23,Huskies,Huskies_F1,,2H,1622.3874999999998,Foul,Foul,84.0,10.0,84.0,7.0
23,Huskies,Huskies_F2,,2H,1766.3027899999997,Foul,Foul,78.0,56.0,79.0,49.0
23,Opponent4,Opponent4_M4,,2H,1991.1788820000002,Foul,Foul,72.0,10.0,73.0,7.0
23,Huskies,Huskies_M3,,2H,2623.8151529999996,Foul,Foul,65.0,36.0,63.0,36.0
23,Huskies,Huskies_F2,,2H,2724.0699569999997,Foul,Foul,66.0,21.0,69.0,20.0
24,Huskies,Huskies_D2,,1H,636.726935,Foul,Foul,59.0,36.0,55.0,36.0
24,Opponent19,Opponent19_F2,,1H,1044.069669,Foul,Foul,6.0,12.0,14.0,9.0
24,Huskies,Huskies_M3,,1H,1113.949885,Foul,Foul,78.0,93.0,75.0,92.0
24,Huskies,Huskies_M6,,1H,1673.876162,Foul,Foul,72.0,36.0,70.0,43.0
24,Opponent19,Opponent19_D4,,1H,1730.769726,Foul,Foul,73.0,86.0,71.0,81.0
24,Opponent19,Opponent19_M1,,1H,1786.464828,Foul,Foul,41.0,64.0,41.0,63.0
24,Opponent19,Opponent19_M5,,1H,2020.198712,Foul,Foul,68.0,24.0,68.0,28.0
24,Huskies,Huskies_M13,,1H,2072.724185,Foul,Foul,68.0,64.0,67.0,63.0
24,Huskies,Huskies_F5,,1H,2379.840992,Foul,Foul,58.0,36.0,56.0,36.0
24,Huskies,Huskies_M9,,1H,2464.187432,Foul,Foul,82.0,2.0,89.0,11.0
24,Huskies,Huskies_F6,,1H,2725.643433,Foul,Foul,70.0,91.0,73.0,91.0
24,Huskies,Huskies_M3,,2H,75.22493399999985,Foul,Foul,46.0,64.0,48.0,61.0
24,Huskies,Huskies_F5,,2H,111.18464899999981,Foul,Foul,54.0,9.0,57.0,13.0
24,Opponent19,Opponent19_M4,,2H,314.250626,Foul,Foul,83.0,85.0,85.0,85.0
24,Huskies,Huskies_F5,,2H,405.4558470000002,Foul,Foul,95.0,54.0,97.0,57.0
24,Opponent19,Opponent19_F2,,2H,731.844783,Foul,Foul,84.0,36.0,89.0,34.0
24,Huskies,Huskies_M6,,2H,1241.2302060000002,Foul,Foul,46.0,72.0,44.0,73.0
24,Opponent19,Opponent19_D4,,2H,1305.1798,Foul,Foul,51.0,80.0,53.0,79.0
24,Huskies,Huskies_D2,,2H,1586.7688019999996,Foul,Foul,43.0,90.0,35.0,92.0
24,Opponent19,Opponent19_M5,,2H,1826.2364109999999,Foul,Foul,29.0,12.0,26.0,15.0
24,Huskies,Huskies_D5,,2H,1882.3024999999998,Foul,Foul,67.0,5.0,70.0,7.0
24,Huskies,Huskies_F2,,2H,2228.296287,Foul,Foul,43.0,81.0,45.0,82.0
24,Opponent19,Opponent19_M5,,2H,2285.5424650000004,Foul,Foul,56.0,38.0,55.0,39.0
24,Opponent19,Opponent19_M1,,2H,2995.973201,Foul,Foul,54.0,5.0,55.0,4.0
25,Huskies,Huskies_F4,,1H,174.76547799999997,Foul,Foul,62.0,82.0,66.0,79.0
25,Huskies,Huskies_F4,,1H,2037.137071,Foul,Foul,82.0,95.0,84.0,94.0
25,Opponent10,Opponent10_M3,,1H,2129.005847,Foul,Foul,34.0,4.0,38.0,5.0
25,Huskies,Huskies_F4,,1H,2360.364512,Foul,Foul,86.0,53.0,87.0,50.0
25,Opponent10,Opponent10_M2,,1H,2399.44103,Foul,Foul,80.0,3.0,80.0,2.0
25,Opponent10,Opponent10_M6,,1H,2667.412923,Foul,Foul,25.0,87.0,27.0,87.0
25,Huskies,Huskies_M1,,1H,2766.106326,Foul,Foul,62.0,82.0,65.0,84.0
25,Huskies,Huskies_D3,,2H,43.72560900000008,Foul,Foul,43.0,29.0,40.0,37.0
25,Huskies,Huskies_F4,,2H,198.721947,Foul,Foul,31.0,68.0,32.0,67.0
25,Huskies,Huskies_D5,,2H,308.38121,Foul,Foul,63.0,2.0,67.0,6.0
25,Huskies,Huskies_F4,,2H,594.1060779999998,Foul,Foul,56.0,93.0,52.0,88.0
25,Opponent10,Opponent10_M6,,2H,792.0588339999999,Foul,Foul,18.0,14.0,20.0,12.0
25,Huskies,Huskies_F2,,2H,1502.8459240000002,Foul,Foul,12.0,24.0,13.0,25.0
25,Opponent10,Opponent10_D5,,2H,2257.772709,Foul,Foul,23.0,37.0,26.0,28.0
25,Opponent10,Opponent10_F1,,2H,2305.128076,Foul,Foul,59.0,23.0,57.0,18.0
25,Opponent10,Opponent10_M5,,2H,2691.8806139999997,Foul,Foul,62.0,95.0,62.0,94.0
25,Opponent10,Opponent10_M3,,2H,2756.923017,Foul,Foul,16.0,93.0,15.0,92.0
25,Opponent10,Opponent10_M5,,2H,2808.689152,Foul,Foul,14.0,92.0,13.0,92.0
26,Huskies,Huskies_D1,,1H,132.786879,Foul,Foul,37.0,82.0,33.0,80.0
26,Huskies,Huskies_D2,,1H,267.089057,Foul,Foul,20.0,37.0,18.0,37.0
26,Huskies,Huskies_F4,,1H,502.82048699999996,Foul,Foul,62.0,40.0,64.0,48.0
26,Opponent9,Opponent9_D2,,1H,696.366618,Foul,Foul,36.0,5.0,34.0,7.0
26,Opponent9,Opponent9_M3,,1H,1047.656086,Foul,Foul,75.0,41.0,75.0,41.0
26,Opponent9,Opponent9_D3,,1H,1379.445046,Foul,Foul,39.0,18.0,40.0,18.0
26,Huskies,Huskies_F4,,1H,1698.082857,Foul,Foul,71.0,52.0,70.0,49.0
26,Opponent9,Opponent9_M2,,1H,1840.6831109999998,Foul,Foul,31.0,50.0,31.0,49.0
26,Huskies,Huskies_F4,,1H,2150.735662,Foul,Foul,43.0,90.0,42.0,89.0
26,Opponent9,Opponent9_D5,,1H,2609.80903,Foul,Foul,34.0,65.0,36.0,67.0
26,Huskies,Huskies_D9,,1H,2666.567571,Foul,Foul,54.0,12.0,57.0,7.0
26,Opponent9,Opponent9_M3,,2H,62.530193000000054,Foul,Foul,31.0,75.0,32.0,74.0
26,Opponent9,Opponent9_D6,,2H,221.99139000000014,Foul,Foul,10.0,88.0,12.0,86.0
26,Huskies,Huskies_M1,,2H,752.484485,Foul,Foul,36.0,25.0,36.0,26.0
26,Opponent9,Opponent9_M1,,2H,1277.913912,Foul,Foul,41.0,15.0,40.0,19.0
26,Huskies,Huskies_M12,,2H,2203.9768110000005,Foul,Foul,72.0,72.0,74.0,65.0
27,Huskies,Huskies_M4,,1H,387.39313500000003,Foul,Foul,79.0,13.0,79.0,9.0
27,Opponent12,Opponent12_D2,,1H,593.291163,Foul,Foul,59.0,91.0,62.0,89.0
27,Opponent12,Opponent12_M4,,1H,890.807589,Foul,Foul,28.0,46.0,24.0,42.0
27,Opponent12,Opponent12_D5,,1H,1661.663788,Foul,Foul,23.0,47.0,26.0,44.0
27,Huskies,Huskies_M1,,1H,1816.577093,Foul,Foul,43.0,58.0,41.0,51.0
27,Huskies,Huskies_D8,,1H,2038.920784,Foul,Foul,80.0,97.0,82.0,97.0
27,Opponent12,Opponent12_M5,,1H,2530.372525,Foul,Foul,45.0,93.0,48.0,91.0
27,Opponent12,Opponent12_F2,,1H,2791.558681,Foul,Foul,59.0,26.0,56.0,22.0
27,Opponent12,Opponent12_F2,,2H,271.063259,Foul,Foul,92.0,57.0,93.0,57.0
27,Huskies,Huskies_D5,,2H,451.9566679999998,Foul,Foul,52.0,53.0,53.0,53.0
27,Opponent12,Opponent12_D7,,2H,513.7286690000001,Foul,Foul,87.0,4.0,89.0,5.0
27,Huskies,Huskies_F2,,2H,1071.811799,Foul,Foul,64.0,4.0,60.0,3.0
27,Opponent12,Opponent12_M5,,2H,1121.2178450000001,Foul,Foul,64.0,19.0,65.0,22.0
27,Huskies,Huskies_F6,,2H,1355.3751899999997,Foul,Foul,56.0,56.0,57.0,53.0
27,Opponent12,Opponent12_M4,,2H,1625.4263840000003,Foul,Foul,60.0,73.0,56.0,71.0
27,Opponent12,Opponent12_M4,,2H,1757.708533,Foul,Foul,68.0,29.0,66.0,29.0
27,Huskies,Huskies_F2,,2H,1902.399155,Foul,Foul,45.0,48.0,41.0,42.0
27,Huskies,Huskies_D7,,2H,1985.5339029999996,Foul,Foul,61.0,86.0,60.0,83.0
27,Opponent12,Opponent12_M5,,2H,2026.0894429999998,Foul,Foul,48.0,67.0,48.0,68.0
27,Huskies,Huskies_F4,,2H,2063.090271,Foul,Foul,57.0,10.0,54.0,5.0
27,Huskies,Huskies_F2,,2H,2163.4323560000003,Foul,Foul,34.0,42.0,32.0,38.0
27,Opponent12,Opponent12_M5,,2H,2319.7748149999998,Foul,Foul,10.0,88.0,7.0,89.0
27,Huskies,Huskies_F4,,2H,2474.3111360000003,Foul,Foul,83.0,4.0,94.0,5.0
27,Opponent12,Opponent12_D2,,2H,2584.200353,Foul,Foul,70.0,96.0,77.0,97.0
27,Opponent12,Opponent12_F2,,2H,2646.994398,Foul,Foul,38.0,96.0,41.0,98.0
27,Huskies,Huskies_M4,,2H,2739.3450650000004,Foul,Foul,72.0,5.0,70.0,4.0
27,Opponent12,Opponent12_M5,,2H,2849.7934889999997,Foul,Foul,53.0,35.0,58.0,30.0
28,Opponent11,Opponent11_D7,,1H,168.55771800000002,Foul,Foul,23.0,33.0,24.0,32.0
28,Huskies,Huskies_F4,,1H,558.980514,Foul,Foul,64.0,29.0,67.0,24.0
28,Huskies,Huskies_M4,,1H,1040.030267,Foul,Foul,77.0,80.0,76.0,83.0
28,Huskies,Huskies_D7,,1H,1253.095489,Foul,Foul,40.0,92.0,42.0,91.0
28,Opponent11,Opponent11_M5,,1H,1489.491151,Foul,Foul,39.0,70.0,40.0,69.0
28,Huskies,Huskies_D5,,1H,1533.548177,Foul,Foul,77.0,12.0,75.0,13.0
28,Huskies,Huskies_M1,,1H,2094.995301,Foul,Foul,21.0,64.0,20.0,60.0
28,Huskies,Huskies_F4,,1H,2428.017367,Foul,Foul,60.0,3.0,63.0,2.0
28,Huskies,Huskies_M1,,1H,2615.697011,Foul,Foul,57.0,11.0,61.0,14.0
28,Opponent11,Opponent11_D2,,2H,349.3581199999999,Foul,Foul,51.0,21.0,62.0,19.0
28,Opponent11,Opponent11_M5,,2H,454.1994669999999,Foul,Foul,59.0,30.0,56.0,32.0
28,Opponent11,Opponent11_D7,,2H,837.3555919999999,Foul,Foul,35.0,13.0,36.0,16.0
28,Opponent11,Opponent11_F3,,2H,1078.069227,Foul,Foul,63.0,18.0,65.0,19.0
28,Huskies,Huskies_M1,,2H,1112.8245189999998,Foul,Foul,66.0,75.0,63.0,74.0
28,Huskies,Huskies_F5,,2H,1550.8006779999996,Foul,Foul,59.0,89.0,58.0,91.0
28,Opponent11,Opponent11_F3,,2H,1642.852847,Foul,Foul,71.0,18.0,73.0,14.0
28,Huskies,Huskies_F1,,2H,2240.077238,Foul,Foul,96.0,48.0,95.0,53.0
28,Opponent11,Opponent11_F3,,2H,2306.5641450000003,Foul,Foul,88.0,80.0,91.0,89.0
28,Opponent11,Opponent11_F3,,2H,2800.5147340000003,Foul,Foul,92.0,10.0,87.0,11.0
29,Opponent7,Opponent7_M1,,1H,28.566291000000007,Foul,Foul,78.0,60.0,73.0,65.0
29,Huskies,Huskies_F1,,1H,110.94756000000001,Foul,Foul,87.0,7.0,85.0,10.0
29,Huskies,Huskies_M4,,1H,142.04667799999999,Foul,Foul,79.0,47.0,76.0,47.0
29,Huskies,Huskies_D5,,1H,467.434212,Foul,Foul,27.0,2.0,27.0,7.0
29,Huskies,Huskies_F5,,1H,1012.9980619999999,Foul,Foul,59.0,31.0,56.0,27.0
29,Opponent7,Opponent7_M6,,1H,1116.050979,Foul,Foul,39.0,64.0,37.0,67.0
29,Huskies,Huskies_F1,,1H,1543.781715,Foul,Foul,65.0,75.0,61.0,85.0
29,Opponent7,Opponent7_M6,,1H,2147.356869,Foul,Foul,63.0,17.0,66.0,21.0
29,Huskies,Huskies_F6,,1H,2305.294262,Foul,Foul,26.0,94.0,22.0,95.0
29,Opponent7,Opponent7_D3,,2H,513.954471,Foul,Foul,28.0,85.0,34.0,80.0
29,Opponent7,Opponent7_M6,,2H,809.7454290000001,Foul,Foul,69.0,6.0,69.0,8.0
29,Opponent7,Opponent7_D3,,2H,1313.832211,Foul,Foul,96.0,48.0,94.0,46.0
29,Opponent7,Opponent7_M7,,2H,1400.5765279999996,Foul,Foul,55.0,6.0,64.0,8.0
29,Huskies,Huskies_D1,,2H,1426.6794769999997,Foul,Foul,80.0,81.0,81.0,83.0
29,Opponent7,Opponent7_F2,,2H,2230.457316,Foul,Foul,78.0,89.0,84.0,86.0
29,Huskies,Huskies_F1,,2H,2348.2241080000003,Foul,Foul,92.0,48.0,94.0,53.0
29,Opponent7,Opponent7_D4,,2H,2408.739692,Foul,Foul,14.0,95.0,23.0,96.0
29,Huskies,Huskies_D2,,2H,2445.4791560000003,Foul,Foul,91.0,47.0,93.0,50.0
29,Huskies,Huskies_D5,,2H,2714.1904059999997,Foul,Foul,65.0,39.0,67.0,35.0
29,Huskies,Huskies_F4,,2H,2797.4359809999996,Foul,Foul,83.0,52.0,82.0,45.0
30,Huskies,Huskies_F2,,1H,85.745521,Foul,Foul,60.0,22.0,58.0,25.0
30,Opponent8,Opponent8_F1,,1H,114.62305900000001,Foul,Foul,84.0,17.0,87.0,21.0
30,Opponent8,Opponent8_M1,,1H,257.376177,Foul,Foul,62.0,16.0,64.0,15.0
30,Opponent8,Opponent8_M6,,1H,293.790164,Foul,Foul,36.0,87.0,35.0,86.0
30,Opponent8,Opponent8_M1,,1H,1221.849839,Foul,Foul,56.0,26.0,55.0,24.0
30,Huskies,Huskies_M6,,1H,1615.357962,Foul,Foul,73.0,49.0,76.0,49.0
30,Opponent8,Opponent8_D6,,1H,1763.489347,Foul,Foul,63.0,15.0,63.0,18.0
30,Opponent8,Opponent8_M1,,1H,1953.464633,Foul,Foul,56.0,58.0,62.0,67.0
30,Huskies,Huskies_F5,,1H,2029.0778140000002,Foul,Foul,70.0,75.0,72.0,67.0
30,Huskies,Huskies_F5,,1H,2352.55705,Foul,Foul,68.0,7.0,64.0,10.0
30,Huskies,Huskies_M6,,1H,2505.404322,Foul,Foul,59.0,3.0,59.0,7.0
30,Huskies,Huskies_D1,,1H,2695.817519,Foul,Foul,53.0,15.0,51.0,12.0
30,Huskies,Huskies_F2,,2H,153.92693599999984,Foul,Foul,47.0,71.0,38.0,75.0
30,Opponent8,Opponent8_M1,,2H,395.95453799999996,Foul,Foul,59.0,19.0,57.0,16.0
30,Opponent8,Opponent8_D6,,2H,482.5165259999999,Foul,Foul,53.0,6.0,59.0,6.0
30,Opponent8,Opponent8_D7,,2H,556.8344419999999,Foul,Foul,31.0,90.0,28.0,90.0
30,Opponent8,Opponent8_M1,,2H,1319.3935689999998,Foul,Foul,27.0,47.0,33.0,38.0
30,Opponent8,Opponent8_M5,,2H,2083.3860750000003,Foul,Foul,15.0,94.0,12.0,92.0
30,Huskies,Huskies_F1,,2H,2348.185577,Foul,Foul,63.0,82.0,68.0,88.0
30,Opponent8,Opponent8_F4,,2H,2451.49781,Foul,Foul,57.0,72.0,57.0,75.0
30,Opponent8,Opponent8_D2,,2H,2495.7947130000002,Foul,Foul,8.0,64.0,6.0,72.0
30,Huskies,Huskies_M6,,2H,2582.4901339999997,Foul,Foul,73.0,45.0,80.0,41.0
30,Opponent8,Opponent8_M2,,2H,2794.51311,Foul,Foul,50.0,56.0,46.0,53.0
30,Huskies,Huskies_M6,,2H,2920.1587950000003,Foul,Foul,34.0,72.0,32.0,71.0
31,Opponent1,Opponent1_M4,,1H,29.701054999999997,Foul,Foul,62.0,7.0,65.0,8.0
31,Opponent1,Opponent1_D5,,1H,360.77008,Foul,Foul,35.0,11.0,37.0,11.0
31,Huskies,Huskies_F5,,1H,474.94068500000003,Foul,Foul,63.0,76.0,63.0,83.0
31,Huskies,Huskies_M4,,1H,648.912339,Foul,Foul,74.0,6.0,76.0,5.0
31,Huskies,Huskies_F5,,1H,928.661758,Foul,Foul,91.0,13.0,88.0,12.0
31,Opponent1,Opponent1_D6,,1H,1265.589687,Foul,Foul,79.0,93.0,84.0,92.0
31,Opponent1,Opponent1_M5,,1H,1779.803197,Foul,Foul,72.0,53.0,73.0,61.0
31,Opponent1,Opponent1_M6,,1H,1866.699399,Foul,Foul,37.0,44.0,36.0,50.0
31,Huskies,Huskies_M12,,1H,2062.066182,Foul,Foul,60.0,8.0,63.0,11.0
31,Huskies,Huskies_F5,,1H,2313.917066,Foul,Foul,58.0,71.0,60.0,72.0
31,Opponent1,Opponent1_F4,,1H,2399.981502,Foul,Foul,87.0,36.0,88.0,40.0
31,Huskies,Huskies_M1,,1H,2699.966713,Foul,Foul,77.0,43.0,75.0,48.0
31,Opponent1,Opponent1_F4,,1H,2733.949866,Foul,Foul,62.0,27.0,65.0,25.0
31,Opponent1,Opponent1_D4,,2H,598.153984,Foul,Foul,48.0,82.0,45.0,89.0
31,Opponent1,Opponent1_M4,,2H,779.549689,Foul,Foul,31.0,49.0,29.0,51.0
31,Huskies,Huskies_F5,,2H,1865.6468610000002,Foul,Foul,23.0,64.0,27.0,68.0
31,Opponent1,Opponent1_M6,,2H,2064.4684020000004,Foul,Foul,50.0,27.0,50.0,25.0
31,Opponent1,Opponent1_D6,,2H,2118.032072,Foul,Foul,54.0,54.0,53.0,61.0
31,Huskies,Huskies_D3,,2H,2178.215964,Foul,Foul,24.0,77.0,24.0,74.0
31,Huskies,Huskies_F1,,2H,2488.2117850000004,Foul,Foul,64.0,51.0,67.0,51.0
31,Huskies,Huskies_D1,,2H,2556.082228,Foul,Foul,32.0,30.0,34.0,32.0
31,Opponent1,Opponent1_F1,,2H,2757.41583,Foul,Foul,70.0,36.0,65.0,33.0
32,Huskies,Huskies_M12,,1H,142.002994,Foul,Foul,73.0,38.0,76.0,38.0
32,Opponent2,Opponent2_D1,,1H,521.453202,Foul,Foul,71.0,76.0,74.0,77.0
32,Opponent2,Opponent2_D1,,1H,807.086853,Foul,Foul,22.0,84.0,25.0,90.0
32,Huskies,Huskies_F1,,1H,875.617833,Foul,Foul,58.0,69.0,60.0,74.0
32,Opponent2,Opponent2_D6,,1H,1061.961773,Foul,Foul,21.0,34.0,23.0,39.0
32,Huskies,Huskies_F1,,1H,1305.850667,Foul,Foul,68.0,3.0,69.0,4.0
32,Huskies,Huskies_M3,,1H,1691.871717,Foul,Foul,61.0,80.0,62.0,85.0
32,Huskies,Huskies_F5,,1H,1745.823219,Foul,Foul,54.0,41.0,55.0,40.0
32,Huskies,Huskies_M12,,1H,1861.293905,Foul,Foul,42.0,15.0,41.0,20.0
32,Opponent2,Opponent2_D6,,1H,2373.732639,Foul,Foul,97.0,86.0,97.0,89.0
32,Huskies,Huskies_M12,,1H,2673.034669,Foul,Foul,78.0,48.0,77.0,46.0
32,Opponent2,Opponent2_F3,,2H,129.71822900000006,Foul,Foul,67.0,76.0,68.0,71.0
32,Huskies,Huskies_D1,,2H,512.5051130000002,Foul,Foul,68.0,34.0,68.0,26.0
32,Opponent2,Opponent2_M4,,2H,981.539413,Foul,Foul,58.0,21.0,56.0,19.0
32,Huskies,Huskies_M11,,2H,1791.483529,Foul,Foul,63.0,70.0,55.0,66.0
32,Opponent2,Opponent2_M5,,2H,1890.817948,Foul,Foul,71.0,48.0,70.0,41.0
33,Huskies,Huskies_D8,,1H,221.093746,Foul,Foul,32.0,95.0,32.0,95.0
33,Huskies,Huskies_M3,,1H,561.787538,Foul,Foul,38.0,88.0,41.0,93.0
33,Opponent16,Opponent16_D4,,1H,976.023639,Foul,Foul,58.0,67.0,59.0,67.0
33,Opponent16,Opponent16_F6,,1H,1261.99898,Foul,Foul,39.0,90.0,35.0,83.0
33,Huskies,Huskies_M3,,1H,1801.113723,Foul,Foul,48.0,48.0,49.0,50.0
33,Huskies,Huskies_F2,,1H,1974.7090050000002,Foul,Foul,51.0,36.0,57.0,37.0
33,Huskies,Huskies_M4,,1H,2021.9505170000002,Foul,Foul,31.0,50.0,30.0,51.0
33,Huskies,Huskies_M3,,1H,2234.871848,Foul,Foul,61.0,77.0,65.0,78.0
33,Huskies,Huskies_M12,,1H,2421.534292,Foul,Foul,26.0,25.0,26.0,24.0
33,Huskies,Huskies_D8,,2H,149.57454400000006,Foul,Foul,41.0,82.0,41.0,80.0
33,Opponent16,Opponent16_F6,,2H,805.889357,Foul,Foul,63.0,96.0,59.0,93.0
33,Huskies,Huskies_M1,,2H,1177.8428970000004,Foul,Foul,35.0,28.0,33.0,30.0
33,Opponent16,Opponent16_M1,,2H,1318.089782,Foul,Foul,94.0,94.0,90.0,93.0
33,Huskies,Huskies_M1,,2H,1489.4281259999998,Foul,Foul,64.0,74.0,64.0,82.0
33,Huskies,Huskies_M1,,2H,1752.2464389999996,Foul,Foul,65.0,12.0,66.0,12.0
33,Huskies,Huskies_M1,,2H,2291.361242,Foul,Foul,58.0,70.0,57.0,71.0
33,Opponent16,Opponent16_F4,,2H,2689.225628,Foul,Foul,36.0,8.0,29.0,11.0
33,Opponent16,Opponent16_F4,,2H,2764.774663,Foul,Foul,69.0,10.0,65.0,11.0
33,Opponent16,Opponent16_D5,,2H,2836.3311160000003,Foul,Foul,48.0,56.0,49.0,56.0
34,Opponent18,Opponent18_M1,,1H,246.91209700000002,Foul,Foul,62.0,75.0,66.0,78.0
34,Huskies,Huskies_F5,,1H,361.43805999999995,Foul,Foul,65.0,55.0,67.0,55.0
34,Huskies,Huskies_F5,,1H,1048.073576,Foul,Foul,81.0,15.0,80.0,13.0
34,Huskies,Huskies_F2,,1H,1507.514377,Foul,Foul,43.0,75.0,39.0,65.0
34,Huskies,Huskies_D1,,1H,1719.520445,Foul,Foul,58.0,7.0,58.0,6.0
34,Opponent18,Opponent18_D2,,1H,2326.923695,Foul,Foul,30.0,72.0,66.0,37.0
34,Huskies,Huskies_F2,,1H,2484.619086,Foul,Foul,63.0,66.0,65.0,64.0
34,Opponent18,Opponent18_D2,,1H,2631.79872,Foul,Foul,65.0,88.0,40.0,15.0
34,Huskies,Huskies_M3,,2H,193.67694600000004,Foul,Foul,36.0,25.0,35.0,27.0
34,Huskies,Huskies_F5,,2H,405.87326900000016,Foul,Foul,46.0,34.0,45.0,35.0
34,Opponent18,Opponent18_D3,,2H,489.7557190000002,Foul,Foul,19.0,92.0,22.0,89.0
34,Opponent18,Opponent18_F3,,2H,583.388391,Foul,Foul,37.0,57.0,41.0,41.0
34,Opponent18,Opponent14_F2,,2H,907.385831,Foul,Foul,67.0,93.0,70.0,76.0
34,Huskies,Huskies_M1,,2H,1023.3377979999996,Foul,Foul,69.0,26.0,68.0,21.0
34,Opponent18,Opponent18_M7,,2H,1344.9086799999995,Foul,Foul,68.0,86.0,73.0,80.0
34,Huskies,Huskies_D10,,2H,1889.75641,Foul,Foul,10.0,10.0,11.0,13.0
34,Opponent18,Opponent18_M5,,2H,2097.994778,Foul,Foul,22.0,53.0,27.0,47.0
34,Opponent18,Opponent18_D2,,2H,2430.070181,Foul,Foul,21.0,93.0,17.0,86.0
34,Huskies,Huskies_M9,,2H,2648.047256,Foul,Foul,36.0,21.0,38.0,22.0
34,Opponent18,Opponent18_D3,,2H,2749.072754,Foul,Foul,68.0,93.0,73.0,78.0
34,Huskies,Huskies_M11,,2H,2822.6643679999997,Foul,Foul,45.0,96.0,48.0,97.0
35,Huskies,Huskies_M1,,1H,346.43692,Foul,Foul,61.0,17.0,31.0,81.0
35,Opponent17,Opponent17_F3,,1H,455.586368,Foul,Foul,26.0,78.0,31.0,82.0
35,Huskies,Huskies_M3,,1H,613.767628,Foul,Foul,65.0,43.0,35.0,65.0
35,Huskies,Huskies_F5,,1H,758.903046,Foul,Foul,72.0,83.0,28.0,6.0
35,Opponent17,Opponent17_F3,,1H,1157.92044,Foul,Foul,37.0,38.0,39.0,36.0
35,Opponent17,Opponent17_M1,,1H,1961.940301,Foul,Foul,33.0,27.0,36.0,28.0
35,Opponent17,Opponent17_D2,,1H,2394.846845,Foul,Foul,24.0,96.0,20.0,89.0
35,Huskies,Huskies_M12,,2H,125.44614300000012,Foul,Foul,44.0,47.0,45.0,44.0
35,Huskies,Huskies_F5,,2H,248.7697750000002,Foul,Foul,68.0,66.0,69.0,66.0
35,Huskies,Huskies_M4,,2H,610.2414220000001,Foul,Foul,45.0,26.0,44.0,21.0
35,Opponent17,Opponent17_M2,,2H,714.8189229999998,Foul,Foul,45.0,70.0,52.0,66.0
35,Opponent17,Opponent17_F3,,2H,808.9535609999998,Foul,Foul,85.0,87.0,83.0,78.0
35,Opponent17,Opponent17_M3,,2H,919.6340009999999,Foul,Foul,44.0,79.0,44.0,82.0
35,Opponent17,Opponent17_M7,,2H,1224.6324289999998,Foul,Foul,42.0,14.0,47.0,12.0
35,Opponent17,Opponent17_D1,,2H,1621.2477689999996,Foul,Foul,43.0,91.0,37.0,88.0
35,Huskies,Huskies_D1,,2H,1796.5776809999998,Foul,Foul,19.0,36.0,20.0,36.0
35,Huskies,Huskies_F1,,2H,1986.1632820000004,Foul,Foul,69.0,48.0,69.0,54.0
35,Huskies,Huskies_D1,,2H,2521.117303,Foul,Foul,25.0,13.0,28.0,11.0
35,Huskies,Huskies_M1,,2H,2703.8763820000004,Foul,Foul,41.0,15.0,34.0,21.0
35,Opponent17,Opponent17_M7,,2H,2858.444402,Foul,Foul,82.0,45.0,85.0,43.0
36,Huskies,Huskies_F6,,1H,115.592589,Foul,Foul,44.0,26.0,40.0,21.0
36,Opponent15,Opponent15_D6,,1H,405.503598,Foul,Foul,66.0,95.0,61.0,94.0
36,Opponent15,Opponent15_M3,,1H,509.68405199999995,Foul,Foul,65.0,21.0,68.0,19.0
36,Huskies,Huskies_M9,,1H,655.659317,Foul,Foul,27.0,84.0,29.0,80.0
36,Huskies,Huskies_M3,,1H,1082.693507,Foul,Foul,51.0,67.0,52.0,76.0
36,Opponent15,Opponent15_M3,,1H,1692.484875,Foul,Foul,38.0,71.0,35.0,72.0
36,Huskies,Huskies_F5,,1H,2217.36555,Foul,Foul,43.0,28.0,40.0,22.0
36,Opponent15,Opponent15_D1,,1H,2553.091434,Foul,Foul,60.0,89.0,59.0,83.0
36,Opponent15,Opponent15_D1,,2H,389.7183960000002,Foul,Foul,29.0,73.0,28.0,68.0
36,Huskies,Huskies_F5,,2H,496.4880109999999,Foul,Foul,33.0,53.0,33.0,51.0
36,Opponent15,Opponent15_M7,,2H,714.5917519999998,Foul,Foul,60.0,7.0,56.0,8.0
36,Opponent15,Opponent15_M8,,2H,1281.8456379999998,Foul,Foul,58.0,25.0,63.0,23.0
36,Opponent15,Opponent15_M8,,2H,1584.3114530000003,Foul,Foul,56.0,23.0,63.0,15.0
36,Huskies,Huskies_M3,,2H,1647.519499,Foul,Foul,67.0,90.0,69.0,92.0
36,Opponent15,Opponent15_M8,,2H,2052.4108509999996,Foul,Foul,56.0,53.0,56.0,47.0
36,Huskies,Huskies_M4,,2H,2331.8336550000004,Foul,Foul,36.0,91.0,40.0,85.0
36,Huskies,Huskies_M4,,2H,2404.271294,Foul,Foul,64.0,64.0,63.0,60.0
37,Opponent13,Opponent13_M2,,1H,282.065042,Foul,Foul,52.0,6.0,53.0,9.0
37,Huskies,Huskies_M3,,1H,362.95184900000004,Foul,Foul,32.0,67.0,36.0,61.0
37,Opponent13,Opponent13_M1,,1H,420.547464,Foul,Foul,77.0,77.0,85.0,82.0
37,Opponent13,Opponent13_M6,,1H,712.704055,Foul,Foul,94.0,23.0,94.0,20.0
37,Huskies,Huskies_M4,,1H,873.232426,Foul,Foul,78.0,11.0,76.0,19.0
37,Opponent13,Opponent13_D5,,1H,1296.997726,Foul,Foul,27.0,34.0,39.0,30.0
37,Huskies,Huskies_M3,,1H,1342.914781,Foul,Foul,87.0,37.0,88.0,35.0
37,Huskies,Huskies_M3,,1H,1519.171455,Foul,Foul,37.0,76.0,36.0,73.0
37,Opponent13,Opponent13_M6,,1H,2175.037691,Foul,Foul,31.0,8.0,26.0,5.0
37,Huskies,Huskies_M4,,1H,2250.299917,Foul,Foul,47.0,61.0,48.0,65.0
37,Huskies,Huskies_M9,,1H,2273.265405,Foul,Foul,31.0,26.0,31.0,26.0
37,Opponent13,Opponent13_F1,,1H,2686.215541,Foul,Foul,43.0,23.0,48.0,24.0
37,Huskies,Huskies_F5,,1H,2745.872921,Foul,Foul,66.0,89.0,67.0,89.0
37,Huskies,Huskies_F5,,2H,24.619219000000157,Foul,Foul,75.0,21.0,75.0,27.0
37,Opponent13,Opponent13_M7,,2H,432.3721150000001,Foul,Foul,36.0,61.0,34.0,66.0
37,Huskies,Huskies_M4,,2H,714.8782350000001,Foul,Foul,60.0,25.0,65.0,29.0
37,Huskies,Huskies_M1,,2H,1024.1469350000002,Foul,Foul,35.0,84.0,38.0,88.0
37,Opponent13,Opponent13_D5,,2H,1527.9458290000002,Foul,Foul,85.0,71.0,81.0,72.0
37,Huskies,Huskies_M3,,2H,1904.469897,Foul,Foul,43.0,28.0,38.0,36.0
37,Opponent13,Opponent13_D4,,2H,2112.588802,Foul,Foul,10.0,6.0,11.0,11.0
37,Huskies,Huskies_D10,,2H,2285.877856,Foul,Foul,28.0,23.0,27.0,25.0
37,Opponent13,Opponent13_D5,,2H,2349.9507679999997,Foul,Foul,41.0,76.0,37.0,68.0
37,Opponent13,Opponent13_D2,,2H,2824.842509,Foul,Foul,21.0,32.0,22.0,31.0
37,Opponent13,Opponent13_M8,,2H,2972.4111249999996,Foul,Foul,93.0,89.0,94.0,92.0
38,Opponent14,Opponent14_M3,,1H,884.8789409999999,Foul,Foul,23.0,78.0,24.0,76.0
38,Huskies,Huskies_D10,,1H,919.254549,Foul,Foul,57.0,91.0,53.0,92.0
38,Opponent14,Opponent14_F1,,1H,1072.911271,Foul,Foul,87.0,10.0,83.0,10.0
38,Huskies,Huskies_M1,,1H,1507.516206,Foul,Foul,41.0,22.0,44.0,22.0
38,Opponent14,Opponent14_M3,,1H,1605.865244,Foul,Foul,67.0,65.0,65.0,63.0
38,Huskies,Huskies_F4,,1H,1746.560469,Foul,Foul,81.0,59.0,81.0,56.0
38,Huskies,Huskies_M1,,1H,1959.367503,Foul,Foul,31.0,85.0,33.0,85.0
38,Opponent14,Opponent14_M3,,1H,2473.550719,Foul,Foul,55.0,80.0,56.0,79.0
38,Opponent14,Opponent14_F1,,1H,2832.617995,Foul,Foul,88.0,33.0,91.0,37.0
38,Opponent14,Opponent14_M3,,2H,208.07156299999997,Foul,Foul,25.0,93.0,34.0,91.0
38,Opponent14,Opponent14_M6,,2H,345.25446999999986,Foul,Foul,39.0,7.0,42.0,6.0
38,Huskies,Huskies_M4,,2H,409.5530789999998,Foul,Foul,62.0,9.0,63.0,9.0
38,Huskies,Huskies_D1,,2H,594.3301980000001,Foul,Foul,20.0,72.0,20.0,71.0
38,Huskies,Huskies_M1,,2H,706.9101329999999,Foul,Foul,61.0,72.0,64.0,71.0
38,Huskies,Huskies_M1,,2H,875.1386849999999,Foul,Foul,30.0,51.0,33.0,44.0
38,Opponent14,Opponent14_D1,,2H,1291.2567069999996,Foul,Foul,31.0,83.0,32.0,81.0
38,Huskies,Huskies_M1,,2H,1379.5278829999997,Foul,Foul,23.0,88.0,24.0,87.0
38,Opponent14,Opponent14_M5,,2H,1588.8363600000002,Foul,Foul,74.0,47.0,71.0,46.0
38,Huskies,Huskies_M4,,2H,2026.273123,Foul,Foul,32.0,64.0,33.0,61.0
38,Huskies,Huskies_M12,,2H,2470.056797,Foul,Foul,94.0,94.0,89.0,91.0
38,Opponent14,Opponent14_F1,,2H,2654.165092,Foul,Foul,59.0,18.0,62.0,15.0
38,Huskies,Huskies_M2,,2H,2771.9858700000004,Foul,Foul,41.0,17.0,38.0,16.0
