1,Huskies,Huskies_D1,,1H,469.35998900000004,Free Kick,Free Kick,23.0,92.0,38.0,74.0
1,Opponent1,Opponent1_D1,,1H,825.828045,Free Kick,Free Kick,55.0,9.0,89.0,47.0
1,Opponent1,Opponent1_D3,,1H,902.5756369999999,Free Kick,Free Kick,28.0,88.0,19.0,61.0
1,Huskies,Huskies_D3,,1H,937.663159,Free Kick,Free Kick,28.0,24.0,28.0,49.0
1,Opponent1,Opponent1_G1,,1H,1281.582667,Free Kick,Free Kick,27.0,13.0,78.0,47.0
1,Opponent1,Opponent1_G1,,1H,2441.109349,Free Kick,Free Kick,13.0,59.0,20.0,71.0
1,Huskies,Huskies_G1,,1H,2631.522261,Free Kick,Free Kick,12.0,51.0,31.0,53.0
1,Opponent1,Opponent1_M2,,2H,117.9306419999998,Free Kick,Free Kick,61.0,91.0,87.0,73.0
1,Huskies,Huskies_M1,,2H,300.119146,Free Kick,Free Kick,53.0,91.0,40.0,77.0
1,Opponent1,Opponent1_D2,,2H,426.0688540000001,Free Kick,Free Kick,26.0,8.0,78.0,27.0
1,Opponent1,Opponent1_D3,,2H,741.5832289999998,Free Kick,Free Kick,57.0,64.0,61.0,61.0
1,Opponent1,Opponent1_M1,,2H,793.7837330000002,Free Kick,Free Kick,48.0,63.0,84.0,76.0
1,Opponent1,Opponent1_G1,,2H,1161.6450210000003,Free Kick,Free Kick,15.0,88.0,65.0,85.0
1,Huskies,Huskies_G1,,2H,1804.7985239999998,Free Kick,Free Kick,9.0,33.0,27.0,48.0
1,Huskies,Huskies_G1,,2H,1995.1500969999997,Free Kick,Free Kick,10.0,60.0,60.0,16.0
1,Huskies,Huskies_G1,,2H,2064.923025,Free Kick,Free Kick,13.0,38.0,75.0,13.0
1,Huskies,Huskies_D3,,2H,2559.5630920000003,Free Kick,Free Kick,45.0,34.0,78.0,84.0
1,Huskies,Huskies_M3,,2H,2823.9522589999997,Free Kick,Free Kick,73.0,64.0,74.0,61.0
1,Huskies,Huskies_G1,,2H,2934.944737,Free Kick,Free Kick,21.0,38.0,83.0,0.0
2,Opponent2,Opponent2_D2,,1H,578.991497,Free Kick,Free Kick,23.0,19.0,24.0,57.0
2,Opponent2,Opponent2_G1,,1H,1448.25044,Free Kick,Free Kick,12.0,25.0,23.0,15.0
2,Opponent2,Opponent2_D4,,1H,1481.751844,Free Kick,Free Kick,30.0,91.0,42.0,39.0
2,Opponent2,Opponent2_M2,,1H,2323.035143,Free Kick,Free Kick,58.0,19.0,48.0,33.0
2,Huskies,Huskies_G1,,1H,2760.076645,Free Kick,Free Kick,32.0,26.0,71.0,94.0
2,Opponent2,Opponent2_M1,,2H,516.7600670000002,Free Kick,Free Kick,63.0,26.0,66.0,18.0
2,Opponent2,Opponent2_M2,,2H,2052.5554389999998,Free Kick,Free Kick,73.0,14.0,89.0,14.0
3,Huskies,Huskies_M1,,1H,93.22069599999998,Free Kick,Free Kick,39.0,66.0,29.0,45.0
3,Opponent3,Opponent3_D3,,1H,537.936102,Free Kick,Free Kick,53.0,35.0,62.0,31.0
3,Huskies,Huskies_F2,,1H,1167.412459,Free Kick,Free Kick,66.0,77.0,59.0,74.0
3,Huskies,Huskies_G1,,1H,1340.252606,Free Kick,Free Kick,28.0,9.0,75.0,74.0
3,Opponent3,Opponent3_M1,,1H,1572.801226,Free Kick,Free Kick,69.0,83.0,93.0,90.0
3,Opponent3,Opponent3_M1,,1H,2808.269193,Free Kick,Free Kick,29.0,35.0,73.0,29.0
3,Huskies,Huskies_M7,,2H,537.337583,Free Kick,Free Kick,22.0,69.0,46.0,79.0
3,Opponent3,Opponent3_G1,,2H,1078.5807439999999,Free Kick,Free Kick,6.0,12.0,61.0,40.0
3,Opponent3,Opponent3_F2,,2H,1272.6183959999998,Free Kick,Free Kick,58.0,4.0,38.0,11.0
3,Opponent3,Opponent3_D3,,2H,1537.902956,Free Kick,Free Kick,58.0,95.0,61.0,92.0
3,Huskies,Huskies_M7,,2H,1809.438483,Free Kick,Free Kick,48.0,48.0,57.0,22.0
3,Huskies,Huskies_G1,,2H,2500.5918250000004,Free Kick,Free Kick,9.0,13.0,73.0,33.0
4,Huskies,Huskies_M6,,1H,53.801755,Free Kick,Free Kick,72.0,5.0,91.0,23.0
4,Huskies,Huskies_D1,,1H,127.44236799999999,Free Kick,Free Kick,27.0,86.0,73.0,72.0
4,Opponent4,Opponent4_D3,,1H,325.935178,Free Kick,Free Kick,61.0,84.0,83.0,9.0
4,Opponent4,Opponent4_G1,,1H,586.753265,Free Kick,Free Kick,12.0,46.0,75.0,34.0
4,Huskies,Huskies_M1,,1H,649.051696,Free Kick,Free Kick,33.0,65.0,43.0,53.0
4,Huskies,Huskies_G1,,1H,1063.327985,Free Kick,Free Kick,6.0,9.0,72.0,32.0
4,Huskies,Huskies_G1,,1H,1778.725254,Free Kick,Free Kick,9.0,47.0,3.0,1.0
4,Opponent4,Opponent4_G1,,1H,2084.320828,Free Kick,Free Kick,15.0,53.0,76.0,64.0
4,Opponent4,Opponent4_D3,,1H,2119.602964,Free Kick,Free Kick,35.0,72.0,38.0,34.0
4,Huskies,Huskies_G1,,1H,2252.95991,Free Kick,Free Kick,10.0,41.0,39.0,88.0
4,Opponent4,Opponent4_D1,,1H,2308.883184,Free Kick,Free Kick,26.0,11.0,27.0,55.0
4,Huskies,Huskies_D2,,1H,2406.109216,Free Kick,Free Kick,30.0,29.0,40.0,3.0
4,Opponent4,Opponent4_D3,,1H,2718.878754,Free Kick,Free Kick,31.0,86.0,67.0,11.0
4,Opponent4,Opponent4_M4,,2H,272.76669200000015,Free Kick,Free Kick,93.0,96.0,98.0,71.0
4,Opponent4,Opponent4_M1,,2H,400.60746400000016,Free Kick,Free Kick,67.0,13.0,43.0,13.0
4,Opponent4,Opponent4_D5,,2H,1191.210336,Free Kick,Free Kick,70.0,22.0,70.0,22.0
4,Opponent4,Opponent4_D1,,2H,1234.7457800000002,Free Kick,Free Kick,26.0,23.0,27.0,72.0
4,Huskies,Huskies_F2,,2H,1601.3949309999998,Free Kick,Free Kick,47.0,94.0,89.0,84.0
4,Opponent4,Opponent4_G1,,2H,1670.1547689999998,Free Kick,Free Kick,10.0,64.0,71.0,44.0
4,Huskies,Huskies_D2,,2H,1970.1057819999996,Free Kick,Free Kick,49.0,52.0,55.0,10.0
4,Opponent4,Opponent4_D1,,2H,2152.6188709999997,Free Kick,Free Kick,29.0,1.0,74.0,10.0
4,Huskies,Huskies_D2,,2H,2433.009607,Free Kick,Free Kick,33.0,75.0,35.0,20.0
4,Opponent4,Opponent4_M6,,2H,2475.9513159999997,Free Kick,Free Kick,65.0,19.0,71.0,17.0
4,Opponent4,Opponent4_D1,,2H,2569.8406910000003,Free Kick,Free Kick,44.0,11.0,69.0,4.0
4,Huskies,Huskies_G1,,2H,2939.5030450000004,Free Kick,Free Kick,8.0,50.0,0.0,0.0
5,Opponent5,Opponent5_G1,,1H,907.9203190000001,Free Kick,Free Kick,1.0,42.0,18.0,26.0
5,Huskies,Huskies_F2,,1H,1063.603183,Free Kick,Free Kick,52.0,13.0,33.0,28.0
5,Huskies,Huskies_D1,,1H,1331.441786,Free Kick,Free Kick,27.0,70.0,36.0,29.0
5,Huskies,Huskies_G1,,1H,1672.379166,Free Kick,Free Kick,23.0,23.0,71.0,96.0
5,Opponent5,Opponent5_G1,,1H,1746.484038,Free Kick,Free Kick,11.0,46.0,55.0,58.0
5,Opponent5,Opponent5_G1,,1H,1877.3709319999998,Free Kick,Free Kick,6.0,23.0,28.0,49.0
5,Huskies,Huskies_M3,,1H,2186.974758,Free Kick,Free Kick,36.0,26.0,42.0,64.0
5,Opponent5,Opponent5_M1,,2H,153.21446800000012,Free Kick,Free Kick,27.0,10.0,52.0,4.0
5,Opponent5,Opponent5_M1,,2H,434.39573100000007,Free Kick,Free Kick,55.0,27.0,60.0,35.0
5,Opponent5,Opponent5_M3,,2H,718.2473879999998,Free Kick,Free Kick,68.0,7.0,68.0,12.0
5,Huskies,Huskies_D5,,2H,1276.6732240000001,Free Kick,Free Kick,58.0,94.0,77.0,87.0
5,Opponent5,Opponent5_M1,,2H,1435.0224440000002,Free Kick,Free Kick,55.0,30.0,63.0,14.0
5,Opponent5,Opponent5_M1,,2H,2151.320551,Free Kick,Free Kick,35.0,85.0,78.0,47.0
5,Huskies,Huskies_D2,,2H,2157.1035060000004,Free Kick,Free Kick,22.0,52.0,43.0,53.0
5,Opponent5,Opponent5_G1,,2H,2369.6140450000003,Free Kick,Free Kick,12.0,13.0,74.0,54.0
5,Opponent5,Opponent5_D3,,2H,2430.224298,Free Kick,Free Kick,44.0,8.0,41.0,23.0
5,Huskies,Huskies_D1,,2H,2457.7012720000002,Free Kick,Free Kick,31.0,93.0,46.0,75.0
6,Opponent6,Opponent6_D3,,1H,165.233118,Free Kick,Free Kick,56.0,55.0,64.0,27.0
6,Opponent6,Opponent6_G1,,1H,922.526233,Free Kick,Free Kick,19.0,31.0,35.0,12.0
6,Opponent6,Opponent6_G1,,1H,1029.214217,Free Kick,Free Kick,5.0,16.0,63.0,10.0
6,Opponent6,Opponent6_D4,,1H,1910.875685,Free Kick,Free Kick,36.0,11.0,67.0,12.0
6,Opponent6,Opponent6_D4,,2H,646.190243,Free Kick,Free Kick,31.0,22.0,100.0,29.0
6,Opponent6,Opponent6_D1,,2H,696.4108339999998,Free Kick,Free Kick,57.0,26.0,77.0,10.0
6,Opponent6,Opponent6_D2,,2H,1776.538106,Free Kick,Free Kick,66.0,96.0,92.0,76.0
6,Opponent6,Opponent6_G1,,2H,2052.436522,Free Kick,Free Kick,22.0,92.0,76.0,74.0
6,Opponent6,Opponent6_G1,,2H,2122.73593,Free Kick,Free Kick,29.0,87.0,87.0,14.0
7,Huskies,Huskies_G1,,1H,369.035101,Free Kick,Free Kick,31.0,76.0,78.0,29.0
7,Huskies,Huskies_G1,,1H,475.791312,Free Kick,Free Kick,20.0,80.0,79.0,28.0
7,Opponent7,Opponent7_G1,,1H,614.209135,Free Kick,Free Kick,18.0,50.0,78.0,42.0
7,Opponent7,Opponent7_G1,,1H,994.800914,Free Kick,Free Kick,13.0,67.0,76.0,69.0
7,Opponent7,Opponent7_G1,,1H,1058.721699,Free Kick,Free Kick,13.0,30.0,70.0,33.0
7,Huskies,Huskies_D2,,1H,1524.369253,Free Kick,Free Kick,30.0,6.0,32.0,46.0
7,Opponent7,Opponent7_G1,,1H,2208.81448,Free Kick,Free Kick,43.0,43.0,89.0,54.0
7,Opponent7,Opponent7_D3,,1H,2300.02329,Free Kick,Free Kick,35.0,90.0,79.0,35.0
7,Opponent7,Opponent7_G1,,1H,2556.030252,Free Kick,Free Kick,27.0,22.0,79.0,90.0
7,Huskies,Huskies_D2,,1H,2704.411927,Free Kick,Free Kick,39.0,43.0,54.0,22.0
7,Huskies,Huskies_G1,,2H,91.6827330000001,Free Kick,Free Kick,4.0,79.0,71.0,76.0
7,Opponent7,Opponent7_D1,,2H,1461.4359700000005,Free Kick,Free Kick,53.0,4.0,79.0,53.0
7,Huskies,Huskies_M1,,2H,1635.13242,Free Kick,Free Kick,39.0,75.0,42.0,55.0
7,Opponent7,Opponent7_D3,,2H,2672.975918,Free Kick,Free Kick,42.0,57.0,87.0,19.0
7,Opponent7,Opponent7_M4,,2H,2730.055128,Free Kick,Free Kick,62.0,7.0,89.0,8.0
8,Huskies,Huskies_G1,,1H,206.539669,Free Kick,Free Kick,31.0,46.0,30.0,38.0
8,Opponent8,Opponent8_M5,,1H,1347.548935,Free Kick,Free Kick,52.0,81.0,82.0,79.0
8,Huskies,Huskies_G1,,1H,1379.90099,Free Kick,Free Kick,12.0,49.0,70.0,93.0
8,Huskies,Huskies_D3,,1H,1604.203747,Free Kick,Free Kick,28.0,38.0,37.0,48.0
8,Opponent8,Opponent8_D2,,1H,2384.945556,Free Kick,Free Kick,40.0,90.0,73.0,32.0
8,Huskies,Huskies_D3,,1H,2465.628191,Free Kick,Free Kick,33.0,33.0,28.0,80.0
8,Huskies,Huskies_G1,,1H,2631.691164,Free Kick,Free Kick,13.0,65.0,66.0,10.0
8,Opponent8,Opponent8_G1,,1H,2756.898826,Free Kick,Free Kick,23.0,36.0,0.0,0.0
8,Huskies,Huskies_D3,,2H,258.29910400000017,Free Kick,Free Kick,24.0,14.0,27.0,55.0
8,Huskies,Huskies_M1,,2H,427.4934330000001,Free Kick,Free Kick,52.0,66.0,57.0,72.0
8,Opponent8,Opponent8_D3,,2H,806.989333,Free Kick,Free Kick,28.0,4.0,75.0,63.0
8,Huskies,Huskies_G1,,2H,1126.434408,Free Kick,Free Kick,12.0,73.0,59.0,1.0
8,Huskies,Huskies_G1,,2H,1485.1354009999995,Free Kick,Free Kick,11.0,53.0,25.0,81.0
8,Opponent8,Opponent8_G1,,2H,2472.6533360000003,Free Kick,Free Kick,20.0,84.0,71.0,96.0
8,Opponent8,Opponent8_M2,,2H,2874.525101,Free Kick,Free Kick,54.0,52.0,67.0,82.0
8,Opponent8,Opponent8_G1,,2H,2960.20633,Free Kick,Free Kick,8.0,58.0,0.0,0.0
9,Huskies,Huskies_M1,,1H,323.439536,Free Kick,Free Kick,60.0,69.0,54.0,45.0
9,Huskies,Huskies_G1,,1H,475.80388700000003,Free Kick,Free Kick,6.0,87.0,86.0,90.0
9,Opponent9,Opponent9_G1,,1H,884.3161359999999,Free Kick,Free Kick,13.0,56.0,31.0,82.0
9,Huskies,Huskies_G1,,1H,1224.204119,Free Kick,Free Kick,30.0,59.0,86.0,88.0
9,Opponent9,Opponent9_G1,,1H,1311.844773,Free Kick,Free Kick,7.0,70.0,36.0,82.0
9,Opponent9,Opponent9_M2,,1H,1705.348726,Free Kick,Free Kick,35.0,31.0,38.0,60.0
9,Opponent9,Opponent9_D2,,1H,1939.4360219999999,Free Kick,Free Kick,46.0,17.0,54.0,33.0
9,Opponent9,Opponent9_M3,,1H,2248.065869,Free Kick,Free Kick,37.0,29.0,32.0,57.0
9,Opponent9,Opponent9_G1,,1H,2815.33043,Free Kick,Free Kick,12.0,62.0,24.0,85.0
9,Opponent9,Opponent9_D2,,2H,361.6159969999999,Free Kick,Free Kick,41.0,22.0,32.0,46.0
9,Huskies,Huskies_M6,,2H,1215.1114100000004,Free Kick,Free Kick,55.0,26.0,84.0,7.0
9,Huskies,Huskies_M4,,2H,1299.847624,Free Kick,Free Kick,34.0,92.0,27.0,80.0
9,Opponent9,Opponent9_M2,,2H,1468.2575269999998,Free Kick,Free Kick,39.0,35.0,32.0,32.0
9,Huskies,Huskies_D4,,2H,1639.304752,Free Kick,Free Kick,61.0,14.0,76.0,18.0
9,Opponent9,Opponent9_G1,,2H,1919.773166,Free Kick,Free Kick,8.0,46.0,20.0,88.0
9,Huskies,Huskies_G1,,2H,2342.097176,Free Kick,Free Kick,4.0,57.0,69.0,64.0
9,Huskies,Huskies_G1,,2H,2469.2599920000002,Free Kick,Free Kick,35.0,41.0,77.0,72.0
9,Opponent9,Opponent9_M2,,2H,2537.603736,Free Kick,Free Kick,39.0,90.0,34.0,59.0
9,Opponent9,Opponent9_M3,,2H,2924.486406,Free Kick,Free Kick,59.0,23.0,41.0,40.0
10,Opponent10,Opponent10_G1,,1H,278.72115299999996,Free Kick,Free Kick,12.0,9.0,58.0,18.0
10,Opponent10,Opponent10_G1,,1H,1440.745281,Free Kick,Free Kick,34.0,32.0,38.0,10.0
10,Huskies,Huskies_D4,,1H,2076.295153,Free Kick,Free Kick,51.0,8.0,55.0,31.0
10,Huskies,Huskies_M5,,1H,2541.996672,Free Kick,Free Kick,68.0,52.0,59.0,90.0
10,Opponent10,Opponent10_G1,,1H,2782.763241,Free Kick,Free Kick,29.0,9.0,67.0,8.0
10,Huskies,Huskies_G1,,2H,50.25755100000015,Free Kick,Free Kick,38.0,30.0,91.0,59.0
10,Opponent10,Opponent10_D5,,2H,202.40554100000008,Free Kick,Free Kick,40.0,43.0,43.0,10.0
10,Huskies,Huskies_D2,,2H,870.4352859999999,Free Kick,Free Kick,35.0,64.0,53.0,10.0
10,Huskies,Huskies_D3,,2H,1221.3738000000003,Free Kick,Free Kick,43.0,89.0,77.0,38.0
10,Huskies,Huskies_G1,,2H,1986.7024190000002,Free Kick,Free Kick,25.0,88.0,67.0,34.0
10,Huskies,Huskies_G1,,2H,2173.019493,Free Kick,Free Kick,34.0,46.0,64.0,67.0
10,Opponent10,Opponent10_G1,,2H,2701.3373600000004,Free Kick,Free Kick,21.0,59.0,71.0,7.0
10,Opponent10,Opponent10_G1,,2H,2924.163711,Free Kick,Free Kick,34.0,35.0,0.0,0.0
11,Opponent11,Opponent11_G1,,1H,476.951506,Free Kick,Free Kick,27.0,69.0,75.0,14.0
11,Opponent11,Opponent11_D4,,1H,895.494449,Free Kick,Free Kick,57.0,30.0,61.0,5.0
11,Opponent11,Opponent11_M1,,1H,1258.232749,Free Kick,Free Kick,64.0,22.0,66.0,39.0
11,Opponent11,Opponent11_D3,,1H,1812.366643,Free Kick,Free Kick,29.0,59.0,44.0,43.0
11,Opponent11,Opponent11_G1,,1H,2032.492249,Free Kick,Free Kick,10.0,70.0,74.0,59.0
11,Opponent11,Opponent11_G1,,1H,2207.359814,Free Kick,Free Kick,16.0,5.0,73.0,6.0
11,Opponent11,Opponent11_M2,,1H,2232.300694,Free Kick,Free Kick,57.0,19.0,32.0,40.0
11,Opponent11,Opponent11_G1,,1H,2663.005788,Free Kick,Free Kick,28.0,65.0,36.0,18.0
11,Huskies,Huskies_D7,,1H,2711.12358,Free Kick,Free Kick,56.0,94.0,83.0,58.0
11,Opponent11,Opponent11_D4,,2H,356.3020929999998,Free Kick,Free Kick,33.0,14.0,76.0,12.0
11,Huskies,Huskies_D3,,2H,379.951873,Free Kick,Free Kick,32.0,69.0,68.0,16.0
11,Opponent11,Opponent11_G2,,2H,1395.271068,Free Kick,Free Kick,12.0,66.0,66.0,51.0
11,Opponent11,Opponent11_G2,,2H,1481.3862440000003,Free Kick,Free Kick,9.0,73.0,69.0,69.0
11,Huskies,Huskies_G1,,2H,1633.4960469999996,Free Kick,Free Kick,24.0,84.0,69.0,15.0
11,Opponent11,Opponent11_M1,,2H,2126.460435,Free Kick,Free Kick,69.0,67.0,92.0,92.0
11,Opponent11,Opponent11_M2,,2H,2191.3916179999997,Free Kick,Free Kick,58.0,27.0,76.0,11.0
11,Opponent11,Opponent11_G2,,2H,2525.7256209999996,Free Kick,Free Kick,27.0,62.0,30.0,79.0
11,Opponent11,Opponent11_G2,,2H,3136.8301840000004,Free Kick,Free Kick,10.0,9.0,67.0,10.0
11,Huskies,Huskies_D4,,2H,3386.515048,Free Kick,Free Kick,66.0,19.0,90.0,21.0
11,Opponent11,Opponent11_G2,,2H,3416.4016039999997,Free Kick,Free Kick,8.0,89.0,70.0,72.0
12,Opponent12,Opponent12_M2,,1H,26.892320000000012,Free Kick,Free Kick,49.0,71.0,57.0,81.0
12,Huskies,Huskies_D3,,1H,173.691393,Free Kick,Free Kick,10.0,92.0,55.0,13.0
12,Opponent12,Opponent12_D2,,1H,1022.650576,Free Kick,Free Kick,27.0,81.0,33.0,34.0
12,Huskies,Huskies_G1,,1H,1305.207202,Free Kick,Free Kick,16.0,91.0,67.0,82.0
12,Opponent12,Opponent12_D2,,1H,1512.289053,Free Kick,Free Kick,39.0,76.0,43.0,69.0
12,Opponent12,Opponent12_M2,,1H,1555.233099,Free Kick,Free Kick,60.0,75.0,48.0,55.0
12,Opponent12,Opponent12_M2,,1H,1777.756647,Free Kick,Free Kick,27.0,53.0,34.0,31.0
12,Opponent12,Opponent12_D2,,1H,2029.047157,Free Kick,Free Kick,31.0,90.0,40.0,81.0
12,Huskies,Huskies_D4,,1H,2425.145171,Free Kick,Free Kick,60.0,6.0,57.0,14.0
12,Opponent12,Opponent12_D1,,1H,2563.776103,Free Kick,Free Kick,39.0,70.0,70.0,5.0
12,Huskies,Huskies_G1,,2H,53.02978699999994,Free Kick,Free Kick,31.0,27.0,76.0,70.0
12,Opponent12,Opponent12_M5,,2H,254.89010000000007,Free Kick,Free Kick,25.0,19.0,25.0,16.0
12,Opponent12,Opponent12_D4,,2H,356.5583969999998,Free Kick,Free Kick,70.0,8.0,63.0,23.0
12,Opponent12,Opponent12_M3,,2H,378.36002899999994,Free Kick,Free Kick,70.0,81.0,71.0,73.0
12,Opponent12,Opponent12_M5,,2H,558.365738,Free Kick,Free Kick,30.0,31.0,24.0,76.0
12,Opponent12,Opponent12_D4,,2H,620.5090749999999,Free Kick,Free Kick,34.0,14.0,31.0,37.0
12,Opponent12,Opponent12_D3,,2H,661.7206329999999,Free Kick,Free Kick,42.0,16.0,60.0,28.0
12,Opponent12,Opponent12_G1,,2H,1005.4878550000003,Free Kick,Free Kick,7.0,47.0,58.0,69.0
12,Huskies,Huskies_G1,,2H,1274.8316969999996,Free Kick,Free Kick,18.0,47.0,75.0,84.0
12,Opponent12,Opponent12_D1,,2H,1819.5664210000004,Free Kick,Free Kick,32.0,96.0,76.0,50.0
12,Huskies,Huskies_G1,,2H,1858.0701959999997,Free Kick,Free Kick,38.0,31.0,85.0,78.0
12,Opponent12,Opponent12_M2,,2H,1978.938572,Free Kick,Free Kick,68.0,9.0,85.0,9.0
12,Huskies,Huskies_D3,,2H,2506.930609,Free Kick,Free Kick,48.0,57.0,91.0,26.0
13,Opponent13,Opponent13_D4,,1H,297.69471799999997,Free Kick,Free Kick,45.0,9.0,32.0,34.0
13,Opponent13,Opponent13_M3,,1H,1606.473373,Free Kick,Free Kick,41.0,38.0,41.0,14.0
13,Opponent13,Opponent13_M2,,1H,1765.174331,Free Kick,Free Kick,63.0,51.0,59.0,31.0
13,Opponent13,Opponent13_D3,,1H,1809.5053990000001,Free Kick,Free Kick,26.0,83.0,29.0,48.0
13,Opponent13,Opponent13_M3,,1H,2170.729267,Free Kick,Free Kick,50.0,57.0,49.0,76.0
13,Opponent13,Opponent13_D4,,2H,659.9545290000001,Free Kick,Free Kick,56.0,2.0,45.0,20.0
13,Huskies,Huskies_G1,,2H,734.508362,Free Kick,Free Kick,23.0,30.0,76.0,60.0
13,Opponent13,Opponent13_D1,,2H,859.7629459999998,Free Kick,Free Kick,23.0,66.0,34.0,7.0
13,Opponent13,Opponent13_M3,,2H,1316.7024780000002,Free Kick,Free Kick,54.0,56.0,41.0,76.0
13,Huskies,Huskies_G1,,2H,1465.4774429999998,Free Kick,Free Kick,28.0,15.0,81.0,33.0
13,Opponent13,Opponent13_D1,,2H,1573.544761,Free Kick,Free Kick,45.0,67.0,48.0,49.0
13,Huskies,Huskies_M1,,2H,1855.0852169999998,Free Kick,Free Kick,32.0,62.0,31.0,52.0
13,Huskies,Huskies_M1,,2H,2166.9445050000004,Free Kick,Free Kick,53.0,48.0,62.0,75.0
13,Huskies,Huskies_G1,,2H,2682.4669700000004,Free Kick,Free Kick,10.0,64.0,75.0,68.0
13,Huskies,Huskies_G1,,2H,2750.440377,Free Kick,Free Kick,19.0,72.0,74.0,100.0
14,Opponent14,Opponent14_G1,,1H,235.82456200000001,Free Kick,Free Kick,27.0,92.0,69.0,83.0
14,Opponent14,Opponent14_G1,,1H,594.241525,Free Kick,Free Kick,27.0,54.0,33.0,66.0
14,Huskies,Huskies_F2,,1H,636.451799,Free Kick,Free Kick,34.0,30.0,31.0,78.0
14,Opponent14,Opponent14_G1,,1H,1612.969735,Free Kick,Free Kick,22.0,17.0,66.0,16.0
14,Opponent14,Opponent14_G1,,1H,2106.794473,Free Kick,Free Kick,19.0,89.0,63.0,66.0
14,Opponent14,Opponent14_G1,,1H,2210.729503,Free Kick,Free Kick,6.0,56.0,64.0,65.0
14,Huskies,Huskies_D6,,1H,2274.913081,Free Kick,Free Kick,36.0,76.0,34.0,36.0
14,Opponent14,Opponent14_M1,,1H,2390.318714,Free Kick,Free Kick,60.0,6.0,53.0,17.0
14,Huskies,Huskies_D7,,2H,371.2621429999999,Free Kick,Free Kick,59.0,83.0,44.0,40.0
14,Opponent14,Opponent14_M1,,2H,2134.289321,Free Kick,Free Kick,44.0,90.0,49.0,96.0
14,Opponent14,Opponent14_D4,,2H,2650.715722,Free Kick,Free Kick,36.0,37.0,43.0,70.0
15,Huskies,Huskies_D6,,1H,259.464231,Free Kick,Free Kick,45.0,52.0,88.0,11.0
15,Opponent15,Opponent15_G1,,1H,720.715839,Free Kick,Free Kick,22.0,79.0,57.0,12.0
15,Opponent15,Opponent15_M3,,1H,880.020884,Free Kick,Free Kick,64.0,21.0,67.0,35.0
15,Opponent15,Opponent15_G1,,1H,1173.25707,Free Kick,Free Kick,21.0,23.0,78.0,35.0
15,Huskies,Huskies_M6,,1H,1315.718104,Free Kick,Free Kick,67.0,76.0,91.0,91.0
15,Opponent15,Opponent15_D3,,1H,1457.659756,Free Kick,Free Kick,33.0,18.0,15.0,32.0
15,Opponent15,Opponent15_G1,,1H,1625.589917,Free Kick,Free Kick,11.0,49.0,83.0,4.0
15,Opponent15,Opponent15_D3,,2H,1549.4228990000001,Free Kick,Free Kick,65.0,24.0,84.0,65.0
15,Opponent15,Opponent15_G1,,2H,2153.651656,Free Kick,Free Kick,30.0,75.0,88.0,46.0
15,Opponent15,Opponent15_G1,,2H,2235.490705,Free Kick,Free Kick,30.0,92.0,81.0,51.0
15,Huskies,Huskies_D2,,2H,2552.18422,Free Kick,Free Kick,47.0,41.0,89.0,78.0
15,Huskies,Huskies_M1,,2H,2814.813803,Free Kick,Free Kick,66.0,28.0,52.0,47.0
15,Opponent15,Opponent15_G1,,2H,2872.396202,Free Kick,Free Kick,19.0,35.0,30.0,19.0
16,Opponent16,Opponent16_D2,,1H,639.439743,Free Kick,Free Kick,34.0,86.0,30.0,69.0
16,Huskies,Huskies_G1,,1H,1279.53332,Free Kick,Free Kick,21.0,40.0,69.0,78.0
16,Huskies,Huskies_G1,,1H,1414.859155,Free Kick,Free Kick,14.0,9.0,71.0,40.0
16,Opponent16,Opponent16_D1,,1H,2063.487859,Free Kick,Free Kick,18.0,33.0,30.0,15.0
16,Huskies,Huskies_F2,,1H,2102.789425,Free Kick,Free Kick,35.0,88.0,50.0,67.0
16,Huskies,Huskies_M3,,2H,241.66272500000014,Free Kick,Free Kick,56.0,65.0,57.0,93.0
16,Opponent16,Opponent16_D1,,2H,705.8238200000001,Free Kick,Free Kick,31.0,27.0,25.0,60.0
16,Huskies,Huskies_G1,,2H,1571.3607249999995,Free Kick,Free Kick,20.0,24.0,82.0,7.0
16,Opponent16,Opponent16_D2,,2H,1787.9745380000004,Free Kick,Free Kick,54.0,91.0,50.0,61.0
16,Huskies,Huskies_G1,,2H,2302.302439,Free Kick,Free Kick,32.0,26.0,100.0,83.0
17,Huskies,Huskies_G1,,1H,536.880717,Free Kick,Free Kick,12.0,92.0,71.0,42.0
17,Huskies,Huskies_G1,,1H,1209.727298,Free Kick,Free Kick,37.0,88.0,89.0,46.0
17,Opponent17,Opponent17_M5,,1H,1702.40531,Free Kick,Free Kick,39.0,0.0,33.0,63.0
17,Huskies,Huskies_F2,,1H,1804.661492,Free Kick,Free Kick,30.0,65.0,51.0,5.0
17,Opponent17,Opponent17_G1,,1H,2274.909778,Free Kick,Free Kick,25.0,16.0,35.0,15.0
17,Huskies,Huskies_G1,,2H,696.2749570000001,Free Kick,Free Kick,25.0,42.0,79.0,91.0
17,Opponent17,Opponent17_D3,,2H,1190.536798,Free Kick,Free Kick,29.0,29.0,29.0,59.0
17,Opponent17,Opponent17_M6,,2H,2102.9442769999996,Free Kick,Free Kick,59.0,10.0,38.0,27.0
17,Huskies,Huskies_D3,,2H,2382.1538549999996,Free Kick,Free Kick,57.0,35.0,84.0,82.0
17,Opponent17,Opponent17_G1,,2H,2449.3403200000002,Free Kick,Free Kick,11.0,19.0,66.0,15.0
17,Huskies,Huskies_M3,,2H,2595.212547,Free Kick,Free Kick,83.0,6.0,90.0,4.0
17,Opponent17,Opponent17_D3,,2H,2908.1945210000003,Free Kick,Free Kick,36.0,21.0,84.0,54.0
17,Huskies,Huskies_D3,,2H,2981.916136,Free Kick,Free Kick,40.0,16.0,100.0,100.0
18,Opponent18,Opponent18_M4,,1H,545.511351,Free Kick,Free Kick,60.0,26.0,63.0,21.0
18,Opponent18,Opponent18_G1,,1H,1929.4647300000001,Free Kick,Free Kick,23.0,78.0,72.0,81.0
18,Opponent18,Opponent18_M1,,1H,2051.758328,Free Kick,Free Kick,65.0,78.0,85.0,94.0
18,Huskies,Huskies_D6,,1H,2224.053841,Free Kick,Free Kick,32.0,78.0,64.0,0.0
18,Opponent18,Opponent18_G1,,1H,2395.243822,Free Kick,Free Kick,8.0,68.0,74.0,53.0
18,Opponent18,Opponent18_D2,,2H,224.36281700000018,Free Kick,Free Kick,53.0,78.0,79.0,73.0
18,Opponent18,Opponent18_D1,,2H,306.0798770000001,Free Kick,Free Kick,33.0,28.0,37.0,18.0
18,Huskies,Huskies_G1,,2H,420.54675499999985,Free Kick,Free Kick,30.0,53.0,87.0,16.0
18,Huskies,Huskies_G1,,2H,1289.4408400000002,Free Kick,Free Kick,24.0,35.0,69.0,17.0
18,Huskies,Huskies_F2,,2H,1905.2592590000004,Free Kick,Free Kick,43.0,66.0,77.0,15.0
18,Opponent18,Opponent18_D3,,2H,1924.2463820000003,Free Kick,Free Kick,27.0,73.0,31.0,83.0
18,Huskies,Huskies_D7,,2H,2652.9825659999997,Free Kick,Free Kick,60.0,83.0,89.0,26.0
18,Huskies,Huskies_D2,,2H,2730.8029450000004,Free Kick,Free Kick,44.0,12.0,86.0,8.0
19,Huskies,Huskies_G1,,1H,1592.436361,Free Kick,Free Kick,21.0,96.0,73.0,39.0
19,Huskies,Huskies_G1,,1H,2269.317794,Free Kick,Free Kick,32.0,85.0,74.0,82.0
19,Huskies,Huskies_G1,,2H,377.8211289999999,Free Kick,Free Kick,16.0,50.0,26.0,65.0
19,Opponent3,Opponent3_D2,,2H,472.4640909999998,Free Kick,Free Kick,7.0,99.0,5.0,56.0
19,Opponent3,Opponent3_D5,,2H,777.0878269999998,Free Kick,Free Kick,32.0,19.0,14.0,41.0
19,Huskies,Huskies_G1,,2H,853.8558109999999,Free Kick,Free Kick,16.0,10.0,70.0,24.0
19,Opponent3,Opponent3_D5,,2H,983.7224550000001,Free Kick,Free Kick,27.0,55.0,35.0,42.0
19,Opponent3,Opponent3_F4,,2H,1011.95111,Free Kick,Free Kick,57.0,37.0,66.0,33.0
19,Opponent3,Opponent3_D5,,2H,1183.9026169999997,Free Kick,Free Kick,49.0,57.0,42.0,23.0
19,Huskies,Huskies_G1,,2H,1723.501464,Free Kick,Free Kick,10.0,41.0,63.0,27.0
19,Opponent3,Opponent3_M1,,2H,2048.7529889999996,Free Kick,Free Kick,67.0,80.0,74.0,82.0
19,Huskies,Huskies_G1,,2H,2886.203807,Free Kick,Free Kick,6.0,62.0,65.0,31.0
20,Opponent19,Opponent19_D2,,1H,60.50277199999999,Free Kick,Free Kick,56.0,7.0,49.0,28.0
20,Huskies,Huskies_D5,,1H,833.247927,Free Kick,Free Kick,45.0,7.0,33.0,41.0
20,Huskies,Huskies_D1,,1H,961.9709809999999,Free Kick,Free Kick,39.0,29.0,44.0,51.0
20,Opponent19,Opponent19_G1,,1H,1305.349495,Free Kick,Free Kick,13.0,85.0,66.0,62.0
20,Huskies,Huskies_M4,,1H,1443.774691,Free Kick,Free Kick,45.0,53.0,59.0,15.0
20,Opponent19,Opponent19_M1,,1H,1723.381319,Free Kick,Free Kick,35.0,74.0,46.0,93.0
20,Huskies,Huskies_G1,,1H,2302.027706,Free Kick,Free Kick,27.0,73.0,41.0,82.0
20,Opponent19,Opponent19_G1,,1H,2352.034125,Free Kick,Free Kick,14.0,86.0,92.0,100.0
20,Opponent19,Opponent19_D2,,2H,676.4122590000002,Free Kick,Free Kick,50.0,6.0,67.0,11.0
20,Opponent19,Opponent19_G1,,2H,749.8271030000001,Free Kick,Free Kick,20.0,33.0,77.0,84.0
20,Opponent19,Opponent19_D3,,2H,876.4701989999999,Free Kick,Free Kick,53.0,80.0,75.0,59.0
20,Huskies,Huskies_D1,,2H,944.1450369999998,Free Kick,Free Kick,34.0,36.0,54.0,88.0
20,Opponent19,Opponent19_D3,,2H,1247.7066720000003,Free Kick,Free Kick,43.0,83.0,82.0,46.0
20,Huskies,Huskies_G1,,2H,1847.5427929999996,Free Kick,Free Kick,7.0,53.0,56.0,91.0
20,Huskies,Huskies_M3,,2H,2015.0541460000004,Free Kick,Free Kick,55.0,49.0,54.0,21.0
20,Huskies,Huskies_D5,,2H,2113.46451,Free Kick,Free Kick,33.0,17.0,25.0,41.0
20,Opponent19,Opponent19_M3,,2H,2707.7298389999996,Free Kick,Free Kick,52.0,25.0,86.0,78.0
21,Opponent6,Opponent6_F5,,1H,397.752068,Free Kick,Free Kick,38.0,24.0,77.0,5.0
21,Huskies,Huskies_G1,,1H,2367.511663,Free Kick,Free Kick,21.0,22.0,30.0,56.0
21,Opponent6,Opponent6_D5,,1H,2581.531908,Free Kick,Free Kick,41.0,67.0,87.0,95.0
21,Huskies,Huskies_G1,,1H,2721.01571,Free Kick,Free Kick,4.0,63.0,90.0,95.0
21,Opponent6,Opponent6_G1,,2H,159.29907999999978,Free Kick,Free Kick,9.0,60.0,66.0,67.0
21,Opponent6,Opponent6_G1,,2H,821.2578060000001,Free Kick,Free Kick,16.0,46.0,73.0,64.0
21,Opponent6,Opponent6_D3,,2H,854.4947440000001,Free Kick,Free Kick,19.0,91.0,15.0,59.0
21,Opponent6,Opponent6_D5,,2H,1327.8586969999997,Free Kick,Free Kick,45.0,72.0,57.0,53.0
21,Opponent6,Opponent6_M5,,2H,1450.7698879999998,Free Kick,Free Kick,32.0,47.0,29.0,73.0
21,Huskies,Huskies_F2,,2H,2249.7954520000003,Free Kick,Free Kick,38.0,48.0,77.0,11.0
21,Opponent6,Opponent6_M3,,2H,2709.447625,Free Kick,Free Kick,70.0,9.0,94.0,0.0
21,Opponent6,Opponent6_G1,,2H,2847.1954480000004,Free Kick,Free Kick,18.0,94.0,78.0,80.0
21,Opponent6,Opponent6_G1,,2H,2927.982612,Free Kick,Free Kick,31.0,18.0,79.0,15.0
21,Huskies,Huskies_G1,,2H,2951.6304179999997,Free Kick,Free Kick,24.0,83.0,72.0,74.0
22,Huskies,Huskies_G1,,1H,1218.751705,Free Kick,Free Kick,33.0,89.0,82.0,83.0
22,Opponent5,Opponent5_M1,,1H,1238.688099,Free Kick,Free Kick,41.0,15.0,31.0,60.0
22,Huskies,Huskies_F2,,1H,1290.822947,Free Kick,Free Kick,45.0,46.0,47.0,15.0
22,Opponent5,Opponent5_G1,,1H,2091.539998,Free Kick,Free Kick,17.0,48.0,26.0,24.0
22,Huskies,Huskies_G1,,2H,490.8627160000001,Free Kick,Free Kick,19.0,88.0,76.0,71.0
22,Huskies,Huskies_M3,,2H,781.6967719999998,Free Kick,Free Kick,47.0,55.0,52.0,40.0
22,Opponent5,Opponent5_M1,,2H,835.6119549999999,Free Kick,Free Kick,54.0,51.0,59.0,76.0
22,Opponent5,Opponent5_G1,,2H,1940.2647729999999,Free Kick,Free Kick,17.0,15.0,78.0,27.0
22,Opponent5,Opponent5_M4,,2H,2051.967511,Free Kick,Free Kick,79.0,12.0,57.0,10.0
22,Opponent5,Opponent5_M1,,2H,2332.2097409999997,Free Kick,Free Kick,56.0,51.0,48.0,25.0
23,Huskies,Huskies_G1,,1H,83.97560399999998,Free Kick,Free Kick,24.0,62.0,68.0,73.0
23,Opponent4,Opponent4_D5,,1H,107.97626500000001,Free Kick,Free Kick,44.0,12.0,57.0,17.0
23,Opponent4,Opponent4_D1,,1H,553.738936,Free Kick,Free Kick,54.0,15.0,44.0,50.0
23,Huskies,Huskies_G1,,1H,750.470911,Free Kick,Free Kick,4.0,9.0,68.0,7.0
23,Huskies,Huskies_D3,,1H,1066.734473,Free Kick,Free Kick,46.0,42.0,82.0,33.0
23,Opponent4,Opponent4_G1,,1H,1307.511769,Free Kick,Free Kick,4.0,51.0,60.0,30.0
23,Opponent4,Opponent4_M1,,1H,1424.698491,Free Kick,Free Kick,72.0,81.0,69.0,47.0
23,Opponent4,Opponent4_G1,,1H,1982.096324,Free Kick,Free Kick,9.0,73.0,55.0,63.0
23,Opponent4,Opponent4_M5,,1H,2000.338326,Free Kick,Free Kick,30.0,64.0,29.0,96.0
23,Huskies,Huskies_G1,,1H,2161.272867,Free Kick,Free Kick,14.0,12.0,71.0,27.0
23,Opponent4,Opponent4_G1,,1H,2307.473052,Free Kick,Free Kick,22.0,74.0,77.0,56.0
23,Opponent4,Opponent4_M3,,1H,2434.544308,Free Kick,Free Kick,24.0,68.0,37.0,71.0
23,Opponent4,Opponent4_M3,,1H,2505.987386,Free Kick,Free Kick,55.0,26.0,60.0,16.0
23,Opponent4,Opponent4_M1,,1H,2709.853971,Free Kick,Free Kick,70.0,17.0,91.0,15.0
23,Opponent4,Opponent4_M3,,2H,411.742303,Free Kick,Free Kick,34.0,49.0,37.0,14.0
23,Huskies,Huskies_D7,,2H,556.7598990000001,Free Kick,Free Kick,45.0,82.0,81.0,37.0
23,Opponent4,Opponent4_G1,,2H,1001.487005,Free Kick,Free Kick,14.0,33.0,64.0,18.0
23,Opponent4,Opponent4_D1,,2H,1051.284079,Free Kick,Free Kick,8.0,10.0,6.0,32.0
23,Huskies,Huskies_D7,,2H,1118.0611660000004,Free Kick,Free Kick,61.0,92.0,77.0,29.0
23,Huskies,Huskies_F2,,2H,1524.4444590000003,Free Kick,Free Kick,43.0,12.0,37.0,24.0
23,Opponent4,Opponent4_M1,,2H,1632.140558,Free Kick,Free Kick,24.0,89.0,10.0,82.0
23,Opponent4,Opponent4_M5,,2H,1804.8398399999996,Free Kick,Free Kick,26.0,54.0,26.0,79.0
23,Huskies,Huskies_M3,,2H,2023.4004560000003,Free Kick,Free Kick,31.0,78.0,43.0,66.0
23,Opponent4,Opponent4_D2,,2H,2372.2275200000004,Free Kick,Free Kick,29.0,85.0,8.0,58.0
23,Opponent4,Opponent4_M7,,2H,2626.8990949999998,Free Kick,Free Kick,33.0,67.0,50.0,39.0
23,Opponent4,Opponent4_M7,,2H,2742.4181989999997,Free Kick,Free Kick,30.0,79.0,9.0,51.0
24,Opponent19,Opponent19_G1,,1H,662.673285,Free Kick,Free Kick,42.0,63.0,83.0,86.0
24,Opponent19,Opponent19_G1,,1H,1144.880982,Free Kick,Free Kick,30.0,11.0,86.0,10.0
24,Huskies,Huskies_G1,,1H,1763.05353,Free Kick,Free Kick,30.0,23.0,74.0,72.0
24,Huskies,Huskies_G1,,1H,2047.602926,Free Kick,Free Kick,29.0,63.0,74.0,23.0
24,Opponent19,Opponent19_G1,,1H,2093.833917,Free Kick,Free Kick,32.0,35.0,90.0,70.0
24,Opponent19,Opponent19_G1,,1H,2428.605984,Free Kick,Free Kick,43.0,64.0,87.0,37.0
24,Opponent19,Opponent19_G1,,1H,2504.283785,Free Kick,Free Kick,15.0,96.0,75.0,93.0
24,Opponent19,Opponent19_G1,,1H,2760.592027,Free Kick,Free Kick,27.0,10.0,92.0,9.0
24,Opponent19,Opponent19_M3,,2H,100.59905799999979,Free Kick,Free Kick,53.0,40.0,89.0,72.0
24,Opponent19,Opponent19_D2,,2H,129.56725199999983,Free Kick,Free Kick,44.0,88.0,75.0,42.0
24,Huskies,Huskies_G1,,2H,336.845053,Free Kick,Free Kick,13.0,16.0,74.0,16.0
24,Opponent19,Opponent19_G1,,2H,435.93158399999993,Free Kick,Free Kick,5.0,43.0,48.0,0.0
24,Opponent19,Opponent19_G1,,2H,503.4158470000002,Free Kick,Free Kick,13.0,15.0,71.0,21.0
24,Opponent19,Opponent19_D2,,2H,1908.4524600000004,Free Kick,Free Kick,31.0,93.0,70.0,45.0
24,Huskies,Huskies_F2,,2H,2293.733924,Free Kick,Free Kick,44.0,60.0,64.0,81.0
24,Huskies,Huskies_D7,,2H,3011.56048,Free Kick,Free Kick,45.0,95.0,74.0,85.0
25,Opponent10,Opponent10_D5,,1H,200.071283,Free Kick,Free Kick,31.0,25.0,76.0,84.0
25,Opponent10,Opponent10_G1,,1H,2060.290745,Free Kick,Free Kick,18.0,10.0,28.0,42.0
25,Huskies,Huskies_F2,,1H,2278.695646,Free Kick,Free Kick,64.0,65.0,78.0,94.0
25,Opponent10,Opponent10_G1,,1H,2385.968726,Free Kick,Free Kick,14.0,50.0,76.0,17.0
25,Huskies,Huskies_G1,,1H,2426.735392,Free Kick,Free Kick,15.0,94.0,72.0,92.0
25,Opponent10,Opponent10_D5,,1H,2788.281142,Free Kick,Free Kick,30.0,18.0,46.0,51.0
25,Opponent10,Opponent10_M3,,2H,46.6023839999998,Free Kick,Free Kick,55.0,58.0,53.0,68.0
25,Opponent10,Opponent10_G1,,2H,333.1075729999998,Free Kick,Free Kick,33.0,89.0,43.0,22.0
25,Opponent10,Opponent10_G1,,2H,431.93049699999983,Free Kick,Free Kick,8.0,50.0,25.0,85.0
25,Opponent10,Opponent10_G1,,2H,538.0051079999998,Free Kick,Free Kick,21.0,32.0,66.0,10.0
25,Huskies,Huskies_D3,,2H,2327.197153,Free Kick,Free Kick,47.0,87.0,86.0,66.0
25,Huskies,Huskies_G1,,2H,2731.771602,Free Kick,Free Kick,36.0,3.0,78.0,0.0
25,Huskies,Huskies_M4,,2H,2802.41371,Free Kick,Free Kick,86.0,5.0,91.0,10.0
25,Huskies,Huskies_M4,,2H,2825.7308780000003,Free Kick,Free Kick,85.0,6.0,90.0,8.0
26,Huskies,Huskies_G1,,1H,1071.953676,Free Kick,Free Kick,32.0,59.0,26.0,82.0
26,Opponent9,Opponent9_G1,,1H,1433.509425,Free Kick,Free Kick,10.0,58.0,31.0,54.0
26,Opponent9,Opponent9_M3,,1H,1704.168342,Free Kick,Free Kick,32.0,38.0,55.0,51.0
26,Opponent9,Opponent9_D5,,1H,2670.44557,Free Kick,Free Kick,43.0,81.0,59.0,62.0
26,Opponent9,Opponent9_G1,,2H,1204.5513099999998,Free Kick,Free Kick,10.0,38.0,57.0,43.0
26,Opponent9,Opponent9_G2,,2H,1513.0714829999997,Free Kick,Free Kick,26.0,69.0,73.0,87.0
26,Opponent9,Opponent9_G2,,2H,2225.429535,Free Kick,Free Kick,25.0,46.0,30.0,21.0
27,Opponent12,Opponent12_G2,,1H,272.521082,Free Kick,Free Kick,16.0,9.0,70.0,3.0
27,Opponent12,Opponent12_G2,,1H,417.62778000000003,Free Kick,Free Kick,22.0,88.0,71.0,16.0
27,Huskies,Huskies_D5,,1H,606.023732,Free Kick,Free Kick,45.0,22.0,35.0,43.0
27,Opponent12,Opponent12_G2,,1H,1247.016811,Free Kick,Free Kick,30.0,20.0,85.0,100.0
27,Opponent12,Opponent12_D7,,1H,2062.458434,Free Kick,Free Kick,27.0,3.0,4.0,25.0
27,Huskies,Huskies_D5,,1H,2547.13038,Free Kick,Free Kick,58.0,10.0,39.0,19.0
27,Huskies,Huskies_D2,,1H,2821.217496,Free Kick,Free Kick,40.0,87.0,0.0,0.0
27,Huskies,Huskies_G1,,2H,303.5915420000001,Free Kick,Free Kick,7.0,44.0,72.0,52.0
27,Opponent12,Opponent12_M5,,2H,463.7099910000002,Free Kick,Free Kick,47.0,52.0,39.0,68.0
27,Huskies,Huskies_D7,,2H,1155.3674970000002,Free Kick,Free Kick,44.0,85.0,76.0,61.0
27,Opponent12,Opponent12_G2,,2H,1376.3765160000003,Free Kick,Free Kick,42.0,55.0,81.0,0.0
27,Huskies,Huskies_G1,,2H,1656.265703,Free Kick,Free Kick,43.0,24.0,0.0,0.0
27,Huskies,Huskies_D2,,2H,1771.7974439999998,Free Kick,Free Kick,38.0,76.0,36.0,19.0
27,Opponent12,Opponent12_D7,,2H,1993.2624930000002,Free Kick,Free Kick,48.0,21.0,44.0,29.0
27,Huskies,Huskies_D1,,2H,2035.2707899999996,Free Kick,Free Kick,34.0,35.0,31.0,62.0
27,Opponent12,Opponent12_M2,,2H,2101.3853010000003,Free Kick,Free Kick,47.0,95.0,34.0,36.0
27,Opponent12,Opponent12_D7,,2H,2185.6762580000004,Free Kick,Free Kick,71.0,64.0,85.0,84.0
27,Opponent12,Opponent12_F2,,2H,2478.473623,Free Kick,Free Kick,29.0,94.0,26.0,69.0
27,Huskies,Huskies_G1,,2H,2627.742891,Free Kick,Free Kick,27.0,12.0,78.0,2.0
27,Huskies,Huskies_F2,,2H,2671.333638,Free Kick,Free Kick,62.0,6.0,75.0,1.0
27,Opponent12,Opponent12_G2,,2H,2755.151283,Free Kick,Free Kick,29.0,94.0,71.0,45.0
27,Opponent12,Opponent12_D7,,2H,2785.147725,Free Kick,Free Kick,54.0,46.0,100.0,94.0
27,Huskies,Huskies_F2,,2H,2879.73755,Free Kick,Free Kick,44.0,79.0,0.0,0.0
28,Opponent11,Opponent11_G2,,1H,591.180217,Free Kick,Free Kick,24.0,70.0,65.0,36.0
28,Opponent11,Opponent11_G2,,1H,1072.219608,Free Kick,Free Kick,26.0,21.0,77.0,0.0
28,Opponent11,Opponent11_M2,,1H,1209.72741,Free Kick,Free Kick,43.0,69.0,35.0,38.0
28,Opponent11,Opponent11_D2,,1H,1272.199606,Free Kick,Free Kick,60.0,9.0,45.0,18.0
28,Opponent11,Opponent11_G2,,1H,1565.107267,Free Kick,Free Kick,24.0,86.0,69.0,65.0
28,Opponent11,Opponent11_D7,,1H,2454.62462,Free Kick,Free Kick,37.0,92.0,72.0,34.0
28,Opponent11,Opponent11_D7,,1H,2639.899686,Free Kick,Free Kick,37.0,87.0,80.0,29.0
28,Huskies,Huskies_F6,,2H,840.7283160000002,Free Kick,Free Kick,64.0,92.0,71.0,87.0
28,Opponent11,Opponent11_D5,,2H,1136.6589880000001,Free Kick,Free Kick,38.0,32.0,83.0,54.0
28,Huskies,Huskies_G1,,2H,2330.6864880000003,Free Kick,Free Kick,12.0,10.0,68.0,64.0
28,Huskies,Huskies_G1,,2H,2823.556331,Free Kick,Free Kick,10.0,87.0,69.0,80.0
29,Huskies,Huskies_G1,,1H,96.741748,Free Kick,Free Kick,34.0,73.0,81.0,43.0
29,Opponent7,Opponent7_G1,,1H,166.49557199999998,Free Kick,Free Kick,25.0,51.0,29.0,68.0
29,Opponent7,Opponent7_D3,,1H,1019.013336,Free Kick,Free Kick,41.0,75.0,42.0,32.0
29,Opponent7,Opponent7_G1,,1H,1590.420208,Free Kick,Free Kick,38.0,15.0,77.0,64.0
29,Huskies,Huskies_G1,,1H,2223.709364,Free Kick,Free Kick,34.0,82.0,76.0,62.0
29,Opponent7,Opponent7_G1,,1H,2407.580247,Free Kick,Free Kick,29.0,71.0,76.0,68.0
29,Huskies,Huskies_G1,,2H,845.3413770000002,Free Kick,Free Kick,27.0,91.0,72.0,17.0
29,Huskies,Huskies_G1,,2H,1345.594301,Free Kick,Free Kick,9.0,52.0,80.0,0.0
29,Huskies,Huskies_D2,,2H,1421.9638569999997,Free Kick,Free Kick,36.0,95.0,81.0,83.0
29,Huskies,Huskies_G1,,2H,1471.349107,Free Kick,Free Kick,30.0,48.0,75.0,15.0
29,Huskies,Huskies_G1,,2H,2273.8597390000004,Free Kick,Free Kick,12.0,14.0,67.0,23.0
29,Opponent7,Opponent7_G1,,2H,2385.271691,Free Kick,Free Kick,11.0,42.0,70.0,31.0
29,Opponent7,Opponent7_G1,,2H,2506.2869600000004,Free Kick,Free Kick,5.0,44.0,66.0,20.0
29,Huskies,Huskies_G1,,2H,2530.4206560000002,Free Kick,Free Kick,29.0,61.0,74.0,69.0
29,Opponent7,Opponent7_G1,,2H,2754.98197,Free Kick,Free Kick,29.0,74.0,78.0,16.0
29,Opponent7,Opponent7_G1,,2H,2839.9583549999998,Free Kick,Free Kick,25.0,49.0,71.0,28.0
30,Opponent8,Opponent8_D2,,1H,109.84481499999998,Free Kick,Free Kick,40.0,69.0,87.0,21.0
30,Huskies,Huskies_D3,,1H,270.275383,Free Kick,Free Kick,29.0,72.0,17.0,44.0
30,Huskies,Huskies_D3,,1H,1254.550187,Free Kick,Free Kick,46.0,67.0,87.0,57.0
30,Opponent8,Opponent8_G1,,1H,1467.956653,Free Kick,Free Kick,22.0,28.0,68.0,29.0
30,Opponent8,Opponent8_G1,,1H,1653.264608,Free Kick,Free Kick,26.0,54.0,77.0,69.0
30,Huskies,Huskies_F2,,1H,1770.589165,Free Kick,Free Kick,39.0,75.0,74.0,73.0
30,Opponent8,Opponent8_G1,,1H,2031.6508279999998,Free Kick,Free Kick,14.0,32.0,27.0,71.0
30,Opponent8,Opponent8_G1,,1H,2090.841421,Free Kick,Free Kick,29.0,32.0,100.0,75.0
30,Opponent8,Opponent8_D2,,1H,2384.92883,Free Kick,Free Kick,33.0,79.0,87.0,68.0
30,Opponent8,Opponent8_M2,,1H,2531.322135,Free Kick,Free Kick,53.0,90.0,81.0,33.0
30,Opponent8,Opponent8_D2,,1H,2730.886005,Free Kick,Free Kick,54.0,83.0,89.0,26.0
30,Huskies,Huskies_D3,,2H,418.217122,Free Kick,Free Kick,39.0,85.0,88.0,53.0
30,Huskies,Huskies_G1,,2H,2343.474453,Free Kick,Free Kick,12.0,52.0,68.0,81.0
30,Opponent8,Opponent8_D3,,2H,2356.948872,Free Kick,Free Kick,29.0,25.0,79.0,9.0
30,Huskies,Huskies_D1,,2H,2460.8599109999996,Free Kick,Free Kick,39.0,24.0,54.0,47.0
30,Opponent8,Opponent8_G1,,2H,2601.5590380000003,Free Kick,Free Kick,25.0,53.0,74.0,29.0
30,Huskies,Huskies_F2,,2H,2810.78006,Free Kick,Free Kick,53.0,45.0,48.0,56.0
31,Huskies,Huskies_D3,,1H,37.53010800000001,Free Kick,Free Kick,36.0,95.0,33.0,46.0
31,Opponent1,Opponent1_G1,,1H,953.776546,Free Kick,Free Kick,12.0,85.0,70.0,69.0
31,Huskies,Huskies_G1,,1H,1296.584936,Free Kick,Free Kick,15.0,11.0,72.0,34.0
31,Opponent1,Opponent1_G1,,1H,1634.87731,Free Kick,Free Kick,20.0,89.0,60.0,81.0
31,Huskies,Huskies_G1,,1H,1854.96966,Free Kick,Free Kick,29.0,36.0,32.0,26.0
31,Opponent1,Opponent1_G1,,1H,1936.9320400000001,Free Kick,Free Kick,3.0,41.0,61.0,47.0
31,Opponent1,Opponent1_D6,,1H,2084.996076,Free Kick,Free Kick,38.0,91.0,67.0,31.0
31,Opponent1,Opponent1_M3,,1H,2324.056114,Free Kick,Free Kick,38.0,36.0,53.0,18.0
31,Opponent1,Opponent1_G1,,1H,2380.136866,Free Kick,Free Kick,24.0,69.0,61.0,15.0
31,Huskies,Huskies_G1,,1H,2417.890964,Free Kick,Free Kick,13.0,61.0,44.0,54.0
31,Opponent1,Opponent1_G1,,1H,2728.181823,Free Kick,Free Kick,23.0,50.0,65.0,25.0
31,Huskies,Huskies_G1,,2H,458.232853,Free Kick,Free Kick,27.0,25.0,71.0,30.0
31,Huskies,Huskies_F2,,2H,2123.740293,Free Kick,Free Kick,43.0,31.0,64.0,3.0
31,Opponent1,Opponent1_D3,,2H,2531.2329149999996,Free Kick,Free Kick,45.0,40.0,80.0,34.0
31,Huskies,Huskies_G1,,2H,2823.8029319999996,Free Kick,Free Kick,31.0,57.0,77.0,91.0
32,Opponent2,Opponent2_D2,,1H,57.04408599999999,Free Kick,Free Kick,33.0,88.0,24.0,61.0
32,Huskies,Huskies_G1,,1H,134.75923699999998,Free Kick,Free Kick,34.0,75.0,75.0,66.0
32,Opponent2,Opponent2_D4,,1H,152.18699500000002,Free Kick,Free Kick,23.0,57.0,12.0,45.0
32,Opponent2,Opponent2_M1,,1H,882.7500090000001,Free Kick,Free Kick,46.0,31.0,43.0,34.0
32,Opponent2,Opponent2_D1,,1H,1314.621609,Free Kick,Free Kick,31.0,92.0,25.0,85.0
32,Opponent2,Opponent2_D6,,1H,1713.00557,Free Kick,Free Kick,38.0,6.0,37.0,74.0
32,Opponent2,Opponent2_D2,,1H,1882.032412,Free Kick,Free Kick,51.0,81.0,37.0,62.0
32,Huskies,Huskies_G1,,1H,2184.087368,Free Kick,Free Kick,30.0,20.0,69.0,89.0
32,Huskies,Huskies_G1,,1H,2411.592154,Free Kick,Free Kick,3.0,9.0,70.0,55.0
32,Opponent2,Opponent2_G1,,1H,2710.223346,Free Kick,Free Kick,24.0,46.0,29.0,71.0
32,Huskies,Huskies_G1,,2H,158.6164389999999,Free Kick,Free Kick,29.0,31.0,75.0,99.0
32,Huskies,Huskies_G1,,2H,877.1653529999999,Free Kick,Free Kick,12.0,45.0,75.0,11.0
32,Huskies,Huskies_D3,,2H,1003.6135880000002,Free Kick,Free Kick,39.0,86.0,72.0,79.0
32,Opponent2,Opponent2_M2,,2H,1806.1914020000004,Free Kick,Free Kick,48.0,34.0,45.0,75.0
32,Huskies,Huskies_G1,,2H,1929.806047,Free Kick,Free Kick,28.0,64.0,68.0,86.0
32,Opponent2,Opponent2_M2,,2H,2574.718361,Free Kick,Free Kick,63.0,11.0,48.0,52.0
32,Opponent2,Opponent2_M6,,2H,2642.540683,Free Kick,Free Kick,37.0,72.0,46.0,76.0
33,Opponent16,Opponent16_D1,,1H,225.40896500000002,Free Kick,Free Kick,62.0,7.0,59.0,23.0
33,Opponent16,Opponent16_G2,,1H,453.295024,Free Kick,Free Kick,16.0,93.0,73.0,79.0
33,Opponent16,Opponent16_M3,,1H,574.328154,Free Kick,Free Kick,63.0,8.0,39.0,8.0
33,Huskies,Huskies_D3,,1H,1007.838293,Free Kick,Free Kick,44.0,38.0,83.0,35.0
33,Opponent16,Opponent13_D1,,1H,1810.669278,Free Kick,Free Kick,47.0,45.0,47.0,45.0
33,Opponent16,Opponent16_M4,,1H,1998.347232,Free Kick,Free Kick,46.0,64.0,43.0,14.0
33,Opponent16,Opponent16_M4,,1H,2243.596647,Free Kick,Free Kick,40.0,32.0,33.0,71.0
33,Opponent16,Opponent16_M3,,2H,1210.586155,Free Kick,Free Kick,67.0,71.0,87.0,66.0
33,Huskies,Huskies_G1,,2H,1353.4490919999998,Free Kick,Free Kick,13.0,10.0,72.0,14.0
33,Opponent16,Opponent16_D4,,2H,1776.4251100000001,Free Kick,Free Kick,34.0,91.0,53.0,95.0
33,Opponent16,Opponent16_G2,,2H,2280.2070780000004,Free Kick,Free Kick,12.0,33.0,67.0,24.0
33,Opponent16,Opponent13_D1,,2H,2321.3896029999996,Free Kick,Free Kick,45.0,29.0,100.0,77.0
33,Huskies,Huskies_D3,,2H,2636.7617689999997,Free Kick,Free Kick,40.0,31.0,79.0,22.0
33,Huskies,Huskies_D4,,2H,2707.3232390000003,Free Kick,Free Kick,66.0,82.0,84.0,87.0
33,Huskies,Huskies_G1,,2H,2787.8196559999997,Free Kick,Free Kick,33.0,82.0,71.0,13.0
33,Huskies,Huskies_D3,,2H,2860.5019650000004,Free Kick,Free Kick,53.0,40.0,80.0,38.0
34,Opponent18,Opponent18_G1,,1H,388.863111,Free Kick,Free Kick,29.0,45.0,37.0,25.0
34,Opponent18,Opponent18_D2,,1H,1053.034238,Free Kick,Free Kick,19.0,91.0,33.0,65.0
34,Opponent18,Opponent18_D3,,1H,1751.394585,Free Kick,Free Kick,37.0,96.0,45.0,85.0
34,Opponent18,Opponent18_M8,,2H,196.1635769999998,Free Kick,Free Kick,56.0,85.0,46.0,69.0
34,Opponent18,Opponent18_D2,,2H,423.49696200000017,Free Kick,Free Kick,52.0,53.0,50.0,48.0
34,Huskies,Huskies_D4,,2H,923.3884309999999,Free Kick,Free Kick,32.0,11.0,22.0,31.0
34,Opponent18,Opponent18_D2,,2H,1042.2576520000002,Free Kick,Free Kick,32.0,82.0,69.0,32.0
34,Huskies,Huskies_G1,,2H,1425.2806579999997,Free Kick,Free Kick,30.0,24.0,78.0,32.0
34,Huskies,Huskies_G1,,2H,2422.75526,Free Kick,Free Kick,10.0,57.0,66.0,21.0
34,Huskies,Huskies_G1,,2H,2776.488526,Free Kick,Free Kick,24.0,20.0,83.0,6.0
35,Opponent17,Opponent17_M1,,1H,362.198515,Free Kick,Free Kick,34.0,79.0,30.0,33.0
35,Opponent17,Opponent17_M1,,1H,633.802484,Free Kick,Free Kick,54.0,75.0,79.0,45.0
35,Opponent17,Opponent17_D3,,1H,786.792335,Free Kick,Free Kick,31.0,26.0,76.0,28.0
35,Opponent17,Opponent17_G2,,1H,1033.936092,Free Kick,Free Kick,9.0,86.0,69.0,86.0
35,Huskies,Huskies_D3,,1H,1186.210111,Free Kick,Free Kick,61.0,69.0,86.0,47.0
35,Opponent17,Opponent17_D3,,2H,254.86129600000004,Free Kick,Free Kick,28.0,30.0,26.0,68.0
35,Huskies,Huskies_D1,,2H,519.9211879999998,Free Kick,Free Kick,32.0,33.0,79.0,30.0
35,Huskies,Huskies_G1,,2H,840.3919139999998,Free Kick,Free Kick,17.0,4.0,76.0,74.0
35,Opponent17,Opponent17_G2,,2H,1052.682291,Free Kick,Free Kick,24.0,73.0,75.0,64.0
35,Opponent17,Opponent17_D3,,2H,2019.4636250000003,Free Kick,Free Kick,34.0,40.0,80.0,41.0
35,Opponent17,Opponent17_G2,,2H,2246.4441450000004,Free Kick,Free Kick,10.0,15.0,67.0,29.0
35,Opponent17,Opponent17_D3,,2H,2447.065109,Free Kick,Free Kick,37.0,21.0,82.0,79.0
35,Huskies,Huskies_G1,,2H,2893.7229180000004,Free Kick,Free Kick,23.0,60.0,76.0,22.0
35,Huskies,Huskies_G1,,2H,2982.072053,Free Kick,Free Kick,17.0,61.0,80.0,31.0
36,Opponent15,Opponent15_M6,,1H,124.015882,Free Kick,Free Kick,64.0,86.0,45.0,42.0
36,Huskies,Huskies_D4,,1H,434.205289,Free Kick,Free Kick,43.0,11.0,38.0,18.0
36,Huskies,Huskies_F5,,1H,1693.79201,Free Kick,Free Kick,69.0,23.0,67.0,42.0
36,Opponent15,Opponent15_M6,,1H,2221.543472,Free Kick,Free Kick,55.0,66.0,69.0,18.0
36,Huskies,Huskies_G1,,1H,2590.03844,Free Kick,Free Kick,33.0,20.0,75.0,33.0
36,Opponent15,Opponent15_M3,,2H,591.978451,Free Kick,Free Kick,66.0,48.0,79.0,8.0
36,Huskies,Huskies_G1,,2H,747.7386839999999,Free Kick,Free Kick,38.0,89.0,83.0,71.0
36,Opponent15,Opponent15_G1,,2H,852.5364909999998,Free Kick,Free Kick,32.0,47.0,27.0,39.0
36,Huskies,Huskies_G1,,2H,1316.1206199999997,Free Kick,Free Kick,39.0,59.0,74.0,59.0
36,Huskies,Huskies_G1,,2H,1635.464833,Free Kick,Free Kick,35.0,83.0,73.0,78.0
36,Opponent15,Opponent15_D5,,2H,1652.720722,Free Kick,Free Kick,32.0,8.0,30.0,34.0
36,Opponent15,Opponent15_D1,,2H,1885.578136,Free Kick,Free Kick,34.0,75.0,31.0,17.0
36,Huskies,Huskies_G1,,2H,2077.203466,Free Kick,Free Kick,34.0,48.0,72.0,90.0
36,Opponent15,Opponent15_M8,,2H,2339.57639,Free Kick,Free Kick,65.0,11.0,60.0,31.0
36,Opponent15,Opponent15_M3,,2H,2415.2688420000004,Free Kick,Free Kick,39.0,33.0,66.0,17.0
36,Huskies,Huskies_G1,,2H,2612.7949980000003,Free Kick,Free Kick,32.0,65.0,74.0,83.0
37,Huskies,Huskies_M1,,1H,284.842755,Free Kick,Free Kick,46.0,86.0,40.0,63.0
37,Opponent13,Opponent13_M2,,1H,388.519327,Free Kick,Free Kick,59.0,36.0,54.0,24.0
37,Huskies,Huskies_G1,,1H,446.740317,Free Kick,Free Kick,12.0,30.0,75.0,8.0
37,Opponent13,Opponent13_D3,,1H,472.34066900000005,Free Kick,Free Kick,26.0,93.0,24.0,7.0
37,Huskies,Huskies_G1,,1H,741.727651,Free Kick,Free Kick,11.0,78.0,68.0,46.0
37,Opponent13,Opponent13_D6,,1H,896.771326,Free Kick,Free Kick,26.0,77.0,29.0,90.0
37,Opponent13,Opponent13_D2,,1H,1050.946757,Free Kick,Free Kick,30.0,32.0,32.0,78.0
37,Huskies,Huskies_G1,,1H,1229.231328,Free Kick,Free Kick,9.0,73.0,67.0,89.0
37,Opponent13,Opponent13_G2,,1H,1372.364089,Free Kick,Free Kick,11.0,52.0,73.0,25.0
37,Opponent13,Opponent13_M1,,1H,1559.970093,Free Kick,Free Kick,64.0,22.0,90.0,33.0
37,Huskies,Huskies_D3,,1H,2157.16592,Free Kick,Free Kick,37.0,84.0,79.0,71.0
37,Opponent13,Opponent13_G2,,2H,58.876090000000204,Free Kick,Free Kick,22.0,62.0,74.0,58.0
37,Opponent13,Opponent13_D2,,2H,1043.2418610000004,Free Kick,Free Kick,72.0,11.0,50.0,49.0
37,Huskies,Huskies_G1,,2H,1138.662598,Free Kick,Free Kick,10.0,44.0,76.0,45.0
37,Huskies,Huskies_G1,,2H,1551.6872729999995,Free Kick,Free Kick,15.0,24.0,39.0,9.0
37,Opponent13,Opponent13_G2,,2H,1875.3548760000003,Free Kick,Free Kick,9.0,8.0,65.0,19.0
37,Opponent13,Opponent13_M2,,2H,1939.662762,Free Kick,Free Kick,55.0,65.0,86.0,14.0
37,Opponent13,Opponent13_G2,,2H,2791.8602629999996,Free Kick,Free Kick,10.0,50.0,72.0,49.0
37,Huskies,Huskies_D10,,2H,2976.0467930000004,Free Kick,Free Kick,11.0,19.0,26.0,30.0
38,Huskies,Huskies_G1,,1H,374.646469,Free Kick,Free Kick,31.0,84.0,74.0,22.0
38,Opponent14,Opponent14_D2,,1H,1064.215121,Free Kick,Free Kick,58.0,6.0,81.0,46.0
38,Huskies,Huskies_G1,,1H,1100.172498,Free Kick,Free Kick,14.0,87.0,71.0,78.0
38,Opponent14,Opponent14_M1,,1H,1512.195397,Free Kick,Free Kick,61.0,78.0,62.0,83.0
38,Huskies,Huskies_M1,,1H,1622.590533,Free Kick,Free Kick,35.0,34.0,44.0,44.0
38,Opponent14,Opponent14_G2,,1H,1788.20323,Free Kick,Free Kick,25.0,49.0,27.0,43.0
38,Opponent14,Opponent14_D2,,1H,2000.5546089999998,Free Kick,Free Kick,70.0,13.0,92.0,24.0
38,Huskies,Huskies_G1,,1H,2882.92199,Free Kick,Free Kick,10.0,61.0,67.0,55.0
38,Huskies,Huskies_D4,,2H,225.71184300000004,Free Kick,Free Kick,60.0,10.0,73.0,8.0
38,Opponent14,Opponent14_M4,,2H,418.88144599999987,Free Kick,Free Kick,35.0,80.0,28.0,53.0
38,Opponent14,Opponent14_D2,,2H,738.4290449999999,Free Kick,Free Kick,31.0,22.0,29.0,84.0
38,Opponent14,Opponent14_M4,,2H,951.9871739999999,Free Kick,Free Kick,67.0,52.0,67.0,76.0
38,Huskies,Huskies_G1,,2H,1226.9659620000002,Free Kick,Free Kick,3.0,72.0,67.0,59.0
38,Huskies,Huskies_G1,,2H,1457.6415630000001,Free Kick,Free Kick,7.0,55.0,70.0,39.0
38,Opponent14,Opponent14_G2,,2H,2341.150842,Free Kick,Free Kick,24.0,65.0,75.0,78.0
38,Opponent14,Opponent14_G2,,2H,2508.7442570000003,Free Kick,Free Kick,10.0,6.0,70.0,11.0
