1,Huskies,Huskies_G1,,1H,31.174680999999993,Free Kick,Goal kick,0.0,0.0,66.0,89.0
1,Opponent1,Opponent1_G1,,1H,376.49362199999996,Free Kick,Goal kick,100.0,100.0,19.0,68.0
1,Opponent1,Opponent1_G1,,1H,755.184368,Free Kick,Goal kick,100.0,100.0,74.0,95.0
1,Huskies,Huskies_G1,,1H,1077.94318,Free Kick,Goal kick,0.0,0.0,15.0,18.0
1,Opponent1,Opponent1_G1,,1H,1467.212071,Free Kick,Goal kick,100.0,100.0,53.0,96.0
1,Opponent1,Opponent1_G1,,1H,1781.344236,Free Kick,Goal kick,100.0,100.0,79.0,14.0
1,Opponent1,Opponent1_G1,,1H,1985.5397090000001,Free Kick,Goal kick,100.0,100.0,64.0,76.0
1,Huskies,Huskies_G1,,1H,2072.200206,Free Kick,Goal kick,0.0,0.0,69.0,90.0
1,Huskies,Huskies_G1,,1H,2114.866437,Free Kick,Goal kick,0.0,0.0,39.0,96.0
1,Huskies,Huskies_G1,,2H,49.24296800000002,Free Kick,Goal kick,0.0,0.0,18.0,74.0
1,Huskies,Huskies_G1,,2H,152.6321240000002,Free Kick,Goal kick,0.0,0.0,54.0,33.0
1,Huskies,Huskies_G1,,2H,267.0152629999998,Free Kick,Goal kick,0.0,0.0,81.0,91.0
1,Huskies,Huskies_G1,,2H,697.0222199999998,Free Kick,Goal kick,0.0,0.0,94.0,44.0
1,Huskies,Huskies_D1,,2H,782.7307900000001,Free Kick,Goal kick,0.0,0.0,46.0,49.0
1,Opponent1,Opponent1_G1,,2H,1003.2815700000001,Free Kick,Goal kick,100.0,100.0,63.0,73.0
1,Opponent1,Opponent1_G1,,2H,1901.4376300000004,Free Kick,Goal kick,100.0,100.0,57.0,66.0
1,Huskies,Huskies_G1,,2H,2224.882186,Free Kick,Goal kick,0.0,0.0,74.0,14.0
1,Opponent1,Opponent1_G1,,2H,2511.531717,Free Kick,Goal kick,100.0,100.0,59.0,77.0
2,Huskies,Huskies_G1,,1H,34.287352999999996,Free Kick,Goal kick,100.0,100.0,67.0,52.0
2,Opponent2,Opponent2_G1,,1H,204.308681,Free Kick,Goal kick,0.0,0.0,27.0,18.0
2,Huskies,Huskies_G1,,1H,529.725605,Free Kick,Goal kick,100.0,100.0,17.0,86.0
2,Huskies,Huskies_G1,,1H,716.467866,Free Kick,Goal kick,100.0,100.0,65.0,86.0
2,Opponent2,Opponent2_G1,,1H,950.385805,Free Kick,Goal kick,0.0,0.0,34.0,21.0
2,Huskies,Huskies_G1,,1H,1017.808886,Free Kick,Goal kick,100.0,100.0,66.0,84.0
2,Huskies,Huskies_G1,,1H,1589.644396,Free Kick,Goal kick,100.0,100.0,61.0,100.0
2,Opponent2,Opponent2_G1,,1H,1822.763068,Free Kick,Goal kick,0.0,0.0,66.0,18.0
2,Huskies,Huskies_G1,,1H,1908.829223,Free Kick,Goal kick,100.0,100.0,67.0,80.0
2,Huskies,Huskies_G1,,1H,2255.917875,Free Kick,Goal kick,100.0,100.0,62.0,100.0
2,Opponent2,Opponent2_G1,,1H,2700.940097,Free Kick,Goal kick,0.0,0.0,24.0,78.0
2,Huskies,Huskies_G1,,2H,540.5166250000002,Free Kick,Goal kick,100.0,100.0,17.0,86.0
2,Huskies,Huskies_G1,,2H,1466.5359859999999,Free Kick,Goal kick,100.0,100.0,63.0,62.0
2,Huskies,Huskies_G1,,2H,1538.615793,Free Kick,Goal kick,100.0,100.0,70.0,61.0
2,Huskies,Huskies_G1,,2H,1618.320729,Free Kick,Goal kick,100.0,100.0,68.0,66.0
2,Huskies,Huskies_G1,,2H,1757.5301369999997,Free Kick,Goal kick,100.0,100.0,67.0,65.0
2,Huskies,Huskies_G1,,2H,1827.755322,Free Kick,Goal kick,100.0,100.0,71.0,65.0
2,Huskies,Huskies_G1,,2H,2128.5963789999996,Free Kick,Goal kick,100.0,100.0,25.0,76.0
2,Huskies,Huskies_G1,,2H,2386.992185,Free Kick,Goal kick,100.0,100.0,96.0,98.0
2,Huskies,Huskies_G1,,2H,2493.9003249999996,Free Kick,Goal kick,100.0,100.0,67.0,82.0
2,Huskies,Huskies_G1,,2H,2673.484147,Free Kick,Goal kick,100.0,100.0,68.0,70.0
2,Opponent2,Opponent2_G1,,2H,2745.261834,Free Kick,Goal kick,0.0,0.0,37.0,74.0
3,Huskies,Huskies_G1,,1H,612.538568,Free Kick,Goal kick,100.0,100.0,64.0,74.0
3,Opponent3,Opponent3_G1,,1H,1997.1622459999999,Free Kick,Goal kick,0.0,0.0,71.0,40.0
3,Huskies,Huskies_G1,,2H,150.60301200000004,Free Kick,Goal kick,100.0,100.0,67.0,81.0
3,Huskies,Huskies_G1,,2H,524.6179280000001,Free Kick,Goal kick,100.0,100.0,15.0,76.0
3,Opponent3,Opponent3_G1,,2H,611.5852559999998,Free Kick,Goal kick,0.0,0.0,6.0,85.0
3,Huskies,Huskies_G1,,2H,839.821234,Free Kick,Goal kick,100.0,100.0,28.0,42.0
3,Opponent3,Opponent3_G1,,2H,875.5330140000001,Free Kick,Goal kick,0.0,0.0,43.0,5.0
3,Huskies,Huskies_G1,,2H,1160.2458459999998,Free Kick,Goal kick,100.0,100.0,72.0,75.0
3,Opponent3,Opponent3_G1,,2H,1474.4483840000003,Free Kick,Goal kick,0.0,0.0,50.0,53.0
3,Opponent3,Opponent3_G1,,2H,2177.888256,Free Kick,Goal kick,0.0,0.0,66.0,29.0
3,Opponent3,Opponent3_G1,,2H,2389.0237079999997,Free Kick,Goal kick,0.0,0.0,45.0,4.0
4,Opponent4,Opponent4_G1,,1H,379.468501,Free Kick,Goal kick,100.0,100.0,70.0,81.0
4,Huskies,Huskies_G1,,1H,733.789868,Free Kick,Goal kick,0.0,0.0,68.0,39.0
4,Opponent4,Opponent4_G1,,1H,850.250664,Free Kick,Goal kick,100.0,100.0,72.0,35.0
4,Huskies,Huskies_G1,,1H,935.495006,Free Kick,Goal kick,0.0,0.0,68.0,31.0
4,Opponent4,Opponent4_G1,,1H,1229.982301,Free Kick,Goal kick,100.0,100.0,75.0,69.0
4,Opponent4,Opponent4_G1,,1H,1743.049946,Free Kick,Goal kick,100.0,100.0,14.0,79.0
4,Huskies,Huskies_G1,,1H,2145.246564,Free Kick,Goal kick,0.0,0.0,20.0,46.0
4,Huskies,Huskies_G1,,1H,2651.650976,Free Kick,Goal kick,0.0,0.0,71.0,7.0
4,Huskies,Huskies_G1,,1H,2830.897024,Free Kick,Goal kick,0.0,0.0,0.0,0.0
4,Huskies,Huskies_G1,,2H,802.415152,Free Kick,Goal kick,0.0,0.0,42.0,15.0
4,Opponent4,Opponent4_G1,,2H,1275.4264430000003,Free Kick,Goal kick,100.0,100.0,66.0,17.0
4,Huskies,Huskies_G1,,2H,1410.0121589999999,Free Kick,Goal kick,0.0,0.0,66.0,85.0
4,Huskies,Huskies_G1,,2H,1464.8458010000004,Free Kick,Goal kick,0.0,0.0,14.0,84.0
4,Huskies,Huskies_G1,,2H,1736.589116,Free Kick,Goal kick,0.0,0.0,3.0,3.0
4,Opponent4,Opponent4_G1,,2H,1788.7227899999998,Free Kick,Goal kick,100.0,100.0,21.0,70.0
4,Opponent4,Opponent4_G1,,2H,2414.811646,Free Kick,Goal kick,100.0,100.0,64.0,8.0
4,Huskies,Huskies_G1,,2H,2606.2091010000004,Free Kick,Goal kick,0.0,0.0,68.0,73.0
5,Huskies,Huskies_G1,,1H,312.93067599999995,Free Kick,Goal kick,100.0,100.0,72.0,51.0
5,Huskies,Huskies_G1,,1H,828.158551,Free Kick,Goal kick,100.0,100.0,34.0,88.0
5,Opponent5,Opponent5_G1,,1H,1244.849798,Free Kick,Goal kick,0.0,0.0,33.0,35.0
5,Huskies,Huskies_G1,,1H,1563.476671,Free Kick,Goal kick,100.0,100.0,36.0,90.0
5,Opponent5,Opponent5_G1,,1H,1627.930617,Free Kick,Goal kick,0.0,0.0,28.0,91.0
5,Huskies,Huskies_G1,,1H,2441.767281,Free Kick,Goal kick,100.0,100.0,56.0,86.0
5,Opponent5,Opponent5_G1,,1H,2654.287553,Free Kick,Goal kick,0.0,0.0,65.0,33.0
5,Opponent5,Opponent5_G1,,2H,224.83970499999987,Free Kick,Goal kick,0.0,0.0,27.0,40.0
5,Opponent5,Opponent5_G1,,2H,286.71857899999986,Free Kick,Goal kick,0.0,0.0,56.0,82.0
5,Huskies,Huskies_G1,,2H,389.2067000000002,Free Kick,Goal kick,100.0,100.0,70.0,77.0
5,Huskies,Huskies_G1,,2H,530.16741,Free Kick,Goal kick,100.0,100.0,57.0,91.0
5,Huskies,Huskies_G1,,2H,579.7773520000001,Free Kick,Goal kick,100.0,100.0,97.0,32.0
5,Opponent5,Opponent5_G1,,2H,1387.801614,Free Kick,Goal kick,0.0,0.0,55.0,76.0
5,Huskies,Huskies_G1,,2H,1480.5414110000002,Free Kick,Goal kick,100.0,100.0,69.0,75.0
5,Huskies,Huskies_G1,,2H,1894.4810539999999,Free Kick,Goal kick,100.0,100.0,71.0,87.0
6,Huskies,Huskies_G1,,1H,1333.644178,Free Kick,Goal kick,0.0,0.0,46.0,100.0
6,Opponent6,Opponent6_G1,,1H,2282.600168,Free Kick,Goal kick,100.0,100.0,39.0,18.0
6,Huskies,Huskies_G1,,1H,2732.542324,Free Kick,Goal kick,0.0,0.0,36.0,96.0
6,Opponent6,Opponent6_G1,,2H,77.04172000000017,Free Kick,Goal kick,100.0,100.0,61.0,24.0
6,Opponent6,Opponent6_G1,,2H,600.943115,Free Kick,Goal kick,100.0,100.0,32.0,24.0
6,Huskies,Huskies_G1,,2H,658.1669179999999,Free Kick,Goal kick,0.0,0.0,19.0,23.0
6,Huskies,Huskies_G1,,2H,1433.991572,Free Kick,Goal kick,0.0,0.0,25.0,52.0
6,Huskies,Huskies_G1,,2H,1829.900839,Free Kick,Goal kick,0.0,0.0,66.0,83.0
6,Huskies,Huskies_G1,,2H,2374.6165309999997,Free Kick,Goal kick,0.0,0.0,69.0,89.0
6,Opponent6,Opponent6_G1,,2H,2734.672281,Free Kick,Goal kick,100.0,100.0,61.0,36.0
7,Opponent7,Opponent7_G1,,1H,408.002417,Free Kick,Goal kick,100.0,100.0,71.0,26.0
7,Opponent7,Opponent7_G1,,1H,565.650902,Free Kick,Goal kick,100.0,100.0,69.0,29.0
7,Huskies,Huskies_G1,,1H,905.349268,Free Kick,Goal kick,0.0,0.0,26.0,78.0
7,Opponent7,Opponent7_G1,,1H,1352.338053,Free Kick,Goal kick,100.0,100.0,64.0,28.0
7,Huskies,Huskies_G1,,1H,1394.340547,Free Kick,Goal kick,0.0,0.0,78.0,65.0
7,Opponent7,Opponent7_G1,,1H,1821.502071,Free Kick,Goal kick,100.0,100.0,66.0,35.0
7,Opponent7,Opponent7_G1,,1H,2144.625492,Free Kick,Goal kick,100.0,100.0,66.0,54.0
7,Opponent7,Opponent7_G1,,1H,2433.231879,Free Kick,Goal kick,100.0,100.0,68.0,47.0
7,Opponent7,Opponent7_G1,,2H,336.93728199999987,Free Kick,Goal kick,100.0,100.0,71.0,33.0
7,Opponent7,Opponent7_G1,,2H,428.8829380000002,Free Kick,Goal kick,100.0,100.0,67.0,20.0
7,Opponent7,Opponent7_G1,,2H,571.5121180000001,Free Kick,Goal kick,100.0,100.0,71.0,19.0
7,Opponent7,Opponent7_G1,,2H,756.9371980000001,Free Kick,Goal kick,100.0,100.0,69.0,2.0
7,Opponent7,Opponent7_G1,,2H,1083.2144309999999,Free Kick,Goal kick,100.0,100.0,71.0,8.0
7,Opponent7,Opponent7_G1,,2H,1166.9028720000001,Free Kick,Goal kick,100.0,100.0,70.0,28.0
7,Huskies,Huskies_G1,,2H,1310.6951289999997,Free Kick,Goal kick,0.0,0.0,68.0,67.0
7,Opponent7,Opponent7_G1,,2H,1426.687707,Free Kick,Goal kick,100.0,100.0,68.0,13.0
7,Huskies,Huskies_G1,,2H,1683.918302,Free Kick,Goal kick,0.0,0.0,62.0,79.0
7,Opponent7,Opponent7_G1,,2H,2060.477648,Free Kick,Goal kick,100.0,100.0,38.0,7.0
7,Opponent7,Opponent7_G1,,2H,2187.435711,Free Kick,Goal kick,100.0,100.0,69.0,29.0
7,Opponent7,Opponent7_G1,,2H,2246.6719160000002,Free Kick,Goal kick,100.0,100.0,71.0,54.0
7,Huskies,Huskies_G1,,2H,2614.9885830000003,Free Kick,Goal kick,0.0,0.0,65.0,79.0
7,Huskies,Huskies_G1,,2H,2747.292318,Free Kick,Goal kick,0.0,0.0,65.0,56.0
7,Opponent7,Opponent7_G1,,2H,2793.124167,Free Kick,Goal kick,100.0,100.0,66.0,3.0
7,Opponent7,Opponent7_G1,,2H,2892.833033,Free Kick,Goal kick,100.0,100.0,69.0,28.0
8,Opponent8,Opponent8_G1,,1H,133.1918,Free Kick,Goal kick,0.0,0.0,55.0,92.0
8,Huskies,Huskies_G1,,1H,1121.563535,Free Kick,Goal kick,100.0,100.0,67.0,57.0
8,Opponent8,Opponent8_G1,,1H,1183.957264,Free Kick,Goal kick,0.0,0.0,14.0,35.0
8,Opponent8,Opponent8_G1,,1H,1463.562778,Free Kick,Goal kick,0.0,0.0,63.0,74.0
8,Opponent8,Opponent8_G1,,1H,1670.514591,Free Kick,Goal kick,0.0,0.0,19.0,10.0
8,Opponent8,Opponent8_G1,,1H,2043.0522890000002,Free Kick,Goal kick,0.0,0.0,57.0,89.0
8,Huskies,Huskies_G1,,1H,2216.067554,Free Kick,Goal kick,100.0,100.0,69.0,37.0
8,Huskies,Huskies_G1,,1H,2425.022567,Free Kick,Goal kick,100.0,100.0,60.0,24.0
8,Opponent8,Opponent8_G1,,2H,733.7084840000002,Free Kick,Goal kick,0.0,0.0,60.0,90.0
8,Opponent8,Opponent8_G1,,2H,857.728106,Free Kick,Goal kick,0.0,0.0,17.0,15.0
8,Huskies,Huskies_G1,,2H,900.8343169999998,Free Kick,Goal kick,100.0,100.0,47.0,3.0
8,Huskies,Huskies_G1,,2H,1208.0164059999997,Free Kick,Goal kick,100.0,100.0,63.0,24.0
8,Opponent8,Opponent8_G1,,2H,1423.5468549999996,Free Kick,Goal kick,0.0,0.0,67.0,25.0
8,Huskies,Huskies_G1,,2H,1970.7665390000002,Free Kick,Goal kick,100.0,100.0,67.0,56.0
8,Opponent8,Opponent8_G1,,2H,2121.0181409999996,Free Kick,Goal kick,0.0,0.0,63.0,17.0
9,Huskies,Huskies_G1,,1H,601.05078,Free Kick,Goal kick,0.0,0.0,69.0,97.0
9,Opponent9,Opponent9_G1,,1H,1567.502539,Free Kick,Goal kick,100.0,100.0,40.0,12.0
9,Huskies,Huskies_G1,,1H,1683.175444,Free Kick,Goal kick,0.0,0.0,70.0,82.0
9,Huskies,Huskies_G1,,1H,2132.268352,Free Kick,Goal kick,0.0,0.0,73.0,63.0
9,Huskies,Huskies_G1,,1H,2439.74091,Free Kick,Goal kick,0.0,0.0,65.0,93.0
9,Huskies,Huskies_G1,,1H,2726.615685,Free Kick,Goal kick,0.0,0.0,70.0,85.0
9,Opponent9,Opponent9_G1,,2H,159.18553900000006,Free Kick,Goal kick,100.0,100.0,64.0,27.0
9,Huskies,Huskies_G1,,2H,310.17090599999983,Free Kick,Goal kick,0.0,0.0,72.0,72.0
9,Huskies,Huskies_G1,,2H,626.002986,Free Kick,Goal kick,0.0,0.0,77.0,67.0
9,Opponent9,Opponent9_G1,,2H,1144.4565519999996,Free Kick,Goal kick,100.0,100.0,64.0,80.0
9,Opponent9,Opponent9_G1,,2H,1276.222331,Free Kick,Goal kick,100.0,100.0,13.0,9.0
9,Huskies,Huskies_G1,,2H,1515.8748750000004,Free Kick,Goal kick,0.0,0.0,70.0,27.0
9,Huskies,Huskies_G1,,2H,2124.252001,Free Kick,Goal kick,0.0,0.0,72.0,72.0
9,Huskies,Huskies_G1,,2H,2282.7141359999996,Free Kick,Goal kick,0.0,0.0,69.0,80.0
9,Opponent9,Opponent9_G1,,2H,2807.2248040000004,Free Kick,Goal kick,100.0,100.0,18.0,16.0
10,Huskies,Huskies_G1,,1H,203.79316600000004,Free Kick,Goal kick,100.0,100.0,63.0,96.0
10,Huskies,Huskies_G1,,1H,548.650133,Free Kick,Goal kick,100.0,100.0,68.0,58.0
10,Huskies,Huskies_G1,,1H,606.334812,Free Kick,Goal kick,100.0,100.0,69.0,75.0
10,Opponent10,Opponent10_G1,,1H,1851.008941,Free Kick,Goal kick,0.0,0.0,56.0,7.0
10,Opponent10,Opponent10_G1,,1H,2125.502252,Free Kick,Goal kick,0.0,0.0,55.0,15.0
10,Opponent10,Opponent10_G1,,1H,2470.267321,Free Kick,Goal kick,0.0,0.0,37.0,1.0
10,Opponent10,Opponent10_G1,,1H,2653.018288,Free Kick,Goal kick,0.0,0.0,61.0,9.0
10,Opponent10,Opponent10_G1,,2H,998.290591,Free Kick,Goal kick,0.0,0.0,67.0,36.0
10,Opponent10,Opponent10_G1,,2H,1112.2176650000001,Free Kick,Goal kick,0.0,0.0,72.0,40.0
10,Opponent10,Opponent10_G1,,2H,1352.6905749999996,Free Kick,Goal kick,0.0,0.0,66.0,21.0
10,Opponent10,Opponent10_G1,,2H,1805.860834,Free Kick,Goal kick,0.0,0.0,69.0,20.0
10,Opponent10,Opponent10_G1,,2H,1926.5985620000001,Free Kick,Goal kick,0.0,0.0,63.0,29.0
10,Huskies,Huskies_G1,,2H,2145.544145,Free Kick,Goal kick,100.0,100.0,72.0,23.0
10,Huskies,Huskies_G1,,2H,2310.4202109999997,Free Kick,Goal kick,100.0,100.0,64.0,16.0
10,Huskies,Huskies_G1,,2H,2470.810872,Free Kick,Goal kick,100.0,100.0,76.0,0.0
10,Opponent10,Opponent10_G1,,2H,2658.3444659999996,Free Kick,Goal kick,0.0,0.0,70.0,38.0
10,Opponent10,Opponent10_G1,,2H,2817.7908260000004,Free Kick,Goal kick,0.0,0.0,64.0,29.0
11,Huskies,Huskies_G1,,1H,104.19509099999999,Free Kick,Goal kick,0.0,0.0,64.0,79.0
11,Huskies,Huskies_G1,,1H,993.6921359999999,Free Kick,Goal kick,0.0,0.0,66.0,93.0
11,Huskies,Huskies_G1,,1H,1139.582233,Free Kick,Goal kick,0.0,0.0,71.0,82.0
11,Opponent11,Opponent11_G1,,1H,1444.576167,Free Kick,Goal kick,100.0,100.0,12.0,8.0
11,Opponent11,Opponent11_G1,,1H,1635.978844,Free Kick,Goal kick,100.0,100.0,64.0,35.0
11,Huskies,Huskies_G1,,1H,1715.285976,Free Kick,Goal kick,0.0,0.0,75.0,71.0
11,Huskies,Huskies_G1,,1H,2164.969139,Free Kick,Goal kick,0.0,0.0,77.0,67.0
11,Huskies,Huskies_G1,,1H,2421.798852,Free Kick,Goal kick,0.0,0.0,75.0,68.0
11,Huskies,Huskies_G1,,1H,2574.474869,Free Kick,Goal kick,0.0,0.0,57.0,98.0
11,Huskies,Huskies_G1,,2H,313.70108900000014,Free Kick,Goal kick,0.0,0.0,66.0,70.0
11,Opponent11,Opponent11_G2,,2H,951.5582880000002,Free Kick,Goal kick,100.0,100.0,61.0,12.0
11,Huskies,Huskies_G1,,2H,1357.5182720000003,Free Kick,Goal kick,0.0,0.0,70.0,31.0
11,Huskies,Huskies_G1,,2H,2263.3291360000003,Free Kick,Goal kick,0.0,0.0,70.0,34.0
11,Opponent11,Opponent11_G2,,2H,2391.9045429999996,Free Kick,Goal kick,100.0,100.0,58.0,16.0
11,Huskies,Huskies_G1,,2H,2445.936154,Free Kick,Goal kick,0.0,0.0,74.0,33.0
11,Huskies,Huskies_G1,,2H,2613.4757069999996,Free Kick,Goal kick,0.0,0.0,72.0,26.0
11,Huskies,Huskies_G1,,2H,2900.4728999999998,Free Kick,Goal kick,0.0,0.0,78.0,21.0
11,Huskies,Huskies_G1,,2H,2962.1721820000002,Free Kick,Goal kick,0.0,0.0,67.0,42.0
11,Huskies,Huskies_G1,,2H,3037.2381990000003,Free Kick,Goal kick,0.0,0.0,67.0,29.0
11,Huskies,Huskies_G1,,2H,3342.699471,Free Kick,Goal kick,0.0,0.0,67.0,34.0
12,Huskies,Huskies_G1,,1H,1127.598552,Free Kick,Goal kick,100.0,100.0,71.0,79.0
12,Huskies,Huskies_G1,,1H,1398.075212,Free Kick,Goal kick,100.0,100.0,68.0,78.0
12,Huskies,Huskies_G1,,1H,1715.143385,Free Kick,Goal kick,100.0,100.0,66.0,71.0
12,Opponent12,Opponent12_G1,,1H,2517.771353,Free Kick,Goal kick,0.0,0.0,56.0,85.0
12,Huskies,Huskies_G1,,1H,2857.796451,Free Kick,Goal kick,100.0,100.0,100.0,100.0
12,Huskies,Huskies_G1,,2H,511.2437799999998,Free Kick,Goal kick,100.0,100.0,74.0,70.0
12,Huskies,Huskies_G1,,2H,749.6136670000001,Free Kick,Goal kick,100.0,100.0,76.0,61.0
12,Huskies,Huskies_G1,,2H,873.0019739999998,Free Kick,Goal kick,100.0,100.0,74.0,64.0
12,Huskies,Huskies_G1,,2H,2019.9588320000003,Free Kick,Goal kick,100.0,100.0,99.0,89.0
12,Huskies,Huskies_G1,,2H,2173.188395,Free Kick,Goal kick,100.0,100.0,85.0,69.0
12,Huskies,Huskies_G1,,2H,2366.22815,Free Kick,Goal kick,100.0,100.0,69.0,76.0
12,Opponent12,Opponent12_G1,,2H,2523.030602,Free Kick,Goal kick,0.0,0.0,55.0,56.0
12,Opponent12,Opponent12_G1,,2H,2644.7387959999996,Free Kick,Goal kick,0.0,0.0,55.0,33.0
13,Huskies,Huskies_G1,,1H,404.36126,Free Kick,Goal kick,100.0,100.0,65.0,26.0
13,Opponent13,Opponent13_G1,,1H,605.222879,Free Kick,Goal kick,0.0,0.0,55.0,10.0
13,Huskies,Huskies_G1,,1H,750.280859,Free Kick,Goal kick,100.0,100.0,74.0,87.0
13,Huskies,Huskies_G1,,1H,1585.414832,Free Kick,Goal kick,100.0,100.0,68.0,40.0
13,Huskies,Huskies_G1,,1H,1800.054837,Free Kick,Goal kick,100.0,100.0,70.0,24.0
13,Huskies,Huskies_G1,,1H,1846.4384810000001,Free Kick,Goal kick,100.0,100.0,61.0,9.0
13,Huskies,Huskies_G1,,1H,2103.280013,Free Kick,Goal kick,100.0,100.0,67.0,19.0
13,Opponent13,Opponent13_G1,,1H,2354.478889,Free Kick,Goal kick,0.0,0.0,63.0,32.0
13,Huskies,Huskies_G1,,1H,2460.114251,Free Kick,Goal kick,100.0,100.0,63.0,41.0
13,Huskies,Huskies_G1,,1H,2582.542549,Free Kick,Goal kick,100.0,100.0,66.0,33.0
13,Huskies,Huskies_G1,,2H,144.9434150000002,Free Kick,Goal kick,100.0,100.0,58.0,28.0
13,Huskies,Huskies_G1,,2H,589.3104020000001,Free Kick,Goal kick,100.0,100.0,70.0,30.0
13,Huskies,Huskies_G1,,2H,1270.1742539999996,Free Kick,Goal kick,100.0,100.0,61.0,12.0
13,Opponent13,Opponent13_G1,,2H,2141.5704990000004,Free Kick,Goal kick,0.0,0.0,60.0,34.0
13,Opponent13,Opponent13_G1,,2H,2417.568281,Free Kick,Goal kick,0.0,0.0,42.0,0.0
13,Huskies,Huskies_G1,,2H,2882.4929890000003,Free Kick,Goal kick,100.0,100.0,64.0,8.0
14,Opponent14,Opponent14_G1,,1H,189.49845399999998,Free Kick,Goal kick,100.0,100.0,62.0,82.0
14,Huskies,Huskies_G1,,1H,276.880611,Free Kick,Goal kick,0.0,0.0,64.0,90.0
14,Huskies,Huskies_G1,,1H,2011.944535,Free Kick,Goal kick,0.0,0.0,69.0,77.0
14,Opponent14,Opponent14_G1,,1H,2328.411921,Free Kick,Goal kick,100.0,100.0,63.0,27.0
14,Huskies,Huskies_G1,,2H,540.4219840000001,Free Kick,Goal kick,0.0,0.0,68.0,60.0
14,Opponent14,Opponent14_G1,,2H,648.232998,Free Kick,Goal kick,100.0,100.0,64.0,41.0
14,Huskies,Huskies_G1,,2H,871.2554839999998,Free Kick,Goal kick,0.0,0.0,54.0,89.0
14,Huskies,Huskies_G1,,2H,1489.5469620000003,Free Kick,Goal kick,0.0,0.0,69.0,66.0
14,Opponent14,Opponent14_G1,,2H,2434.5813989999997,Free Kick,Goal kick,100.0,100.0,66.0,49.0
14,Huskies,Huskies_G1,,2H,2638.9445990000004,Free Kick,Goal kick,0.0,0.0,68.0,63.0
15,Huskies,Huskies_G1,,1H,631.608687,Free Kick,Goal kick,0.0,0.0,69.0,81.0
15,Huskies,Huskies_G1,,1H,808.458112,Free Kick,Goal kick,0.0,0.0,72.0,78.0
15,Huskies,Huskies_G1,,1H,935.698596,Free Kick,Goal kick,0.0,0.0,71.0,84.0
15,Opponent15,Opponent15_G1,,1H,1026.175658,Free Kick,Goal kick,100.0,100.0,59.0,93.0
15,Huskies,Huskies_G1,,1H,1212.647648,Free Kick,Goal kick,0.0,0.0,64.0,87.0
15,Huskies,Huskies_G1,,1H,2384.837257,Free Kick,Goal kick,0.0,0.0,70.0,86.0
15,Opponent15,Opponent15_G1,,1H,2432.835048,Free Kick,Goal kick,100.0,100.0,65.0,45.0
15,Opponent15,Opponent15_G1,,1H,2783.49747,Free Kick,Goal kick,100.0,100.0,67.0,58.0
15,Huskies,Huskies_G1,,2H,224.54355399999986,Free Kick,Goal kick,0.0,0.0,53.0,42.0
15,Huskies,Huskies_G1,,2H,363.097174,Free Kick,Goal kick,0.0,0.0,69.0,74.0
15,Huskies,Huskies_G1,,2H,841.1917309999999,Free Kick,Goal kick,0.0,0.0,67.0,65.0
15,Huskies,Huskies_G1,,2H,1228.3468570000005,Free Kick,Goal kick,0.0,0.0,67.0,65.0
15,Opponent15,Opponent15_G1,,2H,1437.7280899999996,Free Kick,Goal kick,100.0,100.0,71.0,31.0
15,Huskies,Huskies_G1,,2H,1588.6544679999997,Free Kick,Goal kick,0.0,0.0,48.0,53.0
15,Huskies,Huskies_G1,,2H,2515.543087,Free Kick,Goal kick,0.0,0.0,61.0,34.0
16,Opponent16,Opponent16_G1,,1H,29.375281,Free Kick,Goal kick,0.0,0.0,10.0,21.0
16,Huskies,Huskies_G1,,1H,100.159333,Free Kick,Goal kick,100.0,100.0,65.0,66.0
16,Huskies,Huskies_G1,,1H,193.70432,Free Kick,Goal kick,100.0,100.0,65.0,74.0
16,Opponent16,Opponent16_G1,,1H,261.272745,Free Kick,Goal kick,0.0,0.0,31.0,54.0
16,Huskies,Huskies_G1,,1H,851.5211730000001,Free Kick,Goal kick,100.0,100.0,68.0,52.0
16,Opponent16,Opponent16_G1,,1H,1294.133005,Free Kick,Goal kick,0.0,0.0,52.0,98.0
16,Huskies,Huskies_G1,,1H,1692.637823,Free Kick,Goal kick,100.0,100.0,72.0,61.0
16,Huskies,Huskies_G1,,1H,1863.9312009999999,Free Kick,Goal kick,100.0,100.0,66.0,70.0
16,Huskies,Huskies_G1,,1H,2025.1225,Free Kick,Goal kick,100.0,100.0,68.0,49.0
16,Huskies,Huskies_G1,,1H,2456.176731,Free Kick,Goal kick,100.0,100.0,80.0,100.0
16,Huskies,Huskies_G1,,1H,2722.259253,Free Kick,Goal kick,100.0,100.0,62.0,64.0
16,Huskies,Huskies_G1,,1H,2778.500206,Free Kick,Goal kick,100.0,100.0,62.0,81.0
16,Huskies,Huskies_G1,,2H,92.61894200000006,Free Kick,Goal kick,100.0,100.0,66.0,74.0
16,Huskies,Huskies_G1,,2H,231.99119299999984,Free Kick,Goal kick,100.0,100.0,69.0,60.0
16,Opponent16,Opponent16_G1,,2H,311.0213950000002,Free Kick,Goal kick,0.0,0.0,76.0,41.0
16,Huskies,Huskies_G1,,2H,592.1607720000002,Free Kick,Goal kick,100.0,100.0,74.0,68.0
16,Huskies,Huskies_G1,,2H,686.4780099999998,Free Kick,Goal kick,100.0,100.0,70.0,65.0
16,Huskies,Huskies_G1,,2H,1214.9118280000002,Free Kick,Goal kick,100.0,100.0,32.0,100.0
16,Huskies,Huskies_G1,,2H,1708.4928010000003,Free Kick,Goal kick,100.0,100.0,70.0,61.0
16,Huskies,Huskies_G1,,2H,2255.446522,Free Kick,Goal kick,100.0,100.0,66.0,70.0
16,Opponent16,Opponent16_G1,,2H,2313.910712,Free Kick,Goal kick,0.0,0.0,25.0,65.0
16,Huskies,Huskies_G1,,2H,2492.1416799999997,Free Kick,Goal kick,100.0,100.0,69.0,73.0
16,Huskies,Huskies_G1,,2H,2565.047257,Free Kick,Goal kick,100.0,100.0,66.0,77.0
16,Huskies,Huskies_G1,,2H,2775.7800610000004,Free Kick,Goal kick,100.0,100.0,65.0,76.0
16,Huskies,Huskies_G1,,2H,2913.1947659999996,Free Kick,Goal kick,100.0,100.0,66.0,100.0
17,Opponent17,Opponent17_G1,,1H,742.251184,Free Kick,Goal kick,0.0,0.0,59.0,20.0
17,Huskies,Huskies_G1,,1H,2116.908963,Free Kick,Goal kick,100.0,100.0,20.0,95.0
17,Huskies,Huskies_G1,,1H,2246.606016,Free Kick,Goal kick,100.0,100.0,44.0,84.0
17,Opponent17,Opponent17_G1,,1H,2589.888862,Free Kick,Goal kick,0.0,0.0,18.0,16.0
17,Opponent17,Opponent17_G1,,1H,2694.890828,Free Kick,Goal kick,0.0,0.0,58.0,16.0
17,Opponent17,Opponent17_G1,,2H,106.09801400000015,Free Kick,Goal kick,0.0,0.0,59.0,23.0
17,Huskies,Huskies_G1,,2H,306.93424400000004,Free Kick,Goal kick,100.0,100.0,23.0,80.0
17,Huskies,Huskies_G1,,2H,537.308293,Free Kick,Goal kick,100.0,100.0,68.0,95.0
17,Opponent17,Opponent17_G1,,2H,945.380678,Free Kick,Goal kick,0.0,0.0,61.0,26.0
17,Opponent17,Opponent17_G1,,2H,1365.9895779999997,Free Kick,Goal kick,0.0,0.0,55.0,30.0
17,Huskies,Huskies_G1,,2H,1705.2036209999997,Free Kick,Goal kick,100.0,100.0,66.0,65.0
17,Opponent17,Opponent17_G1,,2H,2710.9268840000004,Free Kick,Goal kick,0.0,0.0,62.0,26.0
18,Opponent18,Opponent18_G1,,1H,1022.935039,Free Kick,Goal kick,100.0,100.0,12.0,56.0
18,Opponent18,Opponent18_G1,,1H,1184.250557,Free Kick,Goal kick,100.0,100.0,57.0,74.0
18,Huskies,Huskies_G1,,1H,1267.606312,Free Kick,Goal kick,0.0,0.0,28.0,92.0
18,Huskies,Huskies_G1,,1H,1398.466786,Free Kick,Goal kick,0.0,0.0,28.0,69.0
18,Opponent18,Opponent18_G1,,1H,1680.203203,Free Kick,Goal kick,100.0,100.0,73.0,77.0
18,Huskies,Huskies_G1,,1H,2468.42832,Free Kick,Goal kick,0.0,0.0,66.0,89.0
18,Opponent18,Opponent18_G1,,2H,443.24371500000007,Free Kick,Goal kick,100.0,100.0,18.0,53.0
18,Huskies,Huskies_G1,,2H,531.43536,Free Kick,Goal kick,0.0,0.0,63.0,67.0
18,Huskies,Huskies_G1,,2H,570.183552,Free Kick,Goal kick,0.0,0.0,67.0,56.0
18,Opponent18,Opponent18_G1,,2H,921.9585360000001,Free Kick,Goal kick,100.0,100.0,64.0,71.0
18,Huskies,Huskies_G1,,2H,1479.3800389999997,Free Kick,Goal kick,0.0,0.0,57.0,87.0
18,Huskies,Huskies_G1,,2H,2588.1341469999998,Free Kick,Goal kick,0.0,0.0,68.0,74.0
18,Opponent18,Opponent18_G1,,2H,2678.198378,Free Kick,Goal kick,100.0,100.0,62.0,81.0
18,Opponent18,Opponent18_G1,,2H,2870.5366139999996,Free Kick,Goal kick,100.0,100.0,61.0,84.0
19,Huskies,Huskies_G1,,1H,100.59925800000002,Free Kick,Goal kick,0.0,0.0,72.0,42.0
19,Huskies,Huskies_G1,,1H,306.131082,Free Kick,Goal kick,0.0,0.0,68.0,27.0
19,Huskies,Huskies_G1,,1H,680.533833,Free Kick,Goal kick,0.0,0.0,66.0,28.0
19,Opponent3,Opponent3_G1,,1H,1066.543549,Free Kick,Goal kick,100.0,100.0,42.0,48.0
19,Huskies,Huskies_G1,,1H,1331.327384,Free Kick,Goal kick,0.0,0.0,69.0,48.0
19,Opponent3,Opponent3_G1,,1H,1477.81778,Free Kick,Goal kick,100.0,100.0,46.0,4.0
19,Opponent3,Opponent3_G1,,1H,1904.0082419999999,Free Kick,Goal kick,100.0,100.0,56.0,4.0
19,Huskies,Huskies_G1,,1H,2122.6406,Free Kick,Goal kick,0.0,0.0,70.0,25.0
19,Huskies,Huskies_G1,,2H,131.43224999999984,Free Kick,Goal kick,0.0,0.0,58.0,17.0
19,Opponent3,Opponent3_G1,,2H,192.5118480000001,Free Kick,Goal kick,100.0,100.0,10.0,87.0
19,Opponent3,Opponent3_G1,,2H,345.4320280000002,Free Kick,Goal kick,100.0,100.0,61.0,34.0
19,Huskies,Huskies_G1,,2H,1323.1174499999997,Free Kick,Goal kick,0.0,0.0,65.0,26.0
19,Huskies,Huskies_G1,,2H,1520.7965539999996,Free Kick,Goal kick,0.0,0.0,67.0,33.0
19,Opponent3,Opponent3_G1,,2H,1650.1589759999997,Free Kick,Goal kick,100.0,100.0,31.0,20.0
19,Huskies,Huskies_G1,,2H,1872.1887960000004,Free Kick,Goal kick,0.0,0.0,63.0,25.0
19,Opponent3,Opponent3_G1,,2H,2306.167891,Free Kick,Goal kick,100.0,100.0,30.0,39.0
19,Huskies,Huskies_G1,,2H,2619.2161319999996,Free Kick,Goal kick,0.0,0.0,61.0,24.0
19,Opponent3,Opponent3_G1,,2H,2732.556761,Free Kick,Goal kick,100.0,100.0,78.0,7.0
20,Huskies,Huskies_G1,,1H,334.370481,Free Kick,Goal kick,100.0,100.0,43.0,83.0
20,Huskies,Huskies_G1,,1H,474.591492,Free Kick,Goal kick,100.0,100.0,70.0,73.0
20,Huskies,Huskies_G1,,1H,657.281906,Free Kick,Goal kick,100.0,100.0,69.0,83.0
20,Opponent19,Opponent19_G1,,1H,950.3546719999999,Free Kick,Goal kick,0.0,0.0,68.0,68.0
20,Huskies,Huskies_G1,,1H,1108.865079,Free Kick,Goal kick,100.0,100.0,66.0,80.0
20,Opponent19,Opponent19_G1,,1H,1555.002062,Free Kick,Goal kick,0.0,0.0,65.0,73.0
20,Huskies,Huskies_G1,,1H,1882.047234,Free Kick,Goal kick,100.0,100.0,60.0,47.0
20,Huskies,Huskies_G1,,1H,2200.910969,Free Kick,Goal kick,100.0,100.0,67.0,67.0
20,Opponent19,Opponent19_G1,,1H,2476.386751,Free Kick,Goal kick,0.0,0.0,72.0,79.0
20,Huskies,Huskies_G1,,1H,2657.10943,Free Kick,Goal kick,100.0,100.0,62.0,79.0
20,Opponent19,Opponent19_G1,,2H,34.61680200000001,Free Kick,Goal kick,0.0,0.0,67.0,74.0
20,Huskies,Huskies_G1,,2H,265.86504000000014,Free Kick,Goal kick,100.0,100.0,65.0,74.0
20,Huskies,Huskies_G1,,2H,602.2231849999998,Free Kick,Goal kick,100.0,100.0,68.0,74.0
20,Huskies,Huskies_G1,,2H,1134.513711,Free Kick,Goal kick,100.0,100.0,20.0,37.0
20,Opponent19,Opponent19_G1,,2H,1423.7026400000004,Free Kick,Goal kick,0.0,0.0,67.0,93.0
20,Huskies,Huskies_G1,,2H,1582.3311350000004,Free Kick,Goal kick,100.0,100.0,71.0,76.0
20,Opponent19,Opponent19_G1,,2H,2175.8707830000003,Free Kick,Goal kick,0.0,0.0,67.0,74.0
20,Huskies,Huskies_G1,,2H,2311.325729,Free Kick,Goal kick,100.0,100.0,69.0,76.0
20,Opponent19,Opponent19_G1,,2H,2663.9185559999996,Free Kick,Goal kick,0.0,0.0,67.0,22.0
20,Huskies,Huskies_G1,,2H,2785.9234859999997,Free Kick,Goal kick,100.0,100.0,68.0,60.0
20,Huskies,Huskies_G1,,2H,2901.687196,Free Kick,Goal kick,100.0,100.0,100.0,100.0
21,Huskies,Huskies_G1,,1H,176.45493599999998,Free Kick,Goal kick,100.0,100.0,71.0,42.0
21,Huskies,Huskies_G1,,1H,478.28821500000004,Free Kick,Goal kick,100.0,100.0,49.0,92.0
21,Huskies,Huskies_G1,,1H,1735.56211,Free Kick,Goal kick,100.0,100.0,68.0,91.0
21,Opponent6,Opponent6_G1,,1H,1907.435994,Free Kick,Goal kick,0.0,0.0,46.0,94.0
21,Opponent6,Opponent6_G1,,1H,2209.093287,Free Kick,Goal kick,0.0,0.0,26.0,78.0
21,Opponent6,Opponent6_G1,,1H,2439.438172,Free Kick,Goal kick,0.0,0.0,65.0,67.0
21,Huskies,Huskies_G1,,2H,232.08398399999987,Free Kick,Goal kick,100.0,100.0,22.0,94.0
21,Opponent6,Opponent6_G1,,2H,695.811964,Free Kick,Goal kick,0.0,0.0,27.0,72.0
21,Opponent6,Opponent6_G1,,2H,1001.4922059999999,Free Kick,Goal kick,0.0,0.0,26.0,57.0
21,Huskies,Huskies_G1,,2H,1276.764585,Free Kick,Goal kick,100.0,100.0,63.0,58.0
21,Opponent6,Opponent6_G1,,2H,1311.0509840000004,Free Kick,Goal kick,0.0,0.0,54.0,59.0
21,Huskies,Huskies_G1,,2H,1616.7684550000004,Free Kick,Goal kick,100.0,100.0,64.0,78.0
21,Opponent6,Opponent6_G1,,2H,1657.4573680000003,Free Kick,Goal kick,0.0,0.0,51.0,54.0
21,Opponent6,Opponent6_G1,,2H,1845.8058600000004,Free Kick,Goal kick,0.0,0.0,68.0,51.0
21,Huskies,Huskies_G1,,2H,1893.0288389999996,Free Kick,Goal kick,100.0,100.0,69.0,90.0
21,Opponent6,Opponent6_G1,,2H,1954.132001,Free Kick,Goal kick,0.0,0.0,62.0,69.0
21,Huskies,Huskies_G1,,2H,2102.482648,Free Kick,Goal kick,100.0,100.0,64.0,61.0
21,Huskies,Huskies_G1,,2H,2181.2776240000003,Free Kick,Goal kick,100.0,100.0,82.0,97.0
21,Huskies,Huskies_G1,,2H,2438.5511180000003,Free Kick,Goal kick,100.0,100.0,64.0,72.0
21,Huskies,Huskies_G1,,2H,2506.5038269999995,Free Kick,Goal kick,100.0,100.0,64.0,78.0
22,Opponent5,Opponent5_G1,,1H,310.16099299999996,Free Kick,Goal kick,100.0,100.0,63.0,36.0
22,Opponent5,Opponent5_G1,,1H,670.459588,Free Kick,Goal kick,100.0,100.0,42.0,72.0
22,Huskies,Huskies_G1,,1H,929.2594019999999,Free Kick,Goal kick,0.0,0.0,62.0,100.0
22,Opponent5,Opponent5_G1,,1H,1091.158369,Free Kick,Goal kick,100.0,100.0,20.0,78.0
22,Opponent5,Opponent5_G1,,1H,1166.822214,Free Kick,Goal kick,100.0,100.0,61.0,29.0
22,Huskies,Huskies_G1,,1H,1529.744539,Free Kick,Goal kick,0.0,0.0,68.0,100.0
22,Huskies,Huskies_G1,,1H,2056.349172,Free Kick,Goal kick,0.0,0.0,72.0,95.0
22,Huskies,Huskies_G1,,1H,2489.939896,Free Kick,Goal kick,0.0,0.0,69.0,66.0
22,Huskies,Huskies_G1,,2H,141.85885899999994,Free Kick,Goal kick,0.0,0.0,11.0,17.0
22,Huskies,Huskies_G1,,2H,362.36177899999984,Free Kick,Goal kick,0.0,0.0,73.0,29.0
22,Huskies,Huskies_G1,,2H,580.0722409999998,Free Kick,Goal kick,0.0,0.0,60.0,27.0
22,Huskies,Huskies_G1,,2H,1033.273204,Free Kick,Goal kick,0.0,0.0,75.0,55.0
22,Opponent5,Opponent5_G1,,2H,1534.1638750000002,Free Kick,Goal kick,100.0,100.0,54.0,50.0
22,Opponent5,Opponent5_G1,,2H,2620.9613120000004,Free Kick,Goal kick,100.0,100.0,62.0,24.0
22,Huskies,Huskies_G1,,2H,2669.9344119999996,Free Kick,Goal kick,0.0,0.0,65.0,80.0
22,Opponent5,Opponent5_G1,,2H,2809.336005,Free Kick,Goal kick,100.0,100.0,53.0,11.0
23,Huskies,Huskies_G1,,1H,403.662004,Free Kick,Goal kick,100.0,100.0,68.0,58.0
23,Huskies,Huskies_G1,,1H,615.150378,Free Kick,Goal kick,100.0,100.0,75.0,70.0
23,Huskies,Huskies_G1,,1H,899.3615050000001,Free Kick,Goal kick,100.0,100.0,71.0,37.0
23,Opponent4,Opponent4_G1,,1H,922.6141170000001,Free Kick,Goal kick,0.0,0.0,32.0,13.0
23,Opponent4,Opponent4_G1,,1H,1914.6943809999998,Free Kick,Goal kick,0.0,0.0,22.0,38.0
23,Huskies,Huskies_G1,,1H,2750.324703,Free Kick,Goal kick,100.0,100.0,66.0,54.0
23,Opponent4,Opponent4_G1,,2H,230.40702599999986,Free Kick,Goal kick,0.0,0.0,59.0,42.0
23,Huskies,Huskies_G1,,2H,454.97562100000005,Free Kick,Goal kick,100.0,100.0,66.0,42.0
23,Opponent4,Opponent4_G1,,2H,1607.516861,Free Kick,Goal kick,0.0,0.0,14.0,43.0
23,Huskies,Huskies_G1,,2H,2340.0456430000004,Free Kick,Goal kick,100.0,100.0,64.0,33.0
24,Huskies,Huskies_G1,,1H,73.15777,Free Kick,Goal kick,0.0,0.0,73.0,60.0
24,Opponent19,Opponent19_G1,,1H,119.06940200000003,Free Kick,Goal kick,100.0,100.0,64.0,78.0
24,Huskies,Huskies_G1,,1H,398.286245,Free Kick,Goal kick,0.0,0.0,72.0,63.0
24,Huskies,Huskies_G1,,1H,696.495402,Free Kick,Goal kick,0.0,0.0,71.0,66.0
24,Opponent19,Opponent19_G1,,1H,870.754066,Free Kick,Goal kick,100.0,100.0,66.0,73.0
24,Huskies,Huskies_G1,,1H,1179.414158,Free Kick,Goal kick,0.0,0.0,74.0,51.0
24,Huskies,Huskies_G1,,1H,1272.619822,Free Kick,Goal kick,0.0,0.0,73.0,60.0
24,Huskies,Huskies_G1,,1H,2668.677001,Free Kick,Goal kick,0.0,0.0,56.0,55.0
24,Opponent19,Opponent19_G1,,2H,63.5483220000001,Free Kick,Goal kick,100.0,100.0,63.0,31.0
24,Opponent19,Opponent19_G1,,2H,702.7849769999998,Free Kick,Goal kick,100.0,100.0,70.0,27.0
24,Huskies,Huskies_G1,,2H,1100.361452,Free Kick,Goal kick,0.0,0.0,71.0,64.0
24,Huskies,Huskies_G1,,2H,1299.0165889999998,Free Kick,Goal kick,0.0,0.0,20.0,16.0
24,Huskies,Huskies_G1,,2H,1729.897613,Free Kick,Goal kick,0.0,0.0,18.0,86.0
24,Huskies,Huskies_G1,,2H,2085.98023,Free Kick,Goal kick,0.0,0.0,67.0,77.0
24,Huskies,Huskies_G1,,2H,2214.337367,Free Kick,Goal kick,0.0,0.0,74.0,79.0
24,Huskies,Huskies_G1,,2H,2354.574426,Free Kick,Goal kick,0.0,0.0,66.0,70.0
24,Opponent19,Opponent19_G1,,2H,2466.3150809999997,Free Kick,Goal kick,100.0,100.0,67.0,49.0
24,Opponent19,Opponent19_G1,,2H,2644.4502279999997,Free Kick,Goal kick,100.0,100.0,63.0,24.0
24,Opponent19,Opponent19_G1,,2H,2939.579648,Free Kick,Goal kick,100.0,100.0,64.0,38.0
24,Huskies,Huskies_G1,,2H,2978.2349889999996,Free Kick,Goal kick,0.0,0.0,73.0,57.0
24,Huskies,Huskies_G1,,2H,3107.1132989999996,Free Kick,Goal kick,0.0,0.0,61.0,41.0
24,Huskies,Huskies_G1,,2H,3135.9882829999997,Free Kick,Goal kick,0.0,0.0,0.0,0.0
25,Huskies,Huskies_G1,,1H,100.98924399999999,Free Kick,Goal kick,0.0,0.0,61.0,79.0
25,Huskies,Huskies_G1,,1H,869.866135,Free Kick,Goal kick,0.0,0.0,67.0,76.0
25,Opponent10,Opponent10_G1,,1H,1797.0579539999999,Free Kick,Goal kick,100.0,100.0,58.0,11.0
25,Huskies,Huskies_G1,,1H,1992.8363599999998,Free Kick,Goal kick,0.0,0.0,61.0,78.0
25,Opponent10,Opponent10_G1,,1H,2230.311654,Free Kick,Goal kick,100.0,100.0,64.0,23.0
25,Opponent10,Opponent10_G1,,1H,2539.071355,Free Kick,Goal kick,100.0,100.0,68.0,91.0
25,Opponent10,Opponent10_G1,,1H,2740.370212,Free Kick,Goal kick,100.0,100.0,66.0,81.0
25,Opponent10,Opponent10_G1,,2H,898.7343890000002,Free Kick,Goal kick,100.0,100.0,50.0,7.0
25,Huskies,Huskies_G1,,2H,959.5174109999998,Free Kick,Goal kick,0.0,0.0,68.0,44.0
25,Opponent10,Opponent10_G1,,2H,1056.7551050000002,Free Kick,Goal kick,100.0,100.0,62.0,73.0
25,Opponent10,Opponent10_G1,,2H,1115.5334279999997,Free Kick,Goal kick,100.0,100.0,54.0,84.0
25,Huskies,Huskies_G1,,2H,2201.405345,Free Kick,Goal kick,0.0,0.0,71.0,73.0
25,Huskies,Huskies_G1,,2H,2245.7063049999997,Free Kick,Goal kick,0.0,0.0,75.0,61.0
25,Opponent10,Opponent10_G1,,2H,2401.7861510000002,Free Kick,Goal kick,100.0,100.0,90.0,49.0
25,Opponent10,Opponent10_G1,,2H,2495.380774,Free Kick,Goal kick,100.0,100.0,45.0,17.0
26,Opponent9,Opponent9_G1,,1H,493.99210800000003,Free Kick,Goal kick,0.0,0.0,67.0,72.0
26,Huskies,Huskies_G1,,1H,581.943911,Free Kick,Goal kick,100.0,100.0,72.0,71.0
26,Opponent9,Opponent9_G1,,1H,913.0355099999999,Free Kick,Goal kick,0.0,0.0,62.0,6.0
26,Huskies,Huskies_G1,,1H,994.662421,Free Kick,Goal kick,100.0,100.0,70.0,66.0
26,Opponent9,Opponent9_G1,,1H,1302.084828,Free Kick,Goal kick,0.0,0.0,60.0,0.0
26,Huskies,Huskies_G1,,1H,2432.819598,Free Kick,Goal kick,100.0,100.0,58.0,73.0
26,Opponent9,Opponent9_G1,,1H,2472.919518,Free Kick,Goal kick,0.0,0.0,48.0,25.0
26,Opponent9,Opponent9_G1,,1H,2594.009679,Free Kick,Goal kick,0.0,0.0,20.0,62.0
26,Opponent9,Opponent9_G1,,2H,958.475938,Free Kick,Goal kick,0.0,0.0,63.0,60.0
26,Opponent9,Opponent9_G2,,2H,1971.627993,Free Kick,Goal kick,0.0,0.0,17.0,79.0
26,Opponent9,Opponent9_G2,,2H,2108.42249,Free Kick,Goal kick,0.0,0.0,49.0,26.0
26,Opponent9,Opponent9_G2,,2H,2184.2786699999997,Free Kick,Goal kick,0.0,0.0,52.0,24.0
27,Huskies,Huskies_G1,,1H,484.06339,Free Kick,Goal kick,0.0,0.0,31.0,80.0
27,Opponent12,Opponent12_G2,,1H,553.373674,Free Kick,Goal kick,100.0,100.0,63.0,2.0
27,Huskies,Huskies_G1,,1H,1079.520888,Free Kick,Goal kick,0.0,0.0,24.0,90.0
27,Huskies,Huskies_G1,,1H,1118.331175,Free Kick,Goal kick,0.0,0.0,39.0,92.0
27,Huskies,Huskies_G1,,1H,2725.793059,Free Kick,Goal kick,0.0,0.0,64.0,76.0
27,Huskies,Huskies_G1,,2H,653.273619,Free Kick,Goal kick,0.0,0.0,68.0,76.0
27,Huskies,Huskies_G1,,2H,850.5779779999998,Free Kick,Goal kick,0.0,0.0,72.0,46.0
27,Opponent12,Opponent12_G2,,2H,967.6148240000002,Free Kick,Goal kick,100.0,100.0,74.0,25.0
27,Huskies,Huskies_G1,,2H,1972.2660850000002,Free Kick,Goal kick,0.0,0.0,68.0,54.0
27,Huskies,Huskies_G1,,2H,2829.6252050000003,Free Kick,Goal kick,0.0,0.0,72.0,67.0
28,Opponent11,Opponent11_G2,,1H,250.65343399999995,Free Kick,Goal kick,0.0,0.0,57.0,32.0
28,Huskies,Huskies_G1,,1H,349.32189600000004,Free Kick,Goal kick,100.0,100.0,67.0,45.0
28,Opponent11,Opponent11_G2,,1H,548.346543,Free Kick,Goal kick,0.0,0.0,57.0,26.0
28,Huskies,Huskies_G1,,1H,1020.6033600000001,Free Kick,Goal kick,100.0,100.0,61.0,60.0
28,Huskies,Huskies_G1,,1H,1977.2706560000001,Free Kick,Goal kick,100.0,100.0,64.0,70.0
28,Huskies,Huskies_G1,,2H,153.5919130000002,Free Kick,Goal kick,100.0,100.0,64.0,84.0
28,Opponent11,Opponent11_G2,,2H,426.67301,Free Kick,Goal kick,0.0,0.0,66.0,11.0
28,Opponent11,Opponent11_G2,,2H,688.0369430000001,Free Kick,Goal kick,0.0,0.0,63.0,24.0
28,Opponent11,Opponent11_G2,,2H,1362.1612109999996,Free Kick,Goal kick,0.0,0.0,57.0,22.0
28,Huskies,Huskies_G1,,2H,1457.4611510000004,Free Kick,Goal kick,100.0,100.0,59.0,72.0
28,Huskies,Huskies_G1,,2H,1963.8671199999999,Free Kick,Goal kick,100.0,100.0,66.0,76.0
29,Huskies,Huskies_G1,,1H,578.670395,Free Kick,Goal kick,100.0,100.0,57.0,57.0
29,Huskies,Huskies_G1,,1H,789.60635,Free Kick,Goal kick,100.0,100.0,61.0,25.0
29,Opponent7,Opponent7_G1,,1H,858.194308,Free Kick,Goal kick,0.0,0.0,72.0,63.0
29,Huskies,Huskies_G1,,1H,1004.3967399999999,Free Kick,Goal kick,100.0,100.0,48.0,25.0
29,Huskies,Huskies_G1,,1H,1833.212777,Free Kick,Goal kick,100.0,100.0,68.0,38.0
29,Opponent7,Opponent7_G1,,1H,1969.0198220000002,Free Kick,Goal kick,0.0,0.0,54.0,54.0
29,Opponent7,Opponent7_G1,,1H,2508.174469,Free Kick,Goal kick,0.0,0.0,68.0,61.0
29,Huskies,Huskies_G1,,2H,224.68089499999996,Free Kick,Goal kick,100.0,100.0,63.0,2.0
29,Opponent7,Opponent7_G1,,2H,568.934632,Free Kick,Goal kick,0.0,0.0,70.0,10.0
29,Opponent7,Opponent7_G1,,2H,1151.553594,Free Kick,Goal kick,0.0,0.0,47.0,50.0
29,Opponent7,Opponent7_G1,,2H,1798.13796,Free Kick,Goal kick,0.0,0.0,60.0,74.0
29,Opponent7,Opponent7_G1,,2H,1953.7123730000003,Free Kick,Goal kick,0.0,0.0,25.0,90.0
30,Opponent8,Opponent8_G1,,1H,40.502948,Free Kick,Goal kick,100.0,100.0,57.0,23.0
30,Opponent8,Opponent8_G1,,1H,228.72610600000002,Free Kick,Goal kick,100.0,100.0,57.0,31.0
30,Huskies,Huskies_G1,,1H,589.139567,Free Kick,Goal kick,0.0,0.0,70.0,48.0
30,Opponent8,Opponent8_G1,,1H,763.225095,Free Kick,Goal kick,100.0,100.0,68.0,30.0
30,Opponent8,Opponent8_G1,,1H,824.257514,Free Kick,Goal kick,100.0,100.0,66.0,23.0
30,Opponent8,Opponent8_G1,,1H,1326.798982,Free Kick,Goal kick,100.0,100.0,60.0,19.0
30,Opponent8,Opponent8_G1,,1H,1755.258166,Free Kick,Goal kick,100.0,100.0,64.0,33.0
30,Opponent8,Opponent8_G1,,1H,2017.8678599999998,Free Kick,Goal kick,100.0,100.0,56.0,22.0
30,Huskies,Huskies_G1,,1H,2121.746811,Free Kick,Goal kick,0.0,0.0,74.0,65.0
30,Opponent8,Opponent8_G1,,1H,2314.286462,Free Kick,Goal kick,100.0,100.0,53.0,0.0
30,Huskies,Huskies_G1,,1H,2432.01329,Free Kick,Goal kick,0.0,0.0,72.0,27.0
30,Opponent8,Opponent8_G1,,2H,140.71518400000014,Free Kick,Goal kick,100.0,100.0,58.0,23.0
30,Huskies,Huskies_G1,,2H,296.63649399999986,Free Kick,Goal kick,0.0,0.0,69.0,71.0
30,Opponent8,Opponent8_G1,,2H,387.9200850000002,Free Kick,Goal kick,100.0,100.0,60.0,26.0
30,Opponent8,Opponent8_G1,,2H,1139.9628069999999,Free Kick,Goal kick,100.0,100.0,56.0,37.0
30,Opponent8,Opponent8_G1,,2H,1202.823362,Free Kick,Goal kick,100.0,100.0,56.0,33.0
30,Huskies,Huskies_G1,,2H,1771.025431,Free Kick,Goal kick,0.0,0.0,65.0,73.0
30,Huskies,Huskies_G1,,2H,1988.1075810000002,Free Kick,Goal kick,0.0,0.0,68.0,79.0
30,Opponent8,Opponent8_G1,,2H,2266.7201729999997,Free Kick,Goal kick,100.0,100.0,56.0,19.0
30,Huskies,Huskies_G1,,2H,2414.3362399999996,Free Kick,Goal kick,0.0,0.0,68.0,65.0
30,Huskies,Huskies_G1,,2H,2643.1924280000003,Free Kick,Goal kick,0.0,0.0,67.0,77.0
31,Huskies,Huskies_G1,,1H,158.81017300000002,Free Kick,Goal kick,100.0,100.0,78.0,0.0
31,Opponent1,Opponent1_G1,,1H,419.92454699999996,Free Kick,Goal kick,0.0,0.0,60.0,30.0
31,Huskies,Huskies_G1,,1H,807.345647,Free Kick,Goal kick,100.0,100.0,46.0,51.0
31,Opponent1,Opponent1_G1,,1H,1090.327216,Free Kick,Goal kick,0.0,0.0,62.0,62.0
31,Huskies,Huskies_G1,,1H,1135.416029,Free Kick,Goal kick,100.0,100.0,68.0,53.0
31,Huskies,Huskies_G1,,1H,1577.803088,Free Kick,Goal kick,100.0,100.0,63.0,50.0
31,Opponent1,Opponent1_G1,,1H,2029.6689390000001,Free Kick,Goal kick,0.0,0.0,25.0,55.0
31,Opponent1,Opponent1_G1,,1H,2460.854738,Free Kick,Goal kick,0.0,0.0,60.0,22.0
31,Opponent1,Opponent1_G1,,2H,1064.4688939999996,Free Kick,Goal kick,0.0,0.0,59.0,79.0
31,Opponent1,Opponent1_G1,,2H,1293.3059469999998,Free Kick,Goal kick,0.0,0.0,66.0,40.0
31,Opponent1,Opponent1_G1,,2H,1685.3214129999997,Free Kick,Goal kick,0.0,0.0,73.0,43.0
31,Opponent1,Opponent1_G1,,2H,2104.9468530000004,Free Kick,Goal kick,0.0,0.0,65.0,55.0
31,Opponent1,Opponent1_G1,,2H,2643.125545,Free Kick,Goal kick,0.0,0.0,60.0,67.0
31,Opponent1,Opponent1_G1,,2H,2684.9731570000004,Free Kick,Goal kick,0.0,0.0,36.0,79.0
32,Huskies,Huskies_G1,,1H,435.78635499999996,Free Kick,Goal kick,0.0,0.0,65.0,65.0
32,Huskies,Huskies_G1,,1H,503.32933,Free Kick,Goal kick,0.0,0.0,71.0,52.0
32,Opponent2,Opponent2_G1,,1H,648.524888,Free Kick,Goal kick,100.0,100.0,13.0,13.0
32,Opponent2,Opponent2_G1,,1H,741.66746,Free Kick,Goal kick,100.0,100.0,53.0,48.0
32,Huskies,Huskies_G1,,1H,1054.997536,Free Kick,Goal kick,0.0,0.0,69.0,36.0
32,Opponent2,Opponent2_G1,,1H,1136.768645,Free Kick,Goal kick,100.0,100.0,36.0,35.0
32,Huskies,Huskies_G1,,1H,1233.45114,Free Kick,Goal kick,0.0,0.0,27.0,29.0
32,Huskies,Huskies_G1,,1H,1300.97865,Free Kick,Goal kick,0.0,0.0,69.0,4.0
32,Huskies,Huskies_G1,,1H,1486.445185,Free Kick,Goal kick,0.0,0.0,88.0,74.0
32,Huskies,Huskies_G1,,1H,1649.382908,Free Kick,Goal kick,0.0,0.0,68.0,31.0
32,Huskies,Huskies_G1,,1H,2019.2240900000002,Free Kick,Goal kick,0.0,0.0,70.0,37.0
32,Huskies,Huskies_G1,,1H,2667.439279,Free Kick,Goal kick,0.0,0.0,70.0,57.0
32,Huskies,Huskies_G1,,2H,698.1087870000001,Free Kick,Goal kick,0.0,0.0,77.0,74.0
32,Huskies,Huskies_G1,,2H,1181.1261990000003,Free Kick,Goal kick,0.0,0.0,63.0,80.0
32,Opponent2,Opponent2_G1,,2H,1244.4830000000002,Free Kick,Goal kick,100.0,100.0,73.0,35.0
32,Huskies,Huskies_G1,,2H,1468.9651199999998,Free Kick,Goal kick,0.0,0.0,28.0,34.0
32,Huskies,Huskies_G1,,2H,1596.4214220000003,Free Kick,Goal kick,0.0,0.0,73.0,58.0
32,Huskies,Huskies_G1,,2H,1776.647583,Free Kick,Goal kick,0.0,0.0,56.0,76.0
32,Huskies,Huskies_G1,,2H,2056.4313439999996,Free Kick,Goal kick,0.0,0.0,67.0,64.0
32,Opponent2,Opponent2_G1,,2H,2121.2921610000003,Free Kick,Goal kick,100.0,100.0,44.0,48.0
32,Opponent2,Opponent2_G1,,2H,2736.4939990000003,Free Kick,Goal kick,100.0,100.0,65.0,12.0
33,Huskies,Huskies_G1,,1H,536.786409,Free Kick,Goal kick,0.0,0.0,71.0,31.0
33,Huskies,Huskies_G1,,1H,698.157663,Free Kick,Goal kick,0.0,0.0,74.0,36.0
33,Opponent16,Opponent16_G2,,1H,754.237579,Free Kick,Goal kick,100.0,100.0,58.0,58.0
33,Huskies,Huskies_G1,,1H,850.023434,Free Kick,Goal kick,0.0,0.0,70.0,33.0
33,Huskies,Huskies_G1,,1H,2376.302001,Free Kick,Goal kick,0.0,0.0,66.0,28.0
33,Huskies,Huskies_G1,,1H,2663.251351,Free Kick,Goal kick,0.0,0.0,72.0,50.0
33,Huskies,Huskies_G1,,2H,42.78466299999991,Free Kick,Goal kick,0.0,0.0,69.0,59.0
33,Huskies,Huskies_G1,,2H,106.04965700000002,Free Kick,Goal kick,0.0,0.0,71.0,37.0
33,Huskies,Huskies_G1,,2H,337.88110000000006,Free Kick,Goal kick,0.0,0.0,72.0,20.0
33,Opponent16,Opponent16_G2,,2H,492.5754320000001,Free Kick,Goal kick,100.0,100.0,30.0,44.0
33,Huskies,Huskies_G1,,2H,1471.3549979999998,Free Kick,Goal kick,0.0,0.0,68.0,25.0
33,Huskies,Huskies_G1,,2H,1640.772779,Free Kick,Goal kick,0.0,0.0,68.0,5.0
33,Opponent16,Opponent16_G2,,2H,2170.4116919999997,Free Kick,Goal kick,100.0,100.0,68.0,81.0
33,Huskies,Huskies_G1,,2H,2350.843068,Free Kick,Goal kick,0.0,0.0,73.0,25.0
33,Opponent16,Opponent16_G2,,2H,2529.2658890000002,Free Kick,Goal kick,100.0,100.0,70.0,30.0
33,Opponent16,Opponent16_G2,,2H,2588.1433660000002,Free Kick,Goal kick,100.0,100.0,88.0,63.0
33,Opponent16,Opponent16_G2,,2H,2672.5960139999997,Free Kick,Goal kick,100.0,100.0,32.0,26.0
33,Opponent16,Opponent16_G2,,2H,2818.4114849999996,Free Kick,Goal kick,100.0,100.0,66.0,33.0
34,Opponent18,Opponent18_G1,,1H,141.235929,Free Kick,Goal kick,0.0,0.0,27.0,26.0
34,Huskies,Huskies_G1,,1H,1138.298309,Free Kick,Goal kick,100.0,100.0,72.0,29.0
34,Huskies,Huskies_G1,,1H,1326.086612,Free Kick,Goal kick,100.0,100.0,69.0,50.0
34,Opponent18,Opponent18_G1,,1H,1858.732899,Free Kick,Goal kick,0.0,0.0,74.0,69.0
34,Opponent18,Opponent18_G1,,1H,2399.717703,Free Kick,Goal kick,0.0,0.0,27.0,29.0
34,Huskies,Huskies_G1,,2H,268.60128399999985,Free Kick,Goal kick,100.0,100.0,71.0,14.0
34,Opponent18,Opponent18_G1,,2H,708.096642,Free Kick,Goal kick,0.0,0.0,46.0,89.0
34,Opponent18,Opponent18_G1,,2H,826.0593480000002,Free Kick,Goal kick,0.0,0.0,75.0,92.0
34,Opponent18,Opponent18_G1,,2H,969.554576,Free Kick,Goal kick,0.0,0.0,70.0,33.0
34,Huskies,Huskies_G1,,2H,1168.5460460000004,Free Kick,Goal kick,100.0,100.0,73.0,31.0
34,Opponent18,Opponent18_G1,,2H,1199.5266819999997,Free Kick,Goal kick,0.0,0.0,68.0,68.0
34,Huskies,Huskies_G1,,2H,1480.081228,Free Kick,Goal kick,100.0,100.0,73.0,32.0
34,Huskies,Huskies_G1,,2H,1962.6769279999999,Free Kick,Goal kick,100.0,100.0,66.0,35.0
34,Opponent18,Opponent18_G1,,2H,2167.464016,Free Kick,Goal kick,0.0,0.0,68.0,66.0
34,Opponent18,Opponent18_G1,,2H,2492.8852290000004,Free Kick,Goal kick,0.0,0.0,66.0,79.0
34,Opponent18,Opponent18_G1,,2H,2565.308358,Free Kick,Goal kick,0.0,0.0,58.0,83.0
35,Opponent17,Opponent17_G2,,1H,122.440891,Free Kick,Goal kick,100.0,100.0,66.0,44.0
35,Opponent17,Opponent17_G2,,1H,178.157745,Free Kick,Goal kick,100.0,100.0,68.0,87.0
35,Opponent17,Opponent17_G2,,1H,960.49913,Free Kick,Goal kick,100.0,100.0,61.0,21.0
35,Huskies,Huskies_G1,,1H,1309.31084,Free Kick,Goal kick,0.0,0.0,65.0,57.0
35,Huskies,Huskies_G1,,1H,1415.522638,Free Kick,Goal kick,0.0,0.0,24.0,73.0
35,Opponent17,Opponent17_G2,,1H,2086.731701,Free Kick,Goal kick,100.0,100.0,64.0,24.0
35,Huskies,Huskies_G1,,1H,2659.185341,Free Kick,Goal kick,0.0,0.0,71.0,73.0
35,Huskies,Huskies_G1,,2H,241.72289899999987,Free Kick,Goal kick,0.0,0.0,69.0,66.0
35,Opponent17,Opponent17_G2,,2H,585.1824179999999,Free Kick,Goal kick,100.0,100.0,66.0,28.0
35,Huskies,Huskies_G1,,2H,1126.6500019999999,Free Kick,Goal kick,0.0,0.0,67.0,82.0
35,Huskies,Huskies_G1,,2H,1455.1903490000004,Free Kick,Goal kick,0.0,0.0,70.0,64.0
35,Huskies,Huskies_G1,,2H,1778.8028020000002,Free Kick,Goal kick,0.0,0.0,78.0,89.0
35,Huskies,Huskies_G1,,2H,1900.1438479999997,Free Kick,Goal kick,0.0,0.0,72.0,27.0
35,Huskies,Huskies_G1,,2H,2504.7379440000004,Free Kick,Goal kick,0.0,0.0,68.0,43.0
36,Huskies,Huskies_G1,,1H,312.301656,Free Kick,Goal kick,100.0,100.0,68.0,48.0
36,Opponent15,Opponent15_G1,,1H,374.713798,Free Kick,Goal kick,0.0,0.0,44.0,19.0
36,Huskies,Huskies_G1,,1H,725.747311,Free Kick,Goal kick,100.0,100.0,69.0,55.0
36,Opponent15,Opponent15_G1,,1H,896.309774,Free Kick,Goal kick,0.0,0.0,5.0,17.0
36,Huskies,Huskies_G1,,1H,1225.198407,Free Kick,Goal kick,100.0,100.0,67.0,37.0
36,Huskies,Huskies_G1,,1H,1360.708143,Free Kick,Goal kick,100.0,100.0,68.0,34.0
36,Opponent15,Opponent15_G1,,1H,1490.58804,Free Kick,Goal kick,0.0,0.0,22.0,14.0
36,Opponent15,Opponent15_G1,,1H,1683.846478,Free Kick,Goal kick,0.0,0.0,36.0,75.0
36,Huskies,Huskies_G1,,1H,1824.870955,Free Kick,Goal kick,100.0,100.0,62.0,16.0
36,Huskies,Huskies_G1,,1H,1986.1855019999998,Free Kick,Goal kick,100.0,100.0,67.0,28.0
36,Huskies,Huskies_G1,,2H,342.94520999999986,Free Kick,Goal kick,100.0,100.0,71.0,52.0
36,Opponent15,Opponent15_G1,,2H,1410.1214719999998,Free Kick,Goal kick,0.0,0.0,40.0,0.0
36,Huskies,Huskies_G1,,2H,1801.7311019999997,Free Kick,Goal kick,100.0,100.0,71.0,60.0
36,Opponent15,Opponent15_G1,,2H,2106.598231,Free Kick,Goal kick,0.0,0.0,65.0,16.0
36,Opponent15,Opponent15_G1,,2H,2187.72279,Free Kick,Goal kick,0.0,0.0,68.0,29.0
36,Huskies,Huskies_G1,,2H,2375.85714,Free Kick,Goal kick,100.0,100.0,67.0,78.0
37,Opponent13,Opponent13_G2,,1H,194.57435800000002,Free Kick,Goal kick,100.0,100.0,63.0,11.0
37,Opponent13,Opponent13_G2,,1H,772.842313,Free Kick,Goal kick,100.0,100.0,18.0,27.0
37,Opponent13,Opponent13_G2,,1H,1288.937367,Free Kick,Goal kick,100.0,100.0,66.0,17.0
37,Opponent13,Opponent13_G2,,1H,1511.305564,Free Kick,Goal kick,100.0,100.0,68.0,28.0
37,Huskies,Huskies_G1,,1H,1579.20459,Free Kick,Goal kick,0.0,0.0,24.0,21.0
37,Huskies,Huskies_G1,,1H,1741.860545,Free Kick,Goal kick,0.0,0.0,70.0,67.0
37,Huskies,Huskies_G1,,1H,1807.843757,Free Kick,Goal kick,0.0,0.0,22.0,82.0
37,Huskies,Huskies_G1,,1H,1896.2677399999998,Free Kick,Goal kick,0.0,0.0,69.0,69.0
37,Huskies,Huskies_G1,,1H,1994.97093,Free Kick,Goal kick,0.0,0.0,22.0,86.0
37,Huskies,Huskies_G1,,2H,376.22241699999995,Free Kick,Goal kick,0.0,0.0,78.0,73.0
37,Opponent13,Opponent13_G2,,2H,885.2303590000001,Free Kick,Goal kick,100.0,100.0,51.0,50.0
37,Opponent13,Opponent13_G2,,2H,1014.4189620000002,Free Kick,Goal kick,100.0,100.0,64.0,16.0
37,Opponent13,Opponent13_G2,,2H,1252.370441,Free Kick,Goal kick,100.0,100.0,64.0,27.0
37,Opponent13,Opponent13_G2,,2H,1332.84188,Free Kick,Goal kick,100.0,100.0,71.0,15.0
37,Huskies,Huskies_G1,,2H,2093.7845230000003,Free Kick,Goal kick,0.0,0.0,72.0,52.0
37,Huskies,Huskies_G1,,2H,2216.9845880000003,Free Kick,Goal kick,0.0,0.0,67.0,69.0
37,Opponent13,Opponent13_G2,,2H,2435.164326,Free Kick,Goal kick,100.0,100.0,42.0,91.0
38,Huskies,Huskies_G1,,1H,77.20826,Free Kick,Goal kick,100.0,100.0,64.0,25.0
38,Opponent14,Opponent14_G2,,1H,211.054148,Free Kick,Goal kick,0.0,0.0,24.0,53.0
38,Opponent14,Opponent14_G2,,1H,1483.497962,Free Kick,Goal kick,0.0,0.0,27.0,37.0
38,Huskies,Huskies_G1,,1H,1563.05145,Free Kick,Goal kick,100.0,100.0,66.0,37.0
38,Huskies,Huskies_G1,,1H,1854.947809,Free Kick,Goal kick,100.0,100.0,51.0,59.0
38,Huskies,Huskies_G1,,1H,2161.55876,Free Kick,Goal kick,100.0,100.0,82.0,46.0
38,Opponent14,Opponent14_G2,,1H,2450.855064,Free Kick,Goal kick,0.0,0.0,64.0,90.0
38,Opponent14,Opponent14_G2,,1H,2701.866719,Free Kick,Goal kick,0.0,0.0,57.0,79.0
38,Huskies,Huskies_G1,,2H,684.4950119999999,Free Kick,Goal kick,100.0,100.0,68.0,91.0
38,Opponent14,Opponent14_G2,,2H,1547.2738650000001,Free Kick,Goal kick,0.0,0.0,58.0,75.0
38,Huskies,Huskies_G1,,2H,1839.6332389999998,Free Kick,Goal kick,100.0,100.0,68.0,79.0
38,Huskies,Huskies_G1,,2H,1994.9323539999996,Free Kick,Goal kick,100.0,100.0,62.0,61.0
38,Opponent14,Opponent14_G2,,2H,2181.0140499999998,Free Kick,Goal kick,0.0,0.0,54.0,79.0
