1,Opponent1,Opponent1_G1,Opponent1_F1,1H,92.21616,Pass,Launch,5.0,50.0,67.0,44.0
1,Huskies,Huskies_G1,,1H,169.31419699999998,Pass,Launch,5.0,45.0,47.0,89.0
1,Huskies,Huskies_G1,,1H,176.83919600000002,Pass,Launch,9.0,82.0,62.0,91.0
1,Huskies,Huskies_G1,,1H,263.911988,Pass,Launch,12.0,38.0,68.0,93.0
1,Huskies,Huskies_D2,,1H,882.9651289999999,Pass,Launch,33.0,54.0,61.0,21.0
1,Opponent1,Opponent1_G1,Opponent1_F3,1H,1228.919596,Pass,Launch,18.0,55.0,76.0,88.0
1,Opponent1,Opponent1_D2,,1H,1477.684556,Pass,Launch,35.0,48.0,50.0,87.0
1,Opponent1,Opponent1_D4,,1H,2255.856824,Pass,Launch,20.0,29.0,53.0,44.0
1,Huskies,Huskies_G1,,2H,58.91085000000021,Pass,Launch,9.0,49.0,67.0,87.0
1,Opponent1,Opponent1_G1,Opponent1_M1,2H,271.98976300000004,Pass,Launch,8.0,41.0,38.0,17.0
1,Opponent1,Opponent1_G1,Opponent1_F3,2H,447.99007900000015,Pass,Launch,24.0,58.0,67.0,91.0
1,Huskies,Huskies_D4,,2H,671.6166349999999,Pass,Launch,17.0,8.0,19.0,17.0
1,Opponent1,Opponent1_G1,,2H,702.6894820000002,Pass,Launch,6.0,56.0,59.0,59.0
1,Huskies,Huskies_F2,,2H,1322.1737979999998,Pass,Launch,16.0,85.0,52.0,65.0
1,Huskies,Huskies_F3,,2H,1666.1108999999997,Pass,Launch,20.0,18.0,29.0,44.0
1,Opponent1,Opponent1_G1,Opponent1_F4,2H,2141.280256,Pass,Launch,18.0,66.0,70.0,82.0
1,Huskies,Huskies_G1,,2H,2243.564286,Pass,Launch,21.0,53.0,71.0,58.0
1,Huskies,Huskies_M1,Huskies_G1,2H,2447.3452180000004,Pass,Launch,13.0,47.0,0.0,0.0
2,Huskies,Huskies_D1,,1H,99.313324,Pass,Launch,28.0,99.0,61.0,89.0
2,Huskies,Huskies_G1,,1H,355.142403,Pass,Launch,18.0,54.0,69.0,85.0
2,Huskies,Huskies_G1,,1H,446.757825,Pass,Launch,16.0,42.0,69.0,100.0
2,Huskies,Huskies_G1,,1H,535.810869,Pass,Launch,9.0,49.0,60.0,25.0
2,Opponent2,Opponent2_D4,,1H,646.032383,Pass,Launch,69.0,29.0,86.0,39.0
2,Huskies,Huskies_G1,,1H,763.806597,Pass,Launch,11.0,35.0,57.0,31.0
2,Huskies,Huskies_M3,,1H,767.942944,Pass,Launch,36.0,34.0,66.0,54.0
2,Huskies,Huskies_D3,Huskies_F2,1H,789.801191,Pass,Launch,33.0,8.0,67.0,7.0
2,Huskies,Huskies_G1,,1H,1125.654877,Pass,Launch,16.0,55.0,72.0,83.0
2,Huskies,Huskies_G1,,1H,1185.954372,Pass,Launch,12.0,54.0,52.0,82.0
2,Huskies,Huskies_G1,,1H,1255.07847,Pass,Launch,9.0,50.0,66.0,75.0
2,Huskies,Huskies_G1,,1H,1467.746283,Pass,Launch,6.0,31.0,29.0,13.0
2,Huskies,Huskies_D3,Huskies_F1,1H,1472.150902,Pass,Launch,27.0,20.0,62.0,26.0
2,Huskies,Huskies_G1,,1H,1629.635496,Pass,Launch,16.0,59.0,62.0,92.0
2,Huskies,Huskies_G1,,1H,2299.085913,Pass,Launch,13.0,68.0,43.0,75.0
2,Huskies,Huskies_G1,,1H,2524.491316,Pass,Launch,13.0,81.0,28.0,87.0
2,Huskies,Huskies_G1,Huskies_F2,1H,2793.572791,Pass,Launch,21.0,56.0,73.0,36.0
2,Huskies,Huskies_G1,,2H,45.449243000000024,Pass,Launch,11.0,54.0,57.0,81.0
2,Huskies,Huskies_G1,,2H,64.28057399999989,Pass,Launch,11.0,56.0,63.0,79.0
2,Huskies,Huskies_G1,,2H,87.82828000000018,Pass,Launch,8.0,43.0,59.0,82.0
2,Huskies,Huskies_G1,,2H,262.711683,Pass,Launch,9.0,53.0,72.0,100.0
2,Huskies,Huskies_G1,,2H,477.57764799999995,Pass,Launch,6.0,72.0,29.0,100.0
2,Huskies,Huskies_G1,,2H,558.5169780000001,Pass,Launch,3.0,9.0,42.0,0.0
2,Opponent2,Opponent2_G1,Opponent2_M3,2H,846.5162209999999,Pass,Launch,6.0,52.0,62.0,25.0
2,Huskies,Huskies_G1,Huskies_D3,2H,855.0141560000002,Pass,Launch,8.0,44.0,25.0,26.0
2,Huskies,Huskies_G1,,2H,1202.756609,Pass,Launch,9.0,49.0,95.0,96.0
2,Opponent2,Opponent2_D5,,2H,1211.8673870000002,Pass,Launch,37.0,73.0,71.0,10.0
2,Opponent2,Opponent2_D4,,2H,1227.1617020000003,Pass,Launch,11.0,38.0,41.0,9.0
2,Opponent2,Opponent2_D4,Opponent2_F3,2H,1657.981527,Pass,Launch,13.0,32.0,43.0,22.0
2,Opponent2,Opponent2_M1,Opponent2_F2,2H,1669.0095389999997,Pass,Launch,11.0,9.0,6.0,7.0
2,Opponent2,Opponent2_G1,,2H,1684.8415729999997,Pass,Launch,24.0,35.0,26.0,41.0
2,Huskies,Huskies_D3,,2H,2027.2457169999998,Pass,Launch,24.0,23.0,66.0,28.0
2,Huskies,Huskies_M2,,2H,2089.2719850000003,Pass,Launch,33.0,22.0,46.0,19.0
2,Huskies,Huskies_G1,,2H,2139.6917540000004,Pass,Launch,10.0,58.0,68.0,85.0
2,Huskies,Huskies_G1,,2H,2437.2944319999997,Pass,Launch,9.0,65.0,28.0,89.0
2,Huskies,Huskies_G1,,2H,2916.524746,Pass,Launch,14.0,41.0,73.0,100.0
2,Huskies,Huskies_D6,,2H,2936.4304110000003,Pass,Launch,31.0,93.0,59.0,90.0
3,Huskies,Huskies_M1,,1H,9.634149000000008,Pass,Launch,63.0,55.0,73.0,49.0
3,Huskies,Huskies_G1,,1H,40.589718000000005,Pass,Launch,4.0,33.0,37.0,0.0
3,Opponent3,Opponent3_G1,Opponent3_F1,1H,266.590994,Pass,Launch,13.0,44.0,66.0,36.0
3,Huskies,Huskies_G1,,1H,386.128251,Pass,Launch,9.0,54.0,38.0,92.0
3,Opponent3,Opponent3_G1,Opponent3_F1,1H,442.579465,Pass,Launch,10.0,55.0,54.0,50.0
3,Opponent3,Opponent3_D4,,1H,622.391386,Pass,Launch,27.0,23.0,33.0,61.0
3,Huskies,Huskies_G1,Huskies_F2,1H,696.721719,Pass,Launch,8.0,33.0,51.0,50.0
3,Huskies,Huskies_G1,,1H,814.076424,Pass,Launch,13.0,24.0,57.0,74.0
3,Huskies,Huskies_G1,,1H,896.3833810000001,Pass,Launch,10.0,70.0,74.0,74.0
3,Huskies,Huskies_G1,,1H,1197.728884,Pass,Launch,10.0,51.0,16.0,100.0
3,Huskies,Huskies_G1,Huskies_F3,1H,1267.207665,Pass,Launch,10.0,37.0,69.0,37.0
3,Opponent3,Opponent3_G1,Opponent3_F2,1H,1275.913373,Pass,Launch,7.0,46.0,62.0,31.0
3,Opponent3,Opponent3_G1,,1H,1780.749837,Pass,Launch,6.0,54.0,61.0,75.0
3,Opponent3,Opponent3_D2,,1H,1786.689593,Pass,Launch,35.0,94.0,66.0,66.0
3,Huskies,Huskies_G1,,1H,1794.191301,Pass,Launch,14.0,41.0,87.0,38.0
3,Huskies,Huskies_D3,,1H,1918.8448560000002,Pass,Launch,68.0,54.0,64.0,58.0
3,Huskies,Huskies_G1,,1H,2563.100309,Pass,Launch,7.0,74.0,62.0,79.0
3,Opponent3,Opponent3_D4,Opponent3_D3,1H,2798.458789,Pass,Launch,17.0,7.0,30.0,25.0
3,Opponent3,Opponent3_G1,,2H,547.8199960000002,Pass,Launch,4.0,45.0,44.0,30.0
3,Opponent3,Opponent3_G1,,2H,985.9564489999998,Pass,Launch,8.0,27.0,69.0,11.0
3,Opponent3,Opponent3_D2,,2H,1233.9092979999996,Pass,Launch,12.0,71.0,64.0,77.0
3,Huskies,Huskies_G1,,2H,1243.7940509999999,Pass,Launch,8.0,43.0,74.0,70.0
3,Huskies,Huskies_G1,Huskies_F1,2H,1969.996983,Pass,Launch,22.0,37.0,68.0,32.0
3,Huskies,Huskies_G1,Huskies_F1,2H,2551.819547,Pass,Launch,24.0,39.0,83.0,62.0
3,Opponent3,Opponent3_G1,Opponent3_F3,2H,2668.7204730000003,Pass,Launch,20.0,40.0,70.0,56.0
3,Huskies,Huskies_G1,Huskies_F1,2H,2683.8600969999998,Pass,Launch,8.0,43.0,72.0,75.0
3,Huskies,Huskies_G1,Huskies_F1,2H,2742.3239160000003,Pass,Launch,10.0,45.0,64.0,31.0
3,Opponent3,Opponent3_G1,,2H,2767.3742199999997,Pass,Launch,11.0,49.0,67.0,34.0
4,Opponent4,Opponent4_D5,,1H,135.174175,Pass,Launch,19.0,8.0,52.0,18.0
4,Huskies,Huskies_G1,Huskies_F2,1H,212.562823,Pass,Launch,8.0,44.0,65.0,30.0
4,Opponent4,Opponent4_G1,,1H,229.501788,Pass,Launch,5.0,48.0,69.0,92.0
4,Huskies,Huskies_G1,,1H,235.70152,Pass,Launch,20.0,35.0,78.0,67.0
4,Opponent4,Opponent4_G1,,1H,259.737609,Pass,Launch,6.0,53.0,36.0,100.0
4,Huskies,Huskies_G1,,1H,1148.920267,Pass,Launch,6.0,48.0,70.0,46.0
4,Huskies,Huskies_G1,Huskies_M6,1H,1310.297888,Pass,Launch,9.0,19.0,61.0,8.0
4,Opponent4,Opponent4_G1,,1H,1359.441494,Pass,Launch,7.0,50.0,62.0,28.0
4,Huskies,Huskies_G1,Huskies_F3,1H,2097.697291,Pass,Launch,11.0,45.0,66.0,33.0
4,Huskies,Huskies_G1,Huskies_F3,1H,2159.645807,Pass,Launch,10.0,47.0,64.0,26.0
4,Huskies,Huskies_G1,Huskies_F3,1H,2460.830827,Pass,Launch,5.0,38.0,62.0,28.0
4,Huskies,Huskies_G1,,1H,2742.277444,Pass,Launch,15.0,48.0,60.0,19.0
4,Huskies,Huskies_G1,,2H,21.172549999999774,Pass,Launch,12.0,65.0,39.0,15.0
4,Huskies,Huskies_G1,,2H,1431.3822410000002,Pass,Launch,7.0,24.0,53.0,49.0
4,Huskies,Huskies_G1,,2H,1471.1310759999997,Pass,Launch,14.0,54.0,70.0,74.0
4,Huskies,Huskies_G1,Huskies_F1,2H,1953.9204339999997,Pass,Launch,13.0,54.0,74.0,92.0
4,Opponent4,Opponent4_D3,,2H,1961.5816189999996,Pass,Launch,16.0,42.0,54.0,49.0
4,Huskies,Huskies_G1,,2H,2159.431173,Pass,Launch,10.0,65.0,46.0,57.0
4,Opponent4,Opponent4_G1,,2H,2425.389897,Pass,Launch,6.0,37.0,54.0,22.0
4,Opponent4,Opponent4_D5,Opponent4_M4,2H,2612.343742,Pass,Launch,25.0,9.0,98.0,97.0
4,Opponent4,Opponent4_D1,,2H,2654.617059,Pass,Launch,23.0,4.0,38.0,19.0
5,Huskies,Huskies_G1,Huskies_D4,1H,50.711738000000025,Pass,Launch,12.0,53.0,51.0,7.0
5,Huskies,Huskies_D3,,1H,132.05235299999998,Pass,Launch,22.0,24.0,43.0,24.0
5,Huskies,Huskies_G1,Huskies_F2,1H,408.08457899999996,Pass,Launch,4.0,52.0,46.0,76.0
5,Opponent5,Opponent5_G1,,1H,1041.471477,Pass,Launch,13.0,59.0,72.0,52.0
5,Huskies,Huskies_D5,,1H,1751.690124,Pass,Launch,34.0,72.0,66.0,42.0
5,Huskies,Huskies_G1,,1H,2004.496505,Pass,Launch,11.0,56.0,67.0,100.0
5,Huskies,Huskies_G1,Huskies_F2,1H,2089.570696,Pass,Launch,16.0,89.0,63.0,55.0
5,Opponent5,Opponent5_G1,,1H,2210.721835,Pass,Launch,10.0,42.0,55.0,26.0
5,Huskies,Huskies_D1,,1H,2483.460337,Pass,Launch,18.0,64.0,40.0,46.0
5,Huskies,Huskies_G1,Huskies_F2,1H,2714.084352,Pass,Launch,7.0,28.0,68.0,16.0
5,Opponent5,Opponent5_G1,Opponent5_F1,2H,1046.4340300000003,Pass,Launch,13.0,58.0,64.0,45.0
5,Huskies,Huskies_D5,Huskies_M6,2H,1328.9847280000004,Pass,Launch,46.0,93.0,52.0,71.0
5,Opponent5,Opponent5_D4,,2H,1675.3101960000004,Pass,Launch,31.0,45.0,69.0,49.0
5,Huskies,Huskies_G1,Huskies_F1,2H,1914.5472419999996,Pass,Launch,12.0,40.0,67.0,39.0
5,Opponent5,Opponent5_D2,,2H,2249.4795569999997,Pass,Launch,34.0,60.0,75.0,45.0
5,Huskies,Huskies_G1,Huskies_M5,2H,2555.2219489999998,Pass,Launch,10.0,64.0,56.0,37.0
5,Huskies,Huskies_G1,Huskies_F1,2H,2878.6639889999997,Pass,Launch,11.0,47.0,75.0,43.0
6,Huskies,Huskies_M6,Huskies_F1,1H,127.57554499999998,Pass,Launch,24.0,50.0,40.0,39.0
6,Opponent6,Opponent6_M3,,1H,317.90521,Pass,Launch,31.0,66.0,31.0,51.0
6,Huskies,Huskies_G1,,1H,449.563851,Pass,Launch,7.0,53.0,70.0,71.0
6,Huskies,Huskies_D5,,1H,479.11169500000005,Pass,Launch,10.0,61.0,57.0,50.0
6,Huskies,Huskies_D6,,1H,628.351207,Pass,Launch,32.0,81.0,70.0,98.0
6,Opponent6,Opponent6_G1,,1H,866.044161,Pass,Launch,5.0,31.0,48.0,49.0
6,Opponent6,Opponent6_G1,,1H,1074.344276,Pass,Launch,12.0,67.0,49.0,12.0
6,Opponent6,Opponent6_G1,Opponent6_F2,1H,1085.682156,Pass,Launch,4.0,29.0,56.0,22.0
6,Huskies,Huskies_D6,,1H,1514.541837,Pass,Launch,11.0,57.0,62.0,75.0
6,Huskies,Huskies_G1,,1H,1766.93336,Pass,Launch,15.0,31.0,71.0,73.0
6,Huskies,Huskies_D6,,1H,1913.376194,Pass,Launch,32.0,74.0,66.0,88.0
6,Huskies,Huskies_G1,,1H,1925.425495,Pass,Launch,4.0,44.0,69.0,67.0
6,Huskies,Huskies_M3,,1H,2087.494504,Pass,Launch,9.0,71.0,47.0,53.0
6,Huskies,Huskies_M1,,1H,2531.649881,Pass,Launch,15.0,53.0,28.0,73.0
6,Huskies,Huskies_G1,,2H,442.836331,Pass,Launch,6.0,56.0,56.0,40.0
6,Huskies,Huskies_D5,,2H,808.7176410000002,Pass,Launch,6.0,98.0,13.0,95.0
6,Huskies,Huskies_M1,,2H,1165.220475,Pass,Launch,10.0,25.0,56.0,27.0
6,Opponent6,Opponent6_D1,,2H,1635.1006189999998,Pass,Launch,12.0,15.0,45.0,38.0
6,Opponent6,Opponent6_G1,,2H,2290.6241849999997,Pass,Launch,13.0,52.0,68.0,36.0
6,Huskies,Huskies_G1,,2H,2550.5328579999996,Pass,Launch,15.0,39.0,74.0,85.0
7,Opponent7,Opponent7_G1,,1H,49.833872,Pass,Launch,17.0,55.0,74.0,64.0
7,Opponent7,Opponent7_G1,Opponent7_F1,1H,177.271791,Pass,Launch,15.0,46.0,76.0,18.0
7,Opponent7,Opponent7_D2,,1H,184.849427,Pass,Launch,56.0,24.0,65.0,29.0
7,Huskies,Huskies_G1,,1H,212.940351,Pass,Launch,9.0,48.0,69.0,40.0
7,Huskies,Huskies_G1,Huskies_M9,1H,910.978428,Pass,Launch,6.0,45.0,71.0,69.0
7,Huskies,Huskies_D5,Huskies_M6,1H,1071.901004,Pass,Launch,10.0,93.0,34.0,61.0
7,Opponent7,Opponent7_M2,,1H,1436.519296,Pass,Launch,16.0,14.0,71.0,11.0
7,Huskies,Huskies_G1,,1H,1446.564087,Pass,Launch,16.0,49.0,36.0,62.0
7,Huskies,Huskies_G1,,1H,1459.387294,Pass,Launch,24.0,20.0,86.0,100.0
7,Opponent7,Opponent7_G1,Opponent7_M4,1H,1507.225517,Pass,Launch,13.0,69.0,64.0,82.0
7,Huskies,Huskies_G1,Huskies_F1,1H,1542.058063,Pass,Launch,15.0,43.0,74.0,72.0
7,Huskies,Huskies_F1,,1H,1688.096877,Pass,Launch,12.0,58.0,68.0,3.0
7,Huskies,Huskies_G1,,1H,1744.685221,Pass,Launch,14.0,36.0,79.0,88.0
7,Opponent7,Opponent7_D4,,1H,2033.5529569999999,Pass,Launch,11.0,67.0,16.0,57.0
7,Huskies,Huskies_G1,Huskies_F1,1H,2095.201345,Pass,Launch,23.0,31.0,73.0,80.0
7,Opponent7,Opponent7_G1,,1H,2157.243744,Pass,Launch,13.0,65.0,70.0,62.0
7,Huskies,Huskies_G1,Huskies_F1,1H,2170.251373,Pass,Launch,6.0,60.0,55.0,52.0
7,Huskies,Huskies_G1,,1H,2228.734846,Pass,Launch,15.0,36.0,75.0,82.0
7,Opponent7,Opponent7_M4,Opponent7_F1,1H,2263.456146,Pass,Launch,15.0,87.0,47.0,80.0
7,Opponent7,Opponent7_G1,,1H,2341.101062,Pass,Launch,13.0,65.0,73.0,69.0
7,Opponent7,Opponent7_D3,,1H,2395.055367,Pass,Launch,14.0,62.0,42.0,88.0
7,Opponent7,Opponent7_G1,,1H,2575.335643,Pass,Launch,14.0,56.0,71.0,77.0
7,Opponent7,Opponent7_G1,Opponent7_M1,1H,2696.64756,Pass,Launch,13.0,76.0,67.0,62.0
7,Opponent7,Opponent7_G1,,2H,64.18897199999992,Pass,Launch,15.0,52.0,97.0,24.0
7,Opponent7,Opponent7_M4,,2H,136.24504800000022,Pass,Launch,11.0,79.0,29.0,80.0
7,Huskies,Huskies_D2,,2H,241.10675700000002,Pass,Launch,7.0,41.0,27.0,29.0
7,Huskies,Huskies_G1,,2H,586.172231,Pass,Launch,5.0,56.0,65.0,76.0
7,Opponent7,Opponent7_G1,,2H,616.8350169999999,Pass,Launch,13.0,48.0,72.0,25.0
7,Opponent7,Opponent7_M5,,2H,978.2125329999999,Pass,Launch,17.0,34.0,62.0,8.0
7,Huskies,Huskies_G1,,2H,1090.909694,Pass,Launch,15.0,64.0,73.0,70.0
7,Opponent7,Opponent7_D3,,2H,1097.12561,Pass,Launch,18.0,43.0,69.0,25.0
7,Opponent7,Opponent7_M3,,2H,1197.278883,Pass,Launch,12.0,68.0,38.0,85.0
7,Huskies,Huskies_G1,,2H,1469.0706929999997,Pass,Launch,13.0,57.0,73.0,45.0
7,Opponent7,Opponent7_G1,,2H,1620.917407,Pass,Launch,14.0,39.0,73.0,27.0
7,Opponent7,Opponent7_M1,Opponent7_F1,2H,1880.147965,Pass,Launch,30.0,23.0,60.0,21.0
7,Opponent7,Opponent7_D3,,2H,1946.717227,Pass,Launch,12.0,47.0,58.0,39.0
7,Huskies,Huskies_M6,,2H,2301.925722,Pass,Launch,10.0,9.0,42.0,6.0
7,Opponent7,Opponent7_G1,,2H,2487.630679,Pass,Launch,16.0,53.0,70.0,30.0
7,Huskies,Huskies_M4,,2H,2803.870148,Pass,Launch,43.0,92.0,79.0,95.0
8,Opponent8,Opponent8_D2,,1H,138.57460099999997,Pass,Launch,31.0,97.0,59.0,100.0
8,Huskies,Huskies_M3,,1H,161.641508,Pass,Launch,57.0,29.0,86.0,45.0
8,Opponent8,Opponent8_D4,,1H,386.253912,Pass,Launch,37.0,33.0,42.0,28.0
8,Huskies,Huskies_D3,,1H,519.925186,Pass,Launch,42.0,59.0,77.0,82.0
8,Opponent8,Opponent8_D4,,1H,528.557252,Pass,Launch,26.0,5.0,52.0,57.0
8,Opponent8,Opponent8_G1,Opponent8_F1,1H,595.505887,Pass,Launch,4.0,65.0,53.0,88.0
8,Huskies,Huskies_D6,,1H,669.022081,Pass,Launch,1.0,71.0,33.0,60.0
8,Huskies,Huskies_G1,,1H,755.590474,Pass,Launch,7.0,33.0,57.0,25.0
8,Opponent8,Opponent8_G1,Opponent8_F1,1H,931.5248039999999,Pass,Launch,12.0,39.0,71.0,41.0
8,Opponent8,Opponent8_G1,Opponent8_M2,1H,1193.184676,Pass,Launch,14.0,35.0,55.0,35.0
8,Opponent8,Opponent8_D1,,1H,1295.299904,Pass,Launch,15.0,88.0,15.0,93.0
8,Opponent8,Opponent8_D3,,1H,1507.163063,Pass,Launch,57.0,2.0,80.0,15.0
8,Opponent8,Opponent8_G1,Opponent8_F1,1H,1727.981028,Pass,Launch,15.0,61.0,73.0,64.0
8,Opponent8,Opponent8_G1,Opponent8_F1,1H,1781.131827,Pass,Launch,11.0,42.0,66.0,30.0
8,Opponent8,Opponent8_D4,Opponent8_M2,1H,1935.9665730000002,Pass,Launch,22.0,2.0,67.0,38.0
8,Huskies,Huskies_D3,,1H,2047.265606,Pass,Launch,32.0,12.0,79.0,0.0
8,Opponent8,Opponent8_D3,,1H,2244.556527,Pass,Launch,16.0,21.0,38.0,39.0
8,Huskies,Huskies_G1,,1H,2262.396739,Pass,Launch,13.0,35.0,65.0,25.0
8,Opponent8,Opponent8_G1,Opponent8_F1,1H,2445.961151,Pass,Launch,14.0,62.0,70.0,70.0
8,Opponent8,Opponent8_G1,,1H,2575.825241,Pass,Launch,19.0,32.0,65.0,16.0
8,Huskies,Huskies_D3,,1H,2682.676623,Pass,Launch,34.0,81.0,65.0,88.0
8,Opponent8,Opponent8_M1,Opponent8_F1,1H,2702.855625,Pass,Launch,23.0,19.0,37.0,3.0
8,Huskies,Huskies_G1,,2H,12.024758999999904,Pass,Launch,10.0,50.0,70.0,34.0
8,Opponent8,Opponent8_D3,,2H,148.1399339999998,Pass,Launch,5.0,27.0,50.0,46.0
8,Opponent8,Opponent8_G1,Opponent8_F1,2H,169.16473600000018,Pass,Launch,15.0,69.0,68.0,49.0
8,Opponent8,Opponent8_G1,,2H,570.4794390000002,Pass,Launch,20.0,40.0,64.0,66.0
8,Opponent8,Opponent8_M2,,2H,666.1781649999998,Pass,Launch,55.0,88.0,76.0,46.0
8,Huskies,Huskies_G1,,2H,679.593723,Pass,Launch,24.0,54.0,66.0,89.0
8,Opponent8,Opponent8_G1,Opponent8_F1,2H,1008.678488,Pass,Launch,13.0,78.0,65.0,88.0
8,Opponent8,Opponent8_D1,,2H,1212.6764890000004,Pass,Launch,29.0,76.0,76.0,36.0
8,Huskies,Huskies_G1,Huskies_F2,2H,2139.5155860000004,Pass,Launch,7.0,43.0,53.0,87.0
8,Opponent8,Opponent8_D5,Opponent8_M2,2H,2293.542517,Pass,Launch,6.0,77.0,59.0,88.0
8,Opponent8,Opponent8_D1,,2H,2368.530613,Pass,Launch,38.0,88.0,71.0,31.0
8,Opponent8,Opponent8_D1,Opponent8_M3,2H,2802.992206,Pass,Launch,58.0,69.0,56.0,33.0
9,Opponent9,Opponent9_G1,Opponent9_F1,1H,94.21169200000003,Pass,Launch,14.0,42.0,64.0,3.0
9,Opponent9,Opponent9_G1,,1H,186.79814399999998,Pass,Launch,25.0,49.0,75.0,70.0
9,Huskies,Huskies_G1,,1H,300.381844,Pass,Launch,15.0,50.0,72.0,72.0
9,Huskies,Huskies_G1,,1H,514.370146,Pass,Launch,14.0,55.0,74.0,81.0
9,Opponent9,Opponent9_D4,Opponent9_D1,1H,520.136493,Pass,Launch,36.0,16.0,26.0,24.0
9,Huskies,Huskies_G1,,1H,645.71972,Pass,Launch,25.0,35.0,79.0,68.0
9,Huskies,Huskies_M1,,1H,780.880385,Pass,Launch,29.0,87.0,55.0,100.0
9,Huskies,Huskies_G1,,1H,1339.349327,Pass,Launch,10.0,49.0,61.0,100.0
9,Huskies,Huskies_G1,,1H,1485.311151,Pass,Launch,19.0,46.0,77.0,86.0
9,Opponent9,Opponent9_D4,Opponent9_F2,1H,1534.387078,Pass,Launch,13.0,2.0,38.0,10.0
9,Huskies,Huskies_G1,,1H,1763.060328,Pass,Launch,9.0,53.0,69.0,97.0
9,Opponent9,Opponent9_G1,,1H,1778.942045,Pass,Launch,2.0,36.0,39.0,29.0
9,Huskies,Huskies_G1,Huskies_F1,1H,1890.301904,Pass,Launch,14.0,47.0,75.0,76.0
9,Huskies,Huskies_G1,,1H,2175.244795,Pass,Launch,15.0,53.0,60.0,100.0
9,Huskies,Huskies_G1,,1H,2231.302576,Pass,Launch,21.0,46.0,71.0,68.0
9,Huskies,Huskies_D4,,1H,2567.957142,Pass,Launch,23.0,11.0,56.0,55.0
9,Opponent9,Opponent9_D5,,1H,2616.820623,Pass,Launch,71.0,49.0,88.0,56.0
9,Opponent9,Opponent9_D2,Opponent9_M3,1H,2732.234445,Pass,Launch,16.0,23.0,27.0,41.0
9,Opponent9,Opponent9_D2,,2H,10.857997999999952,Pass,Launch,5.0,10.0,43.0,16.0
9,Huskies,Huskies_G1,,2H,51.30351000000019,Pass,Launch,15.0,44.0,76.0,60.0
9,Opponent9,Opponent9_G1,,2H,205.06247900000017,Pass,Launch,23.0,60.0,87.0,68.0
9,Opponent9,Opponent9_D4,Opponent9_M3,2H,629.8485529999998,Pass,Launch,26.0,24.0,28.0,33.0
9,Huskies,Huskies_G1,,2H,696.408187,Pass,Launch,29.0,16.0,69.0,56.0
9,Opponent9,Opponent9_G1,,2H,736.8417850000001,Pass,Launch,4.0,41.0,63.0,14.0
9,Opponent9,Opponent9_D1,,2H,1005.8902859999998,Pass,Launch,15.0,32.0,45.0,74.0
9,Huskies,Huskies_G1,,2H,1099.560665,Pass,Launch,14.0,44.0,57.0,57.0
9,Opponent9,Opponent9_G1,Opponent9_M1,2H,1181.2624210000004,Pass,Launch,12.0,42.0,67.0,68.0
9,Huskies,Huskies_D4,Huskies_F1,2H,1189.3311940000003,Pass,Launch,27.0,7.0,59.0,28.0
9,Huskies,Huskies_G1,,2H,1264.1930659999998,Pass,Launch,25.0,42.0,98.0,21.0
9,Opponent9,Opponent9_D3,,2H,1519.2599719999998,Pass,Launch,17.0,74.0,31.0,62.0
9,Huskies,Huskies_G1,,2H,1671.9114630000004,Pass,Launch,11.0,58.0,68.0,77.0
9,Huskies,Huskies_G1,,2H,1945.4924890000002,Pass,Launch,14.0,64.0,77.0,33.0
9,Opponent9,Opponent9_D1,,2H,2348.5659480000004,Pass,Launch,22.0,31.0,29.0,27.0
9,Opponent9,Opponent9_G1,Opponent9_M2,2H,2495.732967,Pass,Launch,11.0,40.0,52.0,35.0
9,Huskies,Huskies_G1,,2H,2945.2104209999998,Pass,Launch,17.0,10.0,71.0,0.0
10,Huskies,Huskies_G1,,1H,28.659515,Pass,Launch,8.0,63.0,62.0,62.0
10,Huskies,Huskies_G1,,1H,162.702924,Pass,Launch,5.0,67.0,48.0,86.0
10,Huskies,Huskies_G1,Huskies_F1,1H,363.72841600000004,Pass,Launch,8.0,70.0,66.0,83.0
10,Huskies,Huskies_D3,,1H,380.013145,Pass,Launch,30.0,75.0,41.0,95.0
10,Huskies,Huskies_M1,Huskies_M8,1H,1342.525227,Pass,Launch,29.0,62.0,37.0,94.0
10,Opponent10,Opponent10_D4,Opponent10_F1,1H,1798.015442,Pass,Launch,23.0,2.0,45.0,14.0
10,Opponent10,Opponent10_D4,,1H,1854.5918849999998,Pass,Launch,54.0,5.0,75.0,4.0
10,Huskies,Huskies_G1,Huskies_M4,1H,2065.028298,Pass,Launch,24.0,74.0,38.0,47.0
10,Opponent10,Opponent10_G1,,1H,2360.863979,Pass,Launch,12.0,42.0,66.0,25.0
10,Opponent10,Opponent10_G1,Opponent10_F1,1H,2371.102629,Pass,Launch,9.0,49.0,62.0,22.0
10,Opponent10,Opponent10_G1,Opponent10_F1,1H,2578.956015,Pass,Launch,13.0,46.0,65.0,41.0
10,Opponent10,Opponent10_G1,Opponent10_D1,1H,2796.99447,Pass,Launch,17.0,52.0,68.0,84.0
10,Huskies,Huskies_G1,,1H,2822.533964,Pass,Launch,7.0,36.0,100.0,100.0
10,Opponent10,Opponent10_G1,Opponent10_D3,2H,277.3136880000002,Pass,Launch,6.0,33.0,34.0,30.0
10,Huskies,Huskies_G1,,2H,830.5003919999999,Pass,Launch,30.0,48.0,76.0,100.0
10,Opponent10,Opponent10_G1,Opponent10_D3,2H,1012.9443099999999,Pass,Launch,9.0,49.0,55.0,26.0
10,Opponent10,Opponent10_G1,,2H,1056.743077,Pass,Launch,10.0,76.0,41.0,53.0
10,Huskies,Huskies_G1,,2H,1572.0369179999998,Pass,Launch,26.0,52.0,72.0,21.0
10,Opponent10,Opponent10_M4,,2H,1652.988722,Pass,Launch,28.0,32.0,36.0,68.0
10,Huskies,Huskies_M1,Huskies_M1,2H,1654.8325160000004,Pass,Launch,64.0,32.0,69.0,25.0
10,Huskies,Huskies_G1,Huskies_F1,2H,2087.1079360000003,Pass,Launch,11.0,65.0,59.0,64.0
10,Huskies,Huskies_G1,,2H,2200.278959,Pass,Launch,27.0,31.0,72.0,76.0
10,Huskies,Huskies_G1,,2H,2419.9662390000003,Pass,Launch,38.0,7.0,80.0,41.0
10,Opponent10,Opponent10_G1,Opponent10_F1,2H,2509.039568,Pass,Launch,4.0,63.0,38.0,65.0
10,Huskies,Huskies_G1,,2H,2542.261385,Pass,Launch,25.0,62.0,71.0,6.0
10,Huskies,Huskies_G1,,2H,2567.335021,Pass,Launch,31.0,18.0,74.0,62.0
11,Opponent11,Opponent11_G1,,1H,178.29352899999998,Pass,Launch,5.0,36.0,8.0,0.0
11,Huskies,Huskies_M6,Huskies_D3,1H,246.867298,Pass,Launch,7.0,75.0,0.0,0.0
11,Huskies,Huskies_D3,,1H,292.444655,Pass,Launch,40.0,85.0,90.0,58.0
11,Huskies,Huskies_G1,Huskies_M4,1H,435.22445600000003,Pass,Launch,17.0,55.0,74.0,14.0
11,Opponent11,Opponent11_D3,Opponent11_F2,1H,483.386023,Pass,Launch,45.0,48.0,65.0,46.0
11,Opponent11,Opponent11_D2,,1H,596.854925,Pass,Launch,18.0,2.0,55.0,0.0
11,Opponent11,Opponent11_G1,Opponent11_M4,1H,704.740612,Pass,Launch,5.0,65.0,37.0,91.0
11,Huskies,Huskies_D7,,1H,726.495299,Pass,Launch,6.0,96.0,12.0,93.0
11,Opponent11,Opponent11_G1,Opponent11_M3,1H,800.755756,Pass,Launch,11.0,55.0,54.0,81.0
11,Huskies,Huskies_G1,,1H,817.43673,Pass,Launch,10.0,65.0,66.0,86.0
11,Huskies,Huskies_G1,,1H,1525.248123,Pass,Launch,26.0,34.0,83.0,55.0
11,Opponent11,Opponent11_F1,Opponent11_M1,1H,1563.15775,Pass,Launch,14.0,6.0,25.0,14.0
11,Opponent11,Opponent11_M1,,1H,1569.281371,Pass,Launch,19.0,9.0,18.0,5.0
11,Opponent11,Opponent11_D2,,1H,1720.955292,Pass,Launch,22.0,8.0,47.0,15.0
11,Huskies,Huskies_G1,,1H,1731.344786,Pass,Launch,10.0,30.0,70.0,75.0
11,Huskies,Huskies_G1,,1H,1835.442425,Pass,Launch,12.0,37.0,65.0,72.0
11,Opponent11,Opponent11_D4,Opponent11_F1,1H,1964.8984850000002,Pass,Launch,33.0,17.0,69.0,3.0
11,Huskies,Huskies_G1,,1H,1974.425138,Pass,Launch,4.0,59.0,60.0,72.0
11,Opponent11,Opponent11_D4,Opponent11_F2,1H,2127.543386,Pass,Launch,49.0,3.0,72.0,38.0
11,Huskies,Huskies_G1,,1H,2256.777496,Pass,Launch,16.0,52.0,86.0,90.0
11,Huskies,Huskies_G1,,1H,2367.347381,Pass,Launch,14.0,53.0,73.0,65.0
11,Opponent11,Opponent11_D2,Opponent11_M1,1H,2379.225352,Pass,Launch,9.0,11.0,31.0,28.0
11,Huskies,Huskies_G1,,1H,2623.972849,Pass,Launch,6.0,51.0,65.0,54.0
11,Opponent11,Opponent11_G1,,1H,2633.520481,Pass,Launch,10.0,63.0,34.0,65.0
11,Opponent11,Opponent11_M2,,2H,11.847819000000072,Pass,Launch,21.0,78.0,50.0,98.0
11,Opponent11,Opponent11_M2,,2H,95.57602799999995,Pass,Launch,18.0,80.0,36.0,84.0
11,Opponent11,Opponent11_D3,Opponent11_F2,2H,101.93541000000005,Pass,Launch,23.0,81.0,46.0,75.0
11,Opponent11,Opponent11_G1,Opponent11_M3,2H,220.05283400000008,Pass,Launch,19.0,60.0,65.0,98.0
11,Huskies,Huskies_G1,Huskies_M4,2H,362.9977960000001,Pass,Launch,3.0,59.0,41.0,85.0
11,Opponent11,Opponent11_M2,,2H,443.97598100000005,Pass,Launch,34.0,72.0,59.0,69.0
11,Huskies,Huskies_D3,,2H,467.3015270000001,Pass,Launch,22.0,84.0,79.0,87.0
11,Huskies,Huskies_G1,,2H,1261.0475239999996,Pass,Launch,3.0,61.0,39.0,64.0
11,Huskies,Huskies_D7,Huskies_F1,2H,1398.4542849999998,Pass,Launch,23.0,75.0,54.0,73.0
11,Opponent11,Opponent11_D2,Opponent11_D4,2H,1403.045357,Pass,Launch,35.0,27.0,36.0,19.0
11,Huskies,Huskies_M1,Huskies_M6,2H,1560.7862999999998,Pass,Launch,21.0,63.0,46.0,47.0
11,Opponent11,Opponent11_D1,,2H,1638.5105439999998,Pass,Launch,16.0,93.0,39.0,88.0
11,Huskies,Huskies_D7,,2H,1797.0398519999999,Pass,Launch,15.0,76.0,30.0,58.0
11,Opponent11,Opponent11_D1,Opponent11_D4,2H,2150.6881789999998,Pass,Launch,33.0,97.0,34.0,58.0
11,Huskies,Huskies_G1,,2H,2163.69257,Pass,Launch,3.0,29.0,50.0,32.0
11,Huskies,Huskies_D3,Huskies_D7,2H,2286.1067540000004,Pass,Launch,52.0,91.0,45.0,75.0
11,Opponent11,Opponent11_D1,,2H,2453.5269390000003,Pass,Launch,11.0,92.0,28.0,100.0
11,Opponent11,Opponent11_M3,,2H,2618.7080720000004,Pass,Launch,30.0,84.0,42.0,79.0
11,Opponent11,Opponent11_D1,Opponent11_F3,2H,2901.8351780000003,Pass,Launch,22.0,79.0,50.0,50.0
11,Huskies,Huskies_D1,,2H,2904.4406280000003,Pass,Launch,36.0,42.0,57.0,93.0
11,Opponent11,Opponent11_M3,Opponent11_M1,2H,2967.249611,Pass,Launch,35.0,70.0,37.0,62.0
11,Opponent11,Opponent11_G2,,2H,3053.79676,Pass,Launch,11.0,61.0,64.0,64.0
11,Huskies,Huskies_D3,Huskies_M1,2H,3142.55808,Pass,Launch,15.0,68.0,23.0,62.0
11,Huskies,Huskies_D7,Huskies_M8,2H,3148.6717790000002,Pass,Launch,11.0,68.0,25.0,85.0
11,Opponent11,Opponent11_G2,Opponent11_F3,2H,3166.5744029999996,Pass,Launch,11.0,49.0,63.0,62.0
11,Huskies,Huskies_G1,Huskies_F1,2H,3214.215491,Pass,Launch,14.0,42.0,67.0,10.0
12,Huskies,Huskies_G1,,1H,6.511638000000005,Pass,Launch,8.0,47.0,69.0,25.0
12,Opponent12,Opponent12_M5,,1H,122.49353500000001,Pass,Launch,33.0,14.0,46.0,17.0
12,Huskies,Huskies_G1,,1H,223.45664499999998,Pass,Launch,13.0,55.0,62.0,64.0
12,Opponent12,Opponent12_D1,,1H,391.336234,Pass,Launch,65.0,62.0,79.0,72.0
12,Opponent12,Opponent12_G1,Opponent12_D4,1H,419.478605,Pass,Launch,6.0,49.0,35.0,21.0
12,Huskies,Huskies_M8,,1H,442.114279,Pass,Launch,23.0,68.0,34.0,28.0
12,Huskies,Huskies_G1,,1H,525.666987,Pass,Launch,15.0,41.0,74.0,29.0
12,Huskies,Huskies_G1,,1H,590.510757,Pass,Launch,14.0,49.0,74.0,75.0
12,Opponent12,Opponent12_D4,,1H,706.469918,Pass,Launch,39.0,19.0,76.0,11.0
12,Huskies,Huskies_D3,,1H,811.369954,Pass,Launch,13.0,73.0,72.0,57.0
12,Huskies,Huskies_G1,,1H,889.1860200000001,Pass,Launch,14.0,44.0,74.0,29.0
12,Opponent12,Opponent12_G1,,1H,1467.741632,Pass,Launch,9.0,48.0,48.0,47.0
12,Opponent12,Opponent12_G1,Opponent12_M3,1H,1488.933567,Pass,Launch,4.0,73.0,52.0,68.0
12,Huskies,Huskies_G1,,1H,1536.368427,Pass,Launch,2.0,33.0,47.0,19.0
12,Opponent12,Opponent12_G1,Opponent12_M4,1H,1757.792197,Pass,Launch,13.0,39.0,65.0,29.0
12,Huskies,Huskies_D3,Huskies_F4,1H,1768.100451,Pass,Launch,26.0,77.0,70.0,50.0
12,Huskies,Huskies_M3,,1H,2244.758688,Pass,Launch,10.0,13.0,31.0,43.0
12,Opponent12,Opponent12_G1,,1H,2372.068575,Pass,Launch,4.0,32.0,41.0,28.0
12,Huskies,Huskies_G1,,2H,106.42775500000016,Pass,Launch,8.0,38.0,70.0,54.0
12,Huskies,Huskies_G1,,2H,182.72510300000022,Pass,Launch,17.0,42.0,97.0,100.0
12,Opponent12,Opponent12_G1,,2H,267.9479409999999,Pass,Launch,5.0,40.0,44.0,29.0
12,Huskies,Huskies_D4,,2H,795.4571270000001,Pass,Launch,22.0,6.0,63.0,30.0
12,Opponent12,Opponent12_G1,Opponent12_M4,2H,802.641791,Pass,Launch,14.0,59.0,60.0,37.0
12,Huskies,Huskies_G1,,2H,1667.6702969999997,Pass,Launch,11.0,40.0,68.0,33.0
12,Opponent12,Opponent12_G1,Opponent12_F1,2H,2187.9800830000004,Pass,Launch,14.0,49.0,67.0,59.0
12,Huskies,Huskies_G1,,2H,2316.1319249999997,Pass,Launch,13.0,32.0,67.0,33.0
12,Huskies,Huskies_F1,,2H,2475.7720740000004,Pass,Launch,30.0,94.0,42.0,69.0
12,Huskies,Huskies_G1,,2H,2593.431839,Pass,Launch,13.0,55.0,72.0,82.0
12,Huskies,Huskies_D4,Huskies_F4,2H,2652.1540880000002,Pass,Launch,23.0,31.0,63.0,62.0
12,Opponent12,Opponent12_G1,Opponent12_D3,2H,2787.302377,Pass,Launch,30.0,43.0,73.0,61.0
12,Huskies,Huskies_D4,,2H,2828.8829880000003,Pass,Launch,22.0,9.0,35.0,29.0
12,Opponent12,Opponent12_G1,Opponent12_M7,2H,2852.620392,Pass,Launch,11.0,58.0,52.0,46.0
13,Huskies,Huskies_G1,Huskies_F1,1H,52.407263,Pass,Launch,9.0,43.0,61.0,18.0
13,Huskies,Huskies_G1,Huskies_F1,1H,261.696709,Pass,Launch,14.0,70.0,78.0,52.0
13,Opponent13,Opponent13_M3,,1H,412.754872,Pass,Launch,30.0,62.0,35.0,20.0
13,Huskies,Huskies_G1,Huskies_F1,1H,827.8128770000001,Pass,Launch,14.0,53.0,78.0,29.0
13,Opponent13,Opponent13_G1,,1H,869.106092,Pass,Launch,7.0,50.0,89.0,51.0
13,Huskies,Huskies_G1,,1H,889.3137630000001,Pass,Launch,9.0,46.0,70.0,67.0
13,Huskies,Huskies_G1,Huskies_F1,1H,973.845597,Pass,Launch,13.0,38.0,63.0,23.0
13,Huskies,Huskies_D4,,1H,1263.623186,Pass,Launch,31.0,26.0,74.0,37.0
13,Huskies,Huskies_G1,Huskies_M8,1H,1355.677329,Pass,Launch,10.0,63.0,39.0,89.0
13,Opponent13,Opponent13_M5,Opponent13_F1,1H,1591.996853,Pass,Launch,35.0,32.0,54.0,47.0
13,Huskies,Huskies_G1,Huskies_F1,1H,1626.260725,Pass,Launch,7.0,43.0,56.0,44.0
13,Huskies,Huskies_G1,Huskies_F1,1H,2138.52825,Pass,Launch,10.0,44.0,62.0,52.0
13,Opponent13,Opponent13_D2,,1H,2601.500453,Pass,Launch,32.0,55.0,69.0,43.0
13,Huskies,Huskies_G1,Huskies_D7,1H,2782.776661,Pass,Launch,11.0,69.0,68.0,10.0
13,Huskies,Huskies_G1,Huskies_F1,2H,56.17012199999999,Pass,Launch,13.0,33.0,70.0,33.0
13,Opponent13,Opponent13_G1,,2H,1364.59328,Pass,Launch,1.0,60.0,52.0,56.0
13,Opponent13,Opponent13_D3,Opponent13_D3,2H,1524.2364479999997,Pass,Launch,11.0,90.0,14.0,100.0
13,Opponent13,Opponent13_G1,,2H,1591.7469090000004,Pass,Launch,10.0,62.0,38.0,73.0
13,Opponent13,Opponent13_G1,,2H,1981.2849500000002,Pass,Launch,16.0,43.0,65.0,26.0
13,Huskies,Huskies_G1,Huskies_F1,2H,1990.5564029999996,Pass,Launch,15.0,46.0,66.0,72.0
13,Opponent13,Opponent13_M2,,2H,2048.4689829999998,Pass,Launch,27.0,41.0,59.0,21.0
13,Huskies,Huskies_G1,Huskies_F1,2H,2150.4577660000004,Pass,Launch,13.0,39.0,63.0,44.0
13,Opponent13,Opponent13_G1,,2H,2193.305966,Pass,Launch,12.0,54.0,73.0,31.0
13,Opponent13,Opponent13_D1,,2H,2566.234955,Pass,Launch,26.0,56.0,38.0,54.0
13,Opponent13,Opponent13_G1,,2H,2639.606884,Pass,Launch,9.0,45.0,55.0,25.0
14,Opponent14,Opponent14_D2,,1H,64.23747,Pass,Launch,24.0,10.0,48.0,45.0
14,Huskies,Huskies_G1,Huskies_F1,1H,75.42691500000001,Pass,Launch,6.0,33.0,60.0,53.0
14,Huskies,Huskies_G1,Huskies_F1,1H,488.696094,Pass,Launch,9.0,30.0,74.0,37.0
14,Opponent14,Opponent14_G1,,1H,506.514446,Pass,Launch,15.0,64.0,90.0,100.0
14,Opponent14,Opponent14_D4,,1H,681.107709,Pass,Launch,28.0,38.0,67.0,10.0
14,Huskies,Huskies_G1,Huskies_F1,1H,709.30096,Pass,Launch,25.0,42.0,76.0,94.0
14,Opponent14,Opponent14_D3,,1H,718.307934,Pass,Launch,17.0,25.0,61.0,29.0
14,Huskies,Huskies_G1,,1H,885.1131700000001,Pass,Launch,12.0,52.0,76.0,65.0
14,Huskies,Huskies_G1,Huskies_F1,1H,1221.445286,Pass,Launch,10.0,43.0,62.0,75.0
14,Opponent14,Opponent14_G1,,1H,1230.349327,Pass,Launch,3.0,47.0,57.0,16.0
14,Opponent14,Opponent14_G1,,1H,1391.616588,Pass,Launch,5.0,57.0,63.0,11.0
14,Huskies,Huskies_G1,,1H,1497.35751,Pass,Launch,14.0,53.0,66.0,74.0
14,Opponent14,Opponent14_G1,,1H,1784.124127,Pass,Launch,6.0,41.0,62.0,35.0
14,Opponent14,Opponent14_D3,,1H,2451.595554,Pass,Launch,15.0,31.0,39.0,36.0
14,Opponent14,Opponent14_G1,,1H,2469.066465,Pass,Launch,2.0,55.0,58.0,47.0
14,Huskies,Huskies_G1,Huskies_F1,1H,2536.945964,Pass,Launch,8.0,64.0,55.0,53.0
14,Opponent14,Opponent14_D3,,1H,2767.660916,Pass,Launch,62.0,44.0,69.0,33.0
14,Huskies,Huskies_G1,,2H,86.36492799999996,Pass,Launch,10.0,35.0,72.0,27.0
14,Opponent14,Opponent14_G1,Opponent14_F3,2H,100.12764100000004,Pass,Launch,15.0,58.0,67.0,75.0
14,Huskies,Huskies_G1,,2H,156.86403999999993,Pass,Launch,7.0,42.0,71.0,100.0
14,Opponent14,Opponent14_D4,Opponent14_F3,2H,655.5982220000001,Pass,Launch,30.0,37.0,54.0,28.0
14,Huskies,Huskies_G1,,2H,880.3162579999998,Pass,Launch,7.0,34.0,53.0,52.0
14,Opponent14,Opponent14_G1,,2H,1055.188889,Pass,Launch,6.0,28.0,60.0,41.0
14,Huskies,Huskies_F2,Huskies_F1,2H,1081.9361070000004,Pass,Launch,11.0,59.0,55.0,53.0
14,Huskies,Huskies_G1,,2H,1131.9425270000002,Pass,Launch,7.0,26.0,72.0,17.0
14,Opponent14,Opponent14_G1,,2H,1143.1147700000001,Pass,Launch,6.0,62.0,55.0,23.0
14,Huskies,Huskies_D5,,2H,1201.5835800000004,Pass,Launch,29.0,19.0,41.0,55.0
14,Opponent14,Opponent14_D3,,2H,1498.365882,Pass,Launch,26.0,40.0,67.0,18.0
14,Opponent14,Opponent14_D3,,2H,1513.2481639999996,Pass,Launch,33.0,40.0,72.0,24.0
14,Huskies,Huskies_G1,Huskies_M6,2H,1540.8232980000002,Pass,Launch,4.0,53.0,66.0,75.0
14,Opponent14,Opponent14_G1,,2H,1561.4507670000003,Pass,Launch,8.0,63.0,58.0,61.0
14,Huskies,Huskies_F2,,2H,1776.7517509999998,Pass,Launch,49.0,16.0,88.0,20.0
14,Huskies,Huskies_D5,Huskies_F2,2H,1802.932686,Pass,Launch,16.0,5.0,35.0,29.0
14,Huskies,Huskies_G1,,2H,2110.9073689999996,Pass,Launch,9.0,45.0,71.0,23.0
14,Opponent14,Opponent14_G1,,2H,2152.462579,Pass,Launch,9.0,29.0,66.0,44.0
14,Huskies,Huskies_G1,,2H,2199.2063449999996,Pass,Launch,13.0,42.0,78.0,12.0
14,Huskies,Huskies_F1,,2H,2526.249398,Pass,Launch,23.0,66.0,42.0,60.0
15,Huskies,Huskies_G1,,1H,18.522971000000013,Pass,Launch,10.0,43.0,87.0,38.0
15,Huskies,Huskies_D7,Huskies_F1,1H,48.74301200000002,Pass,Launch,34.0,80.0,46.0,50.0
15,Huskies,Huskies_G1,,1H,172.49075,Pass,Launch,4.0,44.0,63.0,30.0
15,Huskies,Huskies_D6,,1H,275.778498,Pass,Launch,27.0,24.0,32.0,17.0
15,Opponent15,Opponent15_D1,,1H,637.726311,Pass,Launch,33.0,36.0,44.0,21.0
15,Huskies,Huskies_G1,Huskies_D5,1H,667.805211,Pass,Launch,6.0,39.0,29.0,7.0
15,Huskies,Huskies_D2,,1H,820.996108,Pass,Launch,39.0,60.0,67.0,54.0
15,Opponent15,Opponent15_G1,,1H,970.225121,Pass,Launch,11.0,68.0,29.0,100.0
15,Huskies,Huskies_G1,Huskies_M6,1H,1105.913001,Pass,Launch,11.0,44.0,69.0,48.0
15,Huskies,Huskies_G1,,1H,1230.2996,Pass,Launch,8.0,88.0,49.0,100.0
15,Opponent15,Opponent15_G1,,1H,1463.209562,Pass,Launch,15.0,32.0,67.0,60.0
15,Huskies,Huskies_D5,,1H,1477.745312,Pass,Launch,22.0,40.0,70.0,21.0
15,Opponent15,Opponent15_G1,,1H,1721.602453,Pass,Launch,9.0,60.0,60.0,64.0
15,Huskies,Huskies_G1,,1H,1821.205524,Pass,Launch,4.0,44.0,47.0,46.0
15,Opponent15,Opponent15_G1,,1H,2029.65504,Pass,Launch,14.0,69.0,71.0,67.0
15,Huskies,Huskies_G1,,1H,2043.7797099999998,Pass,Launch,4.0,55.0,69.0,50.0
15,Opponent15,Opponent15_D2,,1H,2158.006931,Pass,Launch,31.0,57.0,84.0,50.0
15,Huskies,Huskies_G1,,1H,2175.016939,Pass,Launch,16.0,50.0,78.0,72.0
15,Opponent15,Opponent15_D4,Opponent15_D2,1H,2222.074946,Pass,Launch,31.0,4.0,25.0,73.0
15,Opponent15,Opponent15_G1,,1H,2700.805539,Pass,Launch,23.0,62.0,79.0,46.0
15,Huskies,Huskies_D5,,2H,235.89403300000004,Pass,Launch,45.0,44.0,67.0,7.0
15,Opponent15,Opponent15_G1,,2H,583.8585760000001,Pass,Launch,11.0,66.0,68.0,67.0
15,Opponent15,Opponent15_D3,,2H,1240.0248000000001,Pass,Launch,27.0,28.0,49.0,46.0
15,Opponent15,Opponent15_G1,,2H,1466.7436859999998,Pass,Launch,31.0,58.0,75.0,30.0
15,Huskies,Huskies_D6,Huskies_M8,2H,1470.684064,Pass,Launch,29.0,69.0,39.0,80.0
15,Huskies,Huskies_G1,Huskies_F1,2H,1594.8087260000002,Pass,Launch,20.0,59.0,73.0,67.0
15,Opponent15,Opponent15_G1,,2H,1617.2759619999997,Pass,Launch,9.0,39.0,69.0,35.0
15,Huskies,Huskies_G1,Huskies_F1,2H,1859.4540109999998,Pass,Launch,16.0,50.0,78.0,69.0
15,Opponent15,Opponent15_G1,,2H,1916.500782,Pass,Launch,34.0,86.0,84.0,50.0
15,Huskies,Huskies_D7,Huskies_F1,2H,2104.079382,Pass,Launch,16.0,92.0,53.0,69.0
15,Huskies,Huskies_G1,Huskies_F1,2H,2187.0409179999997,Pass,Launch,16.0,52.0,75.0,40.0
15,Huskies,Huskies_G1,Huskies_F1,2H,2254.5895520000004,Pass,Launch,15.0,46.0,77.0,62.0
15,Opponent15,Opponent15_M2,,2H,2312.8680350000004,Pass,Launch,28.0,87.0,64.0,95.0
15,Huskies,Huskies_G1,Huskies_M6,2H,2371.7010490000002,Pass,Launch,8.0,40.0,66.0,9.0
15,Opponent15,Opponent15_G1,,2H,2469.455266,Pass,Launch,33.0,48.0,86.0,74.0
15,Opponent15,Opponent15_D1,,2H,2478.7733879999996,Pass,Launch,46.0,91.0,78.0,76.0
15,Opponent15,Opponent15_D1,,2H,2486.8095409999996,Pass,Launch,61.0,86.0,100.0,83.0
15,Opponent15,Opponent15_D2,,2H,2519.8363950000003,Pass,Launch,31.0,75.0,51.0,60.0
15,Huskies,Huskies_G1,Huskies_F1,2H,2620.018231,Pass,Launch,15.0,49.0,73.0,50.0
15,Huskies,Huskies_G1,,2H,2638.8181619999996,Pass,Launch,2.0,39.0,78.0,3.0
15,Huskies,Huskies_G1,Huskies_F1,2H,2754.186957,Pass,Launch,14.0,58.0,68.0,59.0
15,Opponent15,Opponent15_G1,,2H,2881.223449,Pass,Launch,29.0,49.0,76.0,63.0
16,Huskies,Huskies_G1,,1H,364.522234,Pass,Launch,14.0,41.0,92.0,48.0
16,Huskies,Huskies_G1,,1H,412.475363,Pass,Launch,9.0,55.0,83.0,100.0
16,Huskies,Huskies_F2,,1H,746.993996,Pass,Launch,15.0,89.0,42.0,100.0
16,Huskies,Huskies_G1,,1H,1099.950706,Pass,Launch,13.0,55.0,61.0,67.0
16,Huskies,Huskies_D6,,1H,1540.011553,Pass,Launch,31.0,50.0,63.0,63.0
16,Huskies,Huskies_G1,Huskies_F1,1H,1710.640561,Pass,Launch,17.0,57.0,77.0,66.0
16,Huskies,Huskies_M6,,1H,1815.817251,Pass,Launch,22.0,53.0,29.0,41.0
16,Opponent16,Opponent16_D3,Opponent16_F1,1H,2031.1725620000002,Pass,Launch,31.0,8.0,58.0,18.0
16,Opponent16,Opponent16_M1,,1H,2035.884568,Pass,Launch,37.0,32.0,87.0,55.0
16,Huskies,Huskies_G1,,1H,2049.433182,Pass,Launch,13.0,45.0,65.0,65.0
16,Huskies,Huskies_G1,Huskies_F1,1H,2387.884859,Pass,Launch,13.0,53.0,78.0,67.0
16,Opponent16,Opponent16_D3,,1H,2581.911552,Pass,Launch,27.0,6.0,21.0,8.0
16,Huskies,Huskies_G1,,1H,2594.936966,Pass,Launch,9.0,57.0,67.0,33.0
16,Opponent16,Opponent16_G1,Opponent16_F3,1H,2823.796466,Pass,Launch,10.0,52.0,0.0,0.0
16,Opponent16,Opponent16_D4,,2H,98.74413800000002,Pass,Launch,29.0,32.0,77.0,0.0
16,Opponent16,Opponent16_M1,,2H,249.21839099999988,Pass,Launch,35.0,8.0,68.0,5.0
16,Huskies,Huskies_G1,,2H,324.767104,Pass,Launch,11.0,49.0,69.0,36.0
16,Huskies,Huskies_M8,Huskies_F2,2H,921.2487160000001,Pass,Launch,23.0,55.0,18.0,4.0
16,Opponent16,Opponent16_M2,,2H,1238.4989100000003,Pass,Launch,28.0,25.0,27.0,31.0
16,Opponent16,Opponent16_D1,,2H,1281.9475949999996,Pass,Launch,18.0,71.0,34.0,66.0
16,Opponent16,Opponent16_D1,,2H,1713.8739329999999,Pass,Launch,11.0,27.0,59.0,6.0
16,Huskies,Huskies_G1,,2H,1725.1079909999999,Pass,Launch,11.0,47.0,39.0,33.0
16,Huskies,Huskies_M6,,2H,1980.9127049999997,Pass,Launch,20.0,30.0,37.0,21.0
16,Huskies,Huskies_G1,Huskies_F1,2H,2420.962775,Pass,Launch,8.0,49.0,67.0,90.0
16,Opponent16,Opponent16_G1,,2H,2434.9651700000004,Pass,Launch,7.0,6.0,31.0,9.0
16,Huskies,Huskies_G1,,2H,2689.325215,Pass,Launch,14.0,39.0,87.0,54.0
16,Opponent16,Opponent16_D1,Opponent16_F6,2H,2808.857537,Pass,Launch,11.0,22.0,45.0,30.0
17,Opponent17,Opponent17_D3,Opponent17_M2,1H,155.289516,Pass,Launch,8.0,5.0,35.0,4.0
17,Huskies,Huskies_M1,Huskies_F2,1H,209.03063100000003,Pass,Launch,37.0,97.0,35.0,72.0
17,Huskies,Huskies_D2,,1H,238.76459999999997,Pass,Launch,20.0,49.0,66.0,73.0
17,Huskies,Huskies_M8,,1H,285.447404,Pass,Launch,17.0,98.0,21.0,97.0
17,Huskies,Huskies_D6,,1H,382.10340900000006,Pass,Launch,23.0,31.0,56.0,16.0
17,Huskies,Huskies_G1,Huskies_F1,1H,549.40919,Pass,Launch,15.0,68.0,68.0,68.0
17,Opponent17,Opponent17_D1,,1H,614.491725,Pass,Launch,11.0,86.0,23.0,84.0
17,Opponent17,Opponent17_D4,,1H,682.439126,Pass,Launch,21.0,18.0,71.0,42.0
17,Opponent17,Opponent17_D3,,1H,751.507253,Pass,Launch,26.0,16.0,58.0,20.0
17,Opponent17,Opponent17_G1,Opponent17_M3,1H,766.201137,Pass,Launch,6.0,35.0,54.0,44.0
17,Opponent17,Opponent17_D1,Opponent17_M3,1H,807.600018,Pass,Launch,51.0,82.0,69.0,83.0
17,Opponent17,Opponent17_G1,,1H,958.566859,Pass,Launch,19.0,59.0,66.0,24.0
17,Huskies,Huskies_D7,,1H,965.4794830000001,Pass,Launch,20.0,95.0,22.0,92.0
17,Opponent17,Opponent17_G1,Opponent17_F1,1H,1223.697022,Pass,Launch,11.0,56.0,66.0,36.0
17,Huskies,Huskies_D2,,1H,1258.059317,Pass,Launch,25.0,34.0,61.0,26.0
17,Huskies,Huskies_G1,,1H,1289.627054,Pass,Launch,17.0,55.0,71.0,60.0
17,Huskies,Huskies_G1,,1H,1818.674869,Pass,Launch,7.0,34.0,55.0,30.0
17,Opponent17,Opponent17_D4,,1H,1857.291906,Pass,Launch,15.0,11.0,34.0,11.0
17,Huskies,Huskies_G1,,1H,2298.427438,Pass,Launch,9.0,59.0,61.0,71.0
17,Opponent17,Opponent17_G1,Opponent17_M3,1H,2596.626775,Pass,Launch,8.0,49.0,56.0,49.0
17,Huskies,Huskies_G1,Huskies_M1,1H,2615.515165,Pass,Launch,4.0,49.0,37.0,64.0
17,Huskies,Huskies_G1,Huskies_F2,1H,2763.543354,Pass,Launch,12.0,52.0,100.0,100.0
17,Opponent17,Opponent17_M1,,2H,26.131011999999828,Pass,Launch,27.0,92.0,62.0,83.0
17,Huskies,Huskies_D2,,2H,60.40955699999995,Pass,Launch,26.0,19.0,68.0,9.0
17,Huskies,Huskies_G1,,2H,247.09603400000015,Pass,Launch,20.0,85.0,65.0,80.0
17,Opponent17,Opponent17_M1,,2H,252.16229999999996,Pass,Launch,40.0,36.0,72.0,40.0
17,Huskies,Huskies_G1,,2H,312.0531799999999,Pass,Launch,7.0,64.0,52.0,50.0
17,Huskies,Huskies_D2,Huskies_M3,2H,401.45265100000006,Pass,Launch,5.0,16.0,24.0,27.0
17,Huskies,Huskies_M8,,2H,427.9145819999999,Pass,Launch,15.0,68.0,34.0,63.0
17,Opponent17,Opponent17_D3,,2H,550.3003020000001,Pass,Launch,18.0,3.0,55.0,34.0
17,Opponent17,Opponent17_D3,,2H,706.4879169999999,Pass,Launch,13.0,5.0,18.0,7.0
17,Huskies,Huskies_G1,,2H,853.6619300000002,Pass,Launch,13.0,60.0,52.0,57.0
17,Opponent17,Opponent17_G1,Opponent17_F1,2H,885.3915419999998,Pass,Launch,10.0,72.0,59.0,58.0
17,Opponent17,Opponent17_D3,,2H,957.0742220000002,Pass,Launch,35.0,28.0,53.0,48.0
17,Opponent17,Opponent17_D3,Opponent17_M2,2H,967.1599569999998,Pass,Launch,27.0,9.0,33.0,18.0
17,Opponent17,Opponent17_D3,Opponent17_M5,2H,985.3998059999999,Pass,Launch,20.0,14.0,31.0,37.0
17,Huskies,Huskies_G1,,2H,1060.8414320000002,Pass,Launch,11.0,4.0,53.0,0.0
17,Huskies,Huskies_D5,,2H,1371.3196429999998,Pass,Launch,31.0,45.0,40.0,74.0
17,Huskies,Huskies_G1,,2H,1400.4054420000002,Pass,Launch,8.0,36.0,70.0,57.0
17,Opponent17,Opponent17_M5,Opponent17_F1,2H,1573.436272,Pass,Launch,24.0,34.0,34.0,44.0
17,Huskies,Huskies_D2,,2H,1579.5751920000002,Pass,Launch,47.0,59.0,75.0,0.0
17,Opponent17,Opponent17_D1,,2H,1709.7026130000004,Pass,Launch,27.0,41.0,36.0,12.0
17,Opponent17,Opponent17_D1,Opponent17_M4,2H,1714.8270149999998,Pass,Launch,28.0,54.0,45.0,57.0
17,Huskies,Huskies_D2,,2H,1826.3450700000003,Pass,Launch,23.0,54.0,59.0,65.0
17,Opponent17,Opponent17_D3,,2H,1911.6604550000002,Pass,Launch,28.0,7.0,27.0,0.0
17,Huskies,Huskies_G1,,2H,2122.510462,Pass,Launch,2.0,23.0,77.0,30.0
17,Huskies,Huskies_G1,Huskies_F1,2H,2166.336587,Pass,Launch,11.0,63.0,72.0,83.0
17,Opponent17,Opponent17_D4,,2H,2189.6345359999996,Pass,Launch,20.0,8.0,33.0,26.0
17,Opponent17,Opponent17_D3,,2H,2193.5861379999997,Pass,Launch,27.0,30.0,57.0,27.0
17,Huskies,Huskies_G1,,2H,2267.4125320000003,Pass,Launch,14.0,51.0,65.0,58.0
17,Opponent17,Opponent17_G1,Opponent17_F2,2H,2279.2635389999996,Pass,Launch,11.0,60.0,53.0,63.0
17,Huskies,Huskies_G1,,2H,2496.0213409999997,Pass,Launch,12.0,52.0,66.0,13.0
17,Huskies,Huskies_D7,,2H,2648.264265,Pass,Launch,53.0,49.0,87.0,49.0
17,Opponent17,Opponent17_G1,,2H,2653.824058,Pass,Launch,13.0,51.0,67.0,41.0
17,Opponent17,Opponent17_G1,Opponent17_D4,2H,2665.902779,Pass,Launch,9.0,37.0,33.0,8.0
17,Opponent17,Opponent17_M1,Opponent17_F1,2H,2720.923379,Pass,Launch,47.0,50.0,90.0,61.0
17,Huskies,Huskies_D5,,2H,2754.6937500000004,Pass,Launch,14.0,24.0,54.0,12.0
17,Opponent17,Opponent17_G1,,2H,2769.8720590000003,Pass,Launch,28.0,48.0,64.0,30.0
18,Huskies,Huskies_D7,Huskies_F1,1H,277.482571,Pass,Launch,13.0,94.0,40.0,60.0
18,Huskies,Huskies_D5,,1H,288.218783,Pass,Launch,24.0,31.0,36.0,41.0
18,Huskies,Huskies_G1,,1H,304.46349699999996,Pass,Launch,9.0,47.0,66.0,63.0
18,Opponent18,Opponent18_G1,,1H,345.836266,Pass,Launch,11.0,69.0,64.0,88.0
18,Huskies,Huskies_D6,,1H,577.606007,Pass,Launch,11.0,69.0,58.0,64.0
18,Huskies,Huskies_M1,Huskies_F2,1H,698.306362,Pass,Launch,21.0,13.0,29.0,45.0
18,Huskies,Huskies_G1,,1H,802.07578,Pass,Launch,8.0,71.0,66.0,85.0
18,Opponent18,Opponent18_G1,,1H,1554.051311,Pass,Launch,10.0,54.0,68.0,36.0
18,Huskies,Huskies_M1,,1H,1559.68467,Pass,Launch,37.0,51.0,53.0,48.0
18,Huskies,Huskies_M6,,1H,1611.052779,Pass,Launch,17.0,10.0,28.0,19.0
18,Opponent18,Opponent18_D3,,1H,1843.0388699999999,Pass,Launch,14.0,92.0,46.0,83.0
18,Huskies,Huskies_G1,,1H,1853.7959959999998,Pass,Launch,5.0,22.0,68.0,35.0
18,Huskies,Huskies_G1,,1H,1959.1729570000002,Pass,Launch,9.0,71.0,43.0,100.0
18,Opponent18,Opponent18_D1,,1H,2008.9546759999998,Pass,Launch,43.0,13.0,90.0,13.0
18,Huskies,Huskies_D6,,1H,2016.194239,Pass,Launch,10.0,87.0,32.0,75.0
18,Opponent18,Opponent18_D3,,1H,2243.241118,Pass,Launch,28.0,93.0,69.0,43.0
18,Opponent18,Opponent18_G1,Opponent18_M2,1H,2322.119604,Pass,Launch,1.0,24.0,33.0,38.0
18,Huskies,Huskies_G1,,1H,2672.361546,Pass,Launch,23.0,57.0,70.0,86.0
18,Opponent18,Opponent18_G1,,1H,2688.626284,Pass,Launch,10.0,52.0,64.0,19.0
18,Opponent18,Opponent18_D4,,1H,2699.425395,Pass,Launch,35.0,9.0,44.0,7.0
18,Opponent18,Opponent18_D2,,2H,96.19064299999991,Pass,Launch,24.0,86.0,51.0,86.0
18,Opponent18,Opponent18_G1,,2H,647.9614609999999,Pass,Launch,11.0,60.0,20.0,50.0
18,Huskies,Huskies_G1,,2H,686.5235640000001,Pass,Launch,10.0,61.0,64.0,69.0
18,Opponent18,Opponent18_G1,,2H,795.220343,Pass,Launch,10.0,53.0,63.0,66.0
18,Opponent18,Opponent18_D3,Opponent18_D2,2H,943.082179,Pass,Launch,30.0,94.0,35.0,76.0
18,Opponent18,Opponent18_D1,Opponent18_M2,2H,996.8968180000002,Pass,Launch,10.0,13.0,31.0,35.0
18,Huskies,Huskies_M6,,2H,1252.3022529999998,Pass,Launch,23.0,74.0,18.0,48.0
18,Huskies,Huskies_G1,,2H,1491.001099,Pass,Launch,12.0,35.0,75.0,69.0
18,Opponent18,Opponent18_D1,,2H,1501.6840359999997,Pass,Launch,13.0,16.0,47.0,14.0
18,Huskies,Huskies_G1,Huskies_F1,2H,2177.182025,Pass,Launch,5.0,43.0,69.0,28.0
19,Opponent3,Opponent3_G1,,1H,29.718255999999997,Pass,Launch,9.0,51.0,74.0,41.0
19,Huskies,Huskies_G1,,1H,183.71277800000001,Pass,Launch,6.0,46.0,67.0,70.0
19,Opponent3,Opponent3_D1,,1H,685.997779,Pass,Launch,24.0,64.0,74.0,21.0
19,Huskies,Huskies_G1,Huskies_F1,1H,694.840318,Pass,Launch,26.0,79.0,66.0,31.0
19,Opponent3,Opponent3_D4,,1H,807.157718,Pass,Launch,55.0,0.0,68.0,10.0
19,Huskies,Huskies_G1,Huskies_F1,1H,964.984504,Pass,Launch,16.0,40.0,69.0,22.0
19,Huskies,Huskies_D3,Huskies_F1,1H,983.82816,Pass,Launch,45.0,9.0,78.0,15.0
19,Huskies,Huskies_G1,Huskies_F1,1H,1007.6339889999999,Pass,Launch,4.0,37.0,74.0,38.0
19,Huskies,Huskies_G1,Huskies_F1,1H,1488.200634,Pass,Launch,5.0,51.0,57.0,76.0
19,Huskies,Huskies_G1,Huskies_F1,1H,1733.880254,Pass,Launch,11.0,45.0,60.0,28.0
19,Huskies,Huskies_G1,Huskies_F1,1H,1745.737625,Pass,Launch,3.0,39.0,58.0,22.0
19,Huskies,Huskies_D3,Huskies_M6,1H,2170.18012,Pass,Launch,52.0,8.0,77.0,32.0
19,Huskies,Huskies_G1,,1H,2452.200151,Pass,Launch,17.0,40.0,89.0,40.0
19,Huskies,Huskies_M8,Huskies_F1,1H,2486.323193,Pass,Launch,16.0,81.0,42.0,47.0
19,Huskies,Huskies_D3,Huskies_F1,1H,2548.292535,Pass,Launch,12.0,47.0,62.0,38.0
19,Huskies,Huskies_M4,,1H,2599.580639,Pass,Launch,21.0,65.0,47.0,84.0
19,Huskies,Huskies_G1,,1H,2743.514241,Pass,Launch,17.0,44.0,88.0,44.0
19,Opponent3,Opponent3_D5,Opponent3_M5,2H,139.39855500000021,Pass,Launch,25.0,69.0,37.0,69.0
19,Huskies,Huskies_D1,,2H,153.45576500000016,Pass,Launch,22.0,53.0,66.0,88.0
19,Opponent3,Opponent3_D1,,2H,353.886113,Pass,Launch,39.0,31.0,82.0,51.0
19,Huskies,Huskies_G1,Huskies_F1,2H,411.242119,Pass,Launch,19.0,31.0,69.0,28.0
19,Huskies,Huskies_D3,Huskies_F1,2H,419.7798349999998,Pass,Launch,59.0,24.0,91.0,6.0
19,Huskies,Huskies_G1,Huskies_D5,2H,512.4951780000001,Pass,Launch,5.0,41.0,40.0,4.0
19,Huskies,Huskies_M3,,2H,519.609743,Pass,Launch,39.0,7.0,79.0,8.0
19,Huskies,Huskies_G1,,2H,546.1665349999998,Pass,Launch,13.0,52.0,65.0,10.0
19,Opponent3,Opponent3_M4,,2H,928.2271169999999,Pass,Launch,25.0,88.0,33.0,67.0
19,Huskies,Huskies_D7,,2H,1109.403856,Pass,Launch,52.0,91.0,74.0,84.0
19,Huskies,Huskies_F1,,2H,1271.6986239999997,Pass,Launch,22.0,3.0,58.0,33.0
19,Huskies,Huskies_D2,,2H,1450.6056040000003,Pass,Launch,8.0,14.0,42.0,6.0
19,Opponent3,Opponent3_D1,,2H,1528.914984,Pass,Launch,31.0,46.0,53.0,46.0
19,Huskies,Huskies_G1,Huskies_F1,2H,1597.7161070000002,Pass,Launch,16.0,57.0,75.0,61.0
19,Huskies,Huskies_G1,,2H,1773.7280449999998,Pass,Launch,11.0,29.0,59.0,0.0
19,Huskies,Huskies_G1,Huskies_M3,2H,1944.7299730000004,Pass,Launch,8.0,55.0,35.0,42.0
19,Huskies,Huskies_D5,Huskies_F1,2H,1982.5959949999997,Pass,Launch,13.0,26.0,36.0,46.0
19,Huskies,Huskies_D3,,2H,2362.1345549999996,Pass,Launch,19.0,6.0,38.0,0.0
19,Huskies,Huskies_G1,Huskies_F1,2H,2486.997646,Pass,Launch,15.0,46.0,65.0,24.0
19,Opponent3,Opponent3_D2,,2H,2900.003441,Pass,Launch,26.0,87.0,64.0,85.0
20,Opponent19,Opponent19_G1,,1H,99.59645699999999,Pass,Launch,7.0,36.0,60.0,13.0
20,Opponent19,Opponent19_D3,,1H,176.47654799999998,Pass,Launch,20.0,85.0,30.0,100.0
20,Opponent19,Opponent19_D3,Opponent19_D2,1H,390.360274,Pass,Launch,13.0,27.0,10.0,12.0
20,Opponent19,Opponent19_G1,,1H,547.639059,Pass,Launch,26.0,59.0,71.0,89.0
20,Huskies,Huskies_G1,,1H,689.783862,Pass,Launch,6.0,29.0,71.0,7.0
20,Opponent19,Opponent19_D4,,1H,698.503949,Pass,Launch,29.0,93.0,55.0,82.0
20,Huskies,Huskies_D2,,1H,1888.403265,Pass,Launch,46.0,53.0,74.0,73.0
20,Opponent19,Opponent19_G1,Opponent19_M3,1H,1927.190685,Pass,Launch,15.0,64.0,61.0,37.0
20,Huskies,Huskies_G1,,1H,1987.462986,Pass,Launch,8.0,53.0,28.0,100.0
20,Huskies,Huskies_M6,,2H,40.93814999999995,Pass,Launch,33.0,6.0,62.0,15.0
20,Huskies,Huskies_G1,Huskies_G1,2H,345.0017349999998,Pass,Launch,7.0,43.0,37.0,0.0
20,Opponent19,Opponent19_D3,,2H,513.6198039999999,Pass,Launch,5.0,16.0,27.0,34.0
20,Opponent19,Opponent19_G1,,2H,546.5899599999998,Pass,Launch,15.0,15.0,67.0,31.0
20,Opponent19,Opponent19_M3,Opponent19_M1,2H,848.5685579999999,Pass,Launch,47.0,73.0,43.0,79.0
20,Huskies,Huskies_M3,Huskies_F1,2H,881.8304370000001,Pass,Launch,21.0,54.0,39.0,39.0
20,Huskies,Huskies_G1,,2H,1085.4142539999998,Pass,Launch,8.0,45.0,51.0,83.0
20,Opponent19,Opponent19_G1,,2H,1196.103376,Pass,Launch,8.0,25.0,57.0,52.0
20,Opponent19,Opponent19_D1,,2H,1303.141536,Pass,Launch,7.0,34.0,34.0,29.0
20,Huskies,Huskies_D2,,2H,1532.0351309999996,Pass,Launch,29.0,62.0,67.0,64.0
20,Huskies,Huskies_D5,,2H,2667.23023,Pass,Launch,33.0,37.0,65.0,49.0
20,Opponent19,Opponent19_D1,,2H,2814.01677,Pass,Launch,4.0,12.0,28.0,4.0
21,Huskies,Huskies_M1,Huskies_M1,1H,15.209689999999995,Pass,Launch,51.0,22.0,57.0,23.0
21,Huskies,Huskies_G1,Huskies_F1,1H,55.66409199999998,Pass,Launch,14.0,56.0,69.0,25.0
21,Huskies,Huskies_D7,,1H,493.69157499999994,Pass,Launch,29.0,76.0,78.0,96.0
21,Huskies,Huskies_D5,Huskies_F1,1H,581.72151,Pass,Launch,44.0,4.0,61.0,40.0
21,Huskies,Huskies_D3,,1H,705.639111,Pass,Launch,12.0,32.0,27.0,65.0
21,Huskies,Huskies_G1,,1H,720.787094,Pass,Launch,6.0,42.0,75.0,26.0
21,Huskies,Huskies_D3,Huskies_M13,1H,752.219118,Pass,Launch,43.0,4.0,66.0,23.0
21,Huskies,Huskies_D3,Huskies_F1,1H,852.7085910000001,Pass,Launch,21.0,57.0,55.0,53.0
21,Huskies,Huskies_G1,,1H,959.081672,Pass,Launch,11.0,42.0,57.0,49.0
21,Huskies,Huskies_G1,Huskies_F1,1H,1586.94072,Pass,Launch,10.0,24.0,71.0,29.0
21,Huskies,Huskies_D5,,1H,1614.990488,Pass,Launch,11.0,15.0,13.0,23.0
21,Huskies,Huskies_G1,Huskies_F1,1H,2082.925339,Pass,Launch,14.0,46.0,67.0,5.0
21,Opponent6,Opponent6_D5,,1H,2212.431587,Pass,Launch,26.0,78.0,63.0,100.0
21,Huskies,Huskies_M3,,1H,2327.538631,Pass,Launch,41.0,16.0,87.0,45.0
21,Huskies,Huskies_G1,,1H,2387.338914,Pass,Launch,10.0,41.0,61.0,60.0
21,Opponent6,Opponent6_G1,,1H,2498.085894,Pass,Launch,6.0,55.0,55.0,53.0
21,Huskies,Huskies_G1,,1H,2548.596228,Pass,Launch,7.0,28.0,55.0,32.0
21,Opponent6,Opponent6_G1,,1H,2819.226717,Pass,Launch,13.0,48.0,67.0,68.0
21,Huskies,Huskies_G1,Huskies_M3,1H,2835.465506,Pass,Launch,16.0,47.0,45.0,43.0
21,Huskies,Huskies_M1,Huskies_M6,2H,24.59925800000019,Pass,Launch,64.0,79.0,65.0,62.0
21,Huskies,Huskies_G1,,2H,42.72488299999986,Pass,Launch,11.0,45.0,67.0,85.0
21,Huskies,Huskies_M8,Huskies_F1,2H,200.91829000000007,Pass,Launch,10.0,71.0,44.0,54.0
21,Huskies,Huskies_G1,Huskies_M8,2H,262.2106749999998,Pass,Launch,8.0,57.0,46.0,93.0
21,Opponent6,Opponent6_D2,,2H,345.26991099999987,Pass,Launch,45.0,5.0,75.0,8.0
21,Huskies,Huskies_M1,,2H,365.413626,Pass,Launch,26.0,67.0,36.0,86.0
21,Huskies,Huskies_D5,Huskies_M6,2H,825.4264659999999,Pass,Launch,21.0,20.0,33.0,24.0
21,Huskies,Huskies_D5,,2H,832.069712,Pass,Launch,23.0,9.0,71.0,16.0
21,Opponent6,Opponent6_G1,,2H,867.903534,Pass,Launch,13.0,58.0,56.0,72.0
21,Opponent6,Opponent6_M5,,2H,879.4353059999999,Pass,Launch,36.0,67.0,60.0,100.0
21,Huskies,Huskies_G1,Huskies_F4,2H,1200.7758370000001,Pass,Launch,16.0,45.0,60.0,29.0
21,Huskies,Huskies_G1,Huskies_F4,2H,1437.901441,Pass,Launch,11.0,46.0,67.0,60.0
21,Opponent6,Opponent6_G1,,2H,1743.5287900000003,Pass,Launch,8.0,59.0,39.0,62.0
21,Huskies,Huskies_G1,,2H,1760.7844670000004,Pass,Launch,8.0,77.0,85.0,50.0
21,Huskies,Huskies_D5,,2H,1958.0040360000003,Pass,Launch,29.0,33.0,72.0,38.0
21,Opponent6,Opponent6_G1,,2H,2062.8079,Pass,Launch,11.0,47.0,63.0,31.0
21,Huskies,Huskies_G1,Huskies_M12,2H,2209.5323040000003,Pass,Launch,14.0,47.0,56.0,27.0
21,Huskies,Huskies_D5,Huskies_F4,2H,2317.243869,Pass,Launch,22.0,46.0,78.0,37.0
21,Huskies,Huskies_M3,,2H,2734.9786169999998,Pass,Launch,31.0,87.0,51.0,56.0
21,Opponent6,Opponent6_D2,,2H,2740.9841450000004,Pass,Launch,50.0,7.0,70.0,34.0
21,Opponent6,Opponent6_D3,Opponent6_D4,2H,2969.3451969999996,Pass,Launch,29.0,77.0,23.0,40.0
21,Opponent6,Opponent6_D5,Opponent6_F3,2H,2973.5260129999997,Pass,Launch,23.0,63.0,40.0,63.0
21,Opponent6,Opponent6_G1,,2H,2982.609832,Pass,Launch,15.0,61.0,71.0,41.0
21,Huskies,Huskies_G1,Huskies_D1,2H,3002.5120509999997,Pass,Launch,3.0,15.0,47.0,56.0
22,Opponent5,Opponent5_G1,,1H,738.27203,Pass,Launch,3.0,56.0,61.0,73.0
22,Opponent5,Opponent5_G1,,1H,1098.551546,Pass,Launch,4.0,65.0,60.0,64.0
22,Opponent5,Opponent5_M6,,1H,1787.6649790000001,Pass,Launch,26.0,31.0,62.0,38.0
22,Huskies,Huskies_D6,,1H,1849.1062889999998,Pass,Launch,15.0,96.0,54.0,75.0
22,Huskies,Huskies_D2,Huskies_F2,1H,2021.3596550000002,Pass,Launch,18.0,33.0,23.0,39.0
22,Opponent5,Opponent5_D6,,1H,2140.487016,Pass,Launch,13.0,52.0,38.0,84.0
22,Opponent5,Opponent5_G1,Opponent5_M5,1H,2598.631717,Pass,Launch,15.0,54.0,71.0,13.0
22,Huskies,Huskies_G1,Huskies_F4,2H,171.42663300000004,Pass,Launch,9.0,12.0,61.0,14.0
22,Huskies,Huskies_G1,,2H,262.50178400000004,Pass,Launch,3.0,37.0,48.0,33.0
22,Huskies,Huskies_D6,,2H,412.04171899999983,Pass,Launch,19.0,62.0,75.0,33.0
22,Huskies,Huskies_D5,,2H,515.3546900000001,Pass,Launch,41.0,5.0,48.0,29.0
22,Huskies,Huskies_M4,,2H,1123.8458250000003,Pass,Launch,8.0,96.0,38.0,92.0
22,Opponent5,Opponent5_G1,,2H,1211.8130920000003,Pass,Launch,9.0,52.0,59.0,63.0
22,Huskies,Huskies_M13,,2H,1539.1122759999998,Pass,Launch,46.0,50.0,71.0,60.0
22,Huskies,Huskies_G1,,2H,2346.977873,Pass,Launch,12.0,48.0,65.0,4.0
22,Opponent5,Opponent5_D1,,2H,2353.0234769999997,Pass,Launch,23.0,78.0,66.0,71.0
22,Huskies,Huskies_D6,,2H,2457.458939,Pass,Launch,14.0,82.0,45.0,68.0
22,Opponent5,Opponent5_G1,,2H,2548.4440139999997,Pass,Launch,10.0,68.0,64.0,69.0
22,Opponent5,Opponent5_D8,,2H,2679.673568,Pass,Launch,28.0,23.0,37.0,20.0
23,Huskies,Huskies_M13,,1H,323.752707,Pass,Launch,24.0,73.0,63.0,68.0
23,Opponent4,Opponent4_G1,Opponent4_F1,1H,777.598732,Pass,Launch,7.0,46.0,61.0,64.0
23,Huskies,Huskies_M13,,1H,942.7272,Pass,Launch,20.0,41.0,48.0,32.0
23,Huskies,Huskies_G1,,1H,1085.640082,Pass,Launch,11.0,49.0,71.0,93.0
23,Huskies,Huskies_D3,Huskies_F2,1H,1617.152763,Pass,Launch,41.0,17.0,67.0,24.0
23,Opponent4,Opponent4_D1,Opponent4_F1,1H,1870.4008359999998,Pass,Launch,22.0,10.0,65.0,30.0
23,Huskies,Huskies_G1,,1H,2090.624507,Pass,Launch,9.0,31.0,61.0,44.0
23,Huskies,Huskies_G1,,1H,2222.113644,Pass,Launch,9.0,56.0,65.0,49.0
23,Opponent4,Opponent4_M3,,1H,2248.918846,Pass,Launch,55.0,84.0,76.0,67.0
23,Huskies,Huskies_D5,,1H,2315.605445,Pass,Launch,12.0,38.0,34.0,36.0
23,Huskies,Huskies_D3,Huskies_G1,1H,2583.844844,Pass,Launch,34.0,30.0,12.0,49.0
23,Huskies,Huskies_M1,,2H,15.040034999999989,Pass,Launch,30.0,24.0,54.0,28.0
23,Huskies,Huskies_G1,,2H,25.64777099999992,Pass,Launch,3.0,30.0,45.0,2.0
23,Huskies,Huskies_D3,,2H,78.40698900000007,Pass,Launch,19.0,72.0,73.0,94.0
23,Opponent4,Opponent4_D1,,2H,87.39719100000002,Pass,Launch,28.0,33.0,49.0,43.0
23,Huskies,Huskies_D7,,2H,237.37465500000008,Pass,Launch,25.0,63.0,71.0,34.0
23,Opponent4,Opponent4_M4,,2H,261.798777,Pass,Launch,45.0,63.0,79.0,89.0
23,Huskies,Huskies_D3,,2H,267.6654739999999,Pass,Launch,21.0,11.0,45.0,20.0
23,Huskies,Huskies_G1,,2H,504.0420720000002,Pass,Launch,3.0,55.0,57.0,69.0
23,Opponent4,Opponent4_G1,Opponent4_F1,2H,688.7825109999999,Pass,Launch,13.0,57.0,55.0,29.0
23,Huskies,Huskies_M6,,2H,816.4445529999998,Pass,Launch,12.0,31.0,39.0,50.0
23,Opponent4,Opponent4_G1,,2H,930.7383629999999,Pass,Launch,10.0,38.0,45.0,96.0
23,Huskies,Huskies_G1,,2H,1385.0043750000004,Pass,Launch,9.0,59.0,66.0,37.0
23,Huskies,Huskies_D6,,2H,1756.673933,Pass,Launch,30.0,27.0,66.0,18.0
23,Huskies,Huskies_D5,,2H,2580.906011,Pass,Launch,28.0,9.0,76.0,6.0
23,Opponent4,Opponent4_G1,,2H,2601.92638,Pass,Launch,9.0,52.0,55.0,53.0
23,Opponent4,Opponent4_G1,Opponent4_F2,2H,2745.0287120000003,Pass,Launch,9.0,51.0,61.0,19.0
23,Huskies,Huskies_G1,,2H,2828.229689,Pass,Launch,9.0,51.0,100.0,100.0
24,Opponent19,Opponent19_M1,,1H,8.364610999999996,Pass,Launch,28.0,87.0,54.0,91.0
24,Huskies,Huskies_M3,,1H,78.497454,Pass,Launch,59.0,72.0,74.0,77.0
24,Huskies,Huskies_G1,,1H,163.15657599999997,Pass,Launch,16.0,41.0,56.0,6.0
24,Huskies,Huskies_D5,Huskies_F5,1H,183.41022299999997,Pass,Launch,34.0,4.0,64.0,8.0
24,Huskies,Huskies_D5,,1H,301.090249,Pass,Launch,39.0,6.0,57.0,35.0
24,Huskies,Huskies_M13,,1H,308.130624,Pass,Launch,44.0,7.0,80.0,15.0
24,Huskies,Huskies_G1,,1H,480.531214,Pass,Launch,8.0,50.0,57.0,32.0
24,Opponent19,Opponent19_G1,,1H,502.60790699999995,Pass,Launch,7.0,25.0,70.0,28.0
24,Opponent19,Opponent19_G1,,1H,544.785382,Pass,Launch,9.0,46.0,49.0,47.0
24,Huskies,Huskies_G1,,1H,1350.088183,Pass,Launch,14.0,4.0,64.0,24.0
24,Opponent19,Opponent19_G1,,1H,1465.954998,Pass,Launch,15.0,52.0,68.0,63.0
24,Huskies,Huskies_D2,,1H,1470.637071,Pass,Launch,25.0,35.0,59.0,62.0
24,Opponent19,Opponent19_D1,Opponent19_F2,1H,1519.024968,Pass,Launch,3.0,8.0,27.0,5.0
24,Opponent19,Opponent19_G1,Opponent19_F2,1H,1881.657385,Pass,Launch,17.0,17.0,68.0,42.0
24,Opponent19,Opponent19_G1,Opponent19_F1,1H,2182.103223,Pass,Launch,8.0,31.0,38.0,11.0
24,Opponent19,Opponent19_D1,,1H,2210.521222,Pass,Launch,18.0,9.0,39.0,9.0
24,Huskies,Huskies_G1,,1H,2270.641476,Pass,Launch,10.0,47.0,76.0,65.0
24,Opponent19,Opponent19_G1,Opponent19_F2,1H,2290.300879,Pass,Launch,15.0,29.0,64.0,13.0
24,Huskies,Huskies_G1,,1H,2369.618887,Pass,Launch,11.0,52.0,46.0,51.0
24,Huskies,Huskies_D6,,1H,2375.772654,Pass,Launch,31.0,48.0,56.0,36.0
24,Huskies,Huskies_D5,,1H,2515.501209,Pass,Launch,11.0,6.0,14.0,7.0
24,Huskies,Huskies_D6,,1H,2680.021828,Pass,Launch,14.0,91.0,63.0,93.0
24,Huskies,Huskies_M12,,2H,69.52064800000016,Pass,Launch,39.0,59.0,62.0,89.0
24,Opponent19,Opponent19_G1,,2H,166.12280800000008,Pass,Launch,22.0,30.0,68.0,33.0
24,Opponent19,Opponent19_M5,,2H,280.342842,Pass,Launch,55.0,70.0,77.0,67.0
24,Opponent19,Opponent19_M3,Opponent19_G1,2H,399.9231249999998,Pass,Launch,8.0,29.0,100.0,100.0
24,Opponent19,Opponent19_G1,Opponent19_M3,2H,460.4063510000001,Pass,Launch,3.0,22.0,37.0,4.0
24,Opponent19,Opponent19_G1,Opponent19_F1,2H,523.9371420000002,Pass,Launch,12.0,23.0,61.0,34.0
24,Huskies,Huskies_M3,,2H,528.6791990000002,Pass,Launch,45.0,67.0,76.0,91.0
24,Opponent19,Opponent19_G1,Opponent19_F2,2H,544.2173600000001,Pass,Launch,12.0,23.0,67.0,24.0
24,Huskies,Huskies_G1,,2H,594.4113830000001,Pass,Launch,8.0,44.0,61.0,70.0
24,Opponent19,Opponent19_G1,Opponent19_F2,2H,620.206212,Pass,Launch,15.0,45.0,73.0,29.0
24,Huskies,Huskies_M3,,2H,712.3431390000001,Pass,Launch,30.0,95.0,33.0,92.0
24,Opponent19,Opponent19_G1,Opponent19_F2,2H,1052.6640120000002,Pass,Launch,10.0,41.0,59.0,24.0
24,Opponent19,Opponent19_G1,,2H,1120.3571080000002,Pass,Launch,13.0,36.0,66.0,33.0
24,Huskies,Huskies_D5,,2H,1541.4312980000004,Pass,Launch,9.0,9.0,32.0,6.0
24,Huskies,Huskies_D6,,2H,1690.1803980000004,Pass,Launch,16.0,95.0,39.0,94.0
24,Huskies,Huskies_G1,Huskies_F4,2H,1770.1708339999996,Pass,Launch,10.0,52.0,69.0,56.0
24,Huskies,Huskies_G1,Huskies_D7,2H,1802.758578,Pass,Launch,14.0,41.0,57.0,95.0
24,Opponent19,Opponent19_D3,,2H,1912.4803259999999,Pass,Launch,47.0,49.0,57.0,11.0
24,Opponent19,Opponent19_D3,Opponent19_M4,2H,1980.8027419999999,Pass,Launch,51.0,20.0,71.0,54.0
24,Opponent19,Opponent19_G1,,2H,2112.409707,Pass,Launch,15.0,49.0,60.0,13.0
24,Huskies,Huskies_D2,,2H,2120.3600399999996,Pass,Launch,28.0,71.0,55.0,77.0
24,Huskies,Huskies_D5,,2H,2269.8799129999998,Pass,Launch,7.0,11.0,39.0,30.0
24,Opponent19,Opponent19_D3,Opponent19_F2,2H,2281.439534,Pass,Launch,33.0,42.0,63.0,31.0
24,Opponent19,Opponent19_G1,,2H,2424.106143,Pass,Launch,11.0,21.0,61.0,38.0
24,Opponent19,Opponent19_D4,Opponent19_M6,2H,2430.5427280000004,Pass,Launch,46.0,46.0,62.0,21.0
24,Huskies,Huskies_D7,,2H,2434.9500070000004,Pass,Launch,39.0,90.0,100.0,94.0
24,Opponent19,Opponent19_G1,Opponent19_M6,2H,2656.742456,Pass,Launch,5.0,23.0,44.0,11.0
24,Opponent19,Opponent19_G1,Opponent19_F2,2H,2712.2423980000003,Pass,Launch,13.0,37.0,71.0,26.0
24,Huskies,Huskies_F6,,2H,2733.932051,Pass,Launch,12.0,95.0,54.0,100.0
24,Opponent19,Opponent19_D1,,2H,2950.1594560000003,Pass,Launch,47.0,22.0,70.0,31.0
24,Huskies,Huskies_D6,Huskies_F6,2H,2989.4391809999997,Pass,Launch,31.0,65.0,45.0,96.0
25,Huskies,Huskies_G1,,1H,23.535252000000014,Pass,Launch,13.0,43.0,69.0,39.0
25,Huskies,Huskies_D8,,1H,164.11401999999998,Pass,Launch,26.0,94.0,46.0,69.0
25,Opponent10,Opponent10_G1,,1H,368.92305,Pass,Launch,3.0,65.0,41.0,84.0
25,Huskies,Huskies_M6,,1H,389.16333399999996,Pass,Launch,28.0,5.0,44.0,29.0
25,Huskies,Huskies_D5,,1H,497.074578,Pass,Launch,24.0,34.0,57.0,0.0
25,Huskies,Huskies_G1,Huskies_F4,1H,692.833291,Pass,Launch,7.0,46.0,58.0,21.0
25,Huskies,Huskies_G1,,1H,741.1447820000001,Pass,Launch,8.0,77.0,48.0,100.0
25,Huskies,Huskies_M6,Huskies_F4,1H,956.115072,Pass,Launch,10.0,15.0,36.0,21.0
25,Huskies,Huskies_D1,,1H,1675.181892,Pass,Launch,21.0,8.0,46.0,7.0
25,Opponent10,Opponent10_D3,,1H,2030.609578,Pass,Launch,18.0,4.0,33.0,6.0
25,Opponent10,Opponent10_G1,,1H,2076.918108,Pass,Launch,17.0,78.0,71.0,82.0
25,Huskies,Huskies_G1,Huskies_M4,1H,2113.218819,Pass,Launch,6.0,66.0,58.0,76.0
25,Huskies,Huskies_G1,Huskies_M4,1H,2496.706082,Pass,Launch,7.0,46.0,38.0,19.0
25,Huskies,Huskies_G1,,2H,34.16947100000016,Pass,Launch,11.0,17.0,61.0,15.0
25,Huskies,Huskies_G1,,2H,77.3828239999998,Pass,Launch,13.0,42.0,76.0,21.0
25,Huskies,Huskies_G1,Huskies_F4,2H,153.34934500000008,Pass,Launch,6.0,43.0,55.0,47.0
25,Opponent10,Opponent10_G1,,2H,455.7319299999999,Pass,Launch,24.0,61.0,61.0,12.0
25,Opponent10,Opponent10_D6,,2H,562.3153459999999,Pass,Launch,44.0,27.0,71.0,33.0
25,Opponent10,Opponent10_G1,,2H,707.1868800000002,Pass,Launch,14.0,46.0,71.0,29.0
25,Opponent10,Opponent10_G1,,2H,1305.113512,Pass,Launch,9.0,68.0,57.0,89.0
25,Opponent10,Opponent10_G1,,2H,1668.0491169999996,Pass,Launch,15.0,42.0,63.0,23.0
25,Huskies,Huskies_F6,,2H,1669.9541570000001,Pass,Launch,37.0,77.0,41.0,46.0
25,Huskies,Huskies_M4,,2H,1804.3361219999997,Pass,Launch,29.0,91.0,62.0,76.0
25,Opponent10,Opponent10_M6,,2H,2378.356739,Pass,Launch,5.0,44.0,100.0,100.0
25,Huskies,Huskies_G1,Huskies_F1,2H,2635.4125599999998,Pass,Launch,13.0,54.0,87.0,13.0
25,Opponent10,Opponent10_M5,,2H,2829.067879,Pass,Launch,14.0,96.0,18.0,95.0
25,Huskies,Huskies_G1,Huskies_F1,2H,2858.105552,Pass,Launch,6.0,27.0,40.0,16.0
25,Huskies,Huskies_G1,,2H,2939.0966799999997,Pass,Launch,11.0,41.0,84.0,45.0
26,Huskies,Huskies_D9,Huskies_D5,1H,240.473686,Pass,Launch,9.0,35.0,6.0,35.0
26,Opponent9,Opponent9_G1,,1H,639.376623,Pass,Launch,13.0,39.0,73.0,28.0
26,Opponent9,Opponent9_D2,,1H,732.167576,Pass,Launch,6.0,14.0,48.0,33.0
26,Huskies,Huskies_G1,,1H,1208.531427,Pass,Launch,5.0,35.0,63.0,29.0
26,Opponent9,Opponent9_D3,,1H,1961.4759600000002,Pass,Launch,11.0,45.0,41.0,74.0
26,Huskies,Huskies_G1,Huskies_F4,1H,2051.544025,Pass,Launch,29.0,36.0,75.0,39.0
26,Opponent9,Opponent5_M3,,1H,2495.660124,Pass,Launch,24.0,62.0,22.0,0.0
26,Huskies,Huskies_G1,,1H,2652.649588,Pass,Launch,12.0,45.0,71.0,33.0
26,Huskies,Huskies_M3,Huskies_F6,1H,2801.544602,Pass,Launch,30.0,64.0,59.0,69.0
26,Huskies,Huskies_G1,Huskies_F6,2H,380.059925,Pass,Launch,16.0,56.0,73.0,80.0
26,Opponent9,Opponent9_D4,,2H,386.4618909999999,Pass,Launch,24.0,18.0,27.0,23.0
26,Opponent9,Opponent9_G1,,2H,537.917989,Pass,Launch,13.0,42.0,77.0,58.0
26,Opponent9,Opponent9_G2,Opponent9_M6,2H,1651.8054849999999,Pass,Launch,13.0,52.0,55.0,40.0
26,Huskies,Huskies_G1,Huskies_F1,2H,2139.73462,Pass,Launch,12.0,34.0,68.0,34.0
26,Opponent9,Opponent9_M6,Opponent9_F3,2H,2620.6519989999997,Pass,Launch,11.0,32.0,38.0,66.0
27,Opponent12,Opponent12_D6,,1H,203.713211,Pass,Launch,14.0,38.0,68.0,0.0
27,Opponent12,Opponent12_G2,Opponent12_F2,1H,357.090699,Pass,Launch,17.0,47.0,72.0,13.0
27,Huskies,Huskies_M1,,1H,361.452178,Pass,Launch,24.0,75.0,52.0,55.0
27,Huskies,Huskies_D9,Huskies_F4,1H,428.45372399999997,Pass,Launch,27.0,21.0,63.0,26.0
27,Opponent12,Opponent12_D6,,1H,619.722381,Pass,Launch,4.0,3.0,35.0,4.0
27,Huskies,Huskies_D9,Huskies_F4,1H,1210.423492,Pass,Launch,30.0,76.0,71.0,90.0
27,Huskies,Huskies_D5,,1H,1265.058505,Pass,Launch,6.0,8.0,0.0,13.0
27,Opponent12,Opponent12_G2,,1H,1404.77436,Pass,Launch,11.0,43.0,72.0,24.0
27,Opponent12,Opponent12_G2,,1H,1495.453129,Pass,Launch,17.0,50.0,61.0,34.0
27,Huskies,Huskies_F6,,1H,1503.223816,Pass,Launch,41.0,96.0,57.0,100.0
27,Huskies,Huskies_G1,,1H,2554.768708,Pass,Launch,15.0,75.0,69.0,83.0
27,Opponent12,Opponent12_D2,,1H,2662.254054,Pass,Launch,44.0,73.0,82.0,61.0
27,Opponent12,Opponent12_G2,Opponent12_M3,2H,193.07395600000018,Pass,Launch,24.0,37.0,81.0,71.0
27,Opponent12,Opponent12_D2,,2H,804.883491,Pass,Launch,25.0,96.0,62.0,62.0
27,Opponent12,Opponent12_G2,,2H,1880.0888889999997,Pass,Launch,9.0,52.0,74.0,34.0
27,Opponent12,Opponent12_D6,,2H,2837.1435229999997,Pass,Launch,25.0,45.0,57.0,53.0
28,Opponent11,Opponent11_G2,,1H,54.974153,Pass,Launch,12.0,62.0,54.0,51.0
28,Opponent11,Opponent11_G2,,1H,86.862214,Pass,Launch,6.0,57.0,56.0,62.0
28,Huskies,Huskies_D7,,1H,393.189608,Pass,Launch,22.0,92.0,22.0,89.0
28,Huskies,Huskies_G1,,1H,477.34214899999995,Pass,Launch,6.0,33.0,55.0,5.0
28,Opponent11,Opponent11_G2,,1H,885.0821209999999,Pass,Launch,24.0,38.0,76.0,23.0
28,Opponent11,Opponent11_G2,,1H,923.367088,Pass,Launch,12.0,56.0,63.0,34.0
28,Huskies,Huskies_G1,Huskies_F4,1H,1194.978144,Pass,Launch,7.0,37.0,58.0,30.0
28,Huskies,Huskies_G1,Huskies_F4,1H,1409.550224,Pass,Launch,11.0,37.0,63.0,69.0
28,Opponent11,Opponent11_G2,,1H,1696.892049,Pass,Launch,25.0,41.0,70.0,70.0
28,Opponent11,Opponent11_F1,,1H,1851.879203,Pass,Launch,28.0,58.0,55.0,82.0
28,Opponent11,Opponent11_D7,Opponent11_M6,1H,1919.9220690000002,Pass,Launch,8.0,71.0,33.0,86.0
28,Opponent11,Opponent11_D5,,1H,1987.6621639999998,Pass,Launch,25.0,36.0,40.0,22.0
28,Huskies,Huskies_F2,Huskies_F4,1H,2170.421345,Pass,Launch,11.0,48.0,44.0,50.0
28,Opponent11,Opponent11_G2,,1H,2305.033652,Pass,Launch,7.0,58.0,40.0,67.0
28,Opponent11,Opponent11_D7,,1H,2310.515282,Pass,Launch,34.0,68.0,68.0,59.0
28,Opponent11,Opponent11_G2,,1H,2345.785937,Pass,Launch,15.0,38.0,68.0,21.0
28,Huskies,Huskies_M6,,1H,2534.270856,Pass,Launch,24.0,9.0,29.0,6.0
28,Huskies,Huskies_G1,,1H,2557.841597,Pass,Launch,6.0,39.0,53.0,54.0
28,Huskies,Huskies_D2,,2H,41.28998199999978,Pass,Launch,30.0,84.0,65.0,65.0
28,Huskies,Huskies_M1,Huskies_F6,2H,341.578892,Pass,Launch,29.0,32.0,38.0,81.0
28,Opponent11,Opponent11_D5,,2H,442.65842999999995,Pass,Launch,63.0,16.0,75.0,18.0
28,Huskies,Huskies_M1,,2H,692.1158679999999,Pass,Launch,36.0,75.0,55.0,44.0
28,Opponent11,Opponent11_G2,,2H,739.6136590000001,Pass,Launch,23.0,38.0,75.0,38.0
28,Opponent11,Opponent11_G2,,2H,1235.6852440000002,Pass,Launch,26.0,36.0,70.0,80.0
28,Opponent11,Opponent11_D5,,2H,1292.4176349999998,Pass,Launch,34.0,31.0,60.0,26.0
28,Opponent11,Opponent11_D2,,2H,1464.0857770000002,Pass,Launch,28.0,14.0,66.0,19.0
28,Huskies,Huskies_D5,,2H,1595.3289100000002,Pass,Launch,10.0,9.0,42.0,22.0
28,Huskies,Huskies_D1,Huskies_F6,2H,1674.0005879999999,Pass,Launch,19.0,34.0,67.0,82.0
28,Opponent11,Opponent11_G2,,2H,1702.7197509999996,Pass,Launch,1.0,57.0,44.0,100.0
28,Huskies,Huskies_G1,,2H,1977.4215640000002,Pass,Launch,7.0,48.0,15.0,47.0
28,Opponent11,Opponent11_D5,,2H,2130.933414,Pass,Launch,22.0,59.0,43.0,62.0
28,Opponent11,Opponent11_G2,,2H,2397.1573099999996,Pass,Launch,7.0,49.0,61.0,0.0
28,Opponent11,Opponent11_D6,,2H,2451.5417479999996,Pass,Launch,32.0,98.0,67.0,74.0
29,Opponent7,Opponent7_D4,,1H,13.47845000000001,Pass,Launch,57.0,63.0,73.0,79.0
29,Huskies,Huskies_D2,,1H,47.555893,Pass,Launch,46.0,90.0,73.0,87.0
29,Opponent7,Opponent7_G1,,1H,226.297751,Pass,Launch,10.0,59.0,77.0,63.0
29,Opponent7,Opponent7_D2,,1H,258.513012,Pass,Launch,15.0,10.0,45.0,11.0
29,Huskies,Huskies_G1,,1H,298.972896,Pass,Launch,14.0,42.0,64.0,27.0
29,Opponent7,Opponent7_G1,,1H,721.315746,Pass,Launch,6.0,29.0,55.0,47.0
29,Opponent7,Opponent7_G1,,1H,734.489492,Pass,Launch,7.0,68.0,72.0,72.0
29,Huskies,Huskies_G1,,1H,1255.597943,Pass,Launch,3.0,42.0,64.0,35.0
29,Huskies,Huskies_G1,Huskies_F1,1H,1421.155465,Pass,Launch,14.0,42.0,68.0,35.0
29,Opponent7,Opponent7_G1,,1H,1479.068907,Pass,Launch,17.0,73.0,60.0,18.0
29,Huskies,Huskies_D2,Huskies_M6,1H,1532.527494,Pass,Launch,11.0,57.0,26.0,54.0
29,Opponent7,Opponent7_D3,,1H,1872.862944,Pass,Launch,6.0,93.0,47.0,87.0
29,Opponent7,Opponent7_G1,,1H,2105.672289,Pass,Launch,8.0,43.0,54.0,70.0
29,Opponent7,Opponent7_D4,,1H,2228.468578,Pass,Launch,18.0,49.0,59.0,0.0
29,Huskies,Huskies_G1,,1H,2451.378926,Pass,Launch,15.0,44.0,65.0,21.0
29,Opponent7,Opponent7_D3,Opponent7_M2,1H,2457.975592,Pass,Launch,10.0,75.0,34.0,95.0
29,Opponent7,Opponent7_G1,Opponent7_M2,1H,2563.423411,Pass,Launch,5.0,75.0,40.0,90.0
29,Opponent7,Opponent7_M6,Opponent7_F2,1H,2569.384818,Pass,Launch,36.0,70.0,70.0,79.0
29,Opponent7,Opponent7_M6,,1H,2638.070253,Pass,Launch,53.0,14.0,76.0,11.0
29,Huskies,Huskies_D8,,1H,2641.661581,Pass,Launch,36.0,93.0,38.0,100.0
29,Huskies,Huskies_M6,,1H,2650.603445,Pass,Launch,39.0,89.0,39.0,100.0
29,Huskies,Huskies_D8,Huskies_F1,1H,2692.456222,Pass,Launch,14.0,86.0,43.0,47.0
29,Opponent7,Opponent7_G1,,1H,2731.708739,Pass,Launch,15.0,31.0,60.0,22.0
29,Huskies,Huskies_G1,Huskies_F1,1H,2789.398773,Pass,Launch,11.0,49.0,56.0,6.0
29,Opponent7,Opponent7_D4,,2H,14.404653000000053,Pass,Launch,14.0,92.0,61.0,92.0
29,Huskies,Huskies_D2,Huskies_D5,2H,18.44810899999993,Pass,Launch,31.0,30.0,42.0,3.0
29,Huskies,Huskies_D1,Huskies_D1,2H,58.60573999999997,Pass,Launch,32.0,12.0,34.0,17.0
29,Opponent7,Opponent7_D3,,2H,74.85065799999984,Pass,Launch,4.0,95.0,47.0,81.0
29,Opponent7,Opponent7_G1,,2H,131.98754599999984,Pass,Launch,13.0,68.0,54.0,47.0
29,Opponent7,Opponent7_D4,,2H,245.3129560000002,Pass,Launch,36.0,97.0,68.0,83.0
29,Huskies,Huskies_F1,,2H,250.69694500000014,Pass,Launch,46.0,5.0,68.0,0.0
29,Huskies,Huskies_D1,Huskies_F5,2H,369.7352000000001,Pass,Launch,10.0,31.0,47.0,5.0
29,Opponent7,Opponent7_G1,,2H,404.91370099999995,Pass,Launch,22.0,53.0,64.0,68.0
29,Opponent7,Huskies_M8,,2H,505.86776499999996,Pass,Launch,55.0,97.0,70.0,77.0
29,Huskies,Huskies_G1,,2H,611.9603419999999,Pass,Launch,3.0,54.0,42.0,7.0
29,Opponent7,Opponent7_G1,Opponent7_F1,2H,941.3325,Pass,Launch,10.0,79.0,72.0,70.0
29,Huskies,Huskies_G1,Huskies_F5,2H,952.271487,Pass,Launch,8.0,38.0,71.0,5.0
29,Opponent7,Opponent7_D4,,2H,962.279059,Pass,Launch,12.0,99.0,61.0,86.0
29,Opponent7,Opponent7_D3,,2H,1017.7680869999999,Pass,Launch,16.0,90.0,40.0,61.0
29,Opponent7,Opponent7_D3,,2H,1022.704123,Pass,Launch,23.0,73.0,24.0,100.0
29,Opponent7,Opponent7_D2,Opponent7_F2,2H,1445.677079,Pass,Launch,54.0,28.0,74.0,57.0
29,Huskies,Huskies_D5,,2H,1495.1933019999997,Pass,Launch,35.0,6.0,58.0,17.0
29,Opponent7,Opponent7_M6,,2H,1647.0491949999996,Pass,Launch,29.0,68.0,70.0,93.0
29,Huskies,Huskies_D8,Huskies_F1,2H,2392.434923,Pass,Launch,27.0,91.0,47.0,92.0
29,Huskies,Huskies_G1,Huskies_F1,2H,2621.8312239999996,Pass,Launch,21.0,27.0,74.0,29.0
29,Opponent7,Opponent7_G1,Opponent7_F1,2H,2653.592732,Pass,Launch,16.0,51.0,69.0,56.0
29,Huskies,Huskies_M1,Huskies_F4,2H,2790.4236730000002,Pass,Launch,34.0,47.0,73.0,31.0
29,Huskies,Huskies_G1,,2H,2851.0781049999996,Pass,Launch,23.0,26.0,71.0,48.0
29,Huskies,Huskies_G1,,2H,2866.3142230000003,Pass,Launch,22.0,8.0,80.0,52.0
29,Huskies,Huskies_G1,,2H,2882.1341350000002,Pass,Launch,5.0,49.0,36.0,12.0
29,Huskies,Huskies_G1,,2H,2902.270171,Pass,Launch,25.0,10.0,70.0,58.0
30,Huskies,Huskies_D1,Huskies_F5,1H,5.190698999999995,Pass,Launch,30.0,38.0,80.0,2.0
30,Huskies,Huskies_G1,,1H,135.540644,Pass,Launch,14.0,61.0,68.0,62.0
30,Huskies,Huskies_G1,Huskies_M12,1H,274.653299,Pass,Launch,17.0,44.0,63.0,2.0
30,Opponent8,Opponent8_G1,,1H,478.354068,Pass,Launch,23.0,70.0,67.0,76.0
30,Opponent8,Opponent8_D2,,1H,486.99533199999996,Pass,Launch,22.0,85.0,42.0,78.0
30,Huskies,Huskies_D4,,1H,1946.460584,Pass,Launch,23.0,6.0,38.0,33.0
30,Opponent8,Opponent8_G1,,1H,2055.77566,Pass,Launch,10.0,61.0,56.0,52.0
30,Opponent8,Opponent8_D6,,1H,2217.867603,Pass,Launch,38.0,9.0,73.0,11.0
30,Huskies,Huskies_D3,,1H,2344.246374,Pass,Launch,3.0,4.0,37.0,15.0
30,Opponent8,Opponent8_D7,,1H,2442.295542,Pass,Launch,16.0,84.0,45.0,58.0
30,Huskies,Huskies_G1,,1H,2471.117164,Pass,Launch,11.0,34.0,69.0,0.0
30,Huskies,Huskies_G1,,1H,2549.809412,Pass,Launch,14.0,49.0,66.0,74.0
30,Opponent8,Opponent8_G1,,1H,2572.084118,Pass,Launch,13.0,56.0,63.0,87.0
30,Opponent8,Opponent8_G1,,1H,2628.08818,Pass,Launch,13.0,68.0,70.0,83.0
30,Opponent8,Opponent8_G1,,2H,82.7786799999999,Pass,Launch,12.0,63.0,65.0,62.0
30,Opponent8,Opponent8_G1,,2H,151.04529300000013,Pass,Launch,10.0,31.0,62.0,25.0
30,Opponent8,Opponent8_G1,Opponent8_M5,2H,315.77128200000016,Pass,Launch,12.0,61.0,71.0,82.0
30,Opponent8,Opponent8_G1,,2H,432.4802669999999,Pass,Launch,12.0,47.0,73.0,27.0
30,Opponent8,Opponent8_D6,,2H,529.774351,Pass,Launch,9.0,14.0,27.0,19.0
30,Huskies,Huskies_G1,Huskies_F5,2H,957.7939630000001,Pass,Launch,13.0,62.0,62.0,48.0
30,Opponent8,Opponent8_G1,,2H,1214.789995,Pass,Launch,13.0,41.0,65.0,13.0
30,Huskies,Huskies_F2,Huskies_F5,2H,1263.3441030000004,Pass,Launch,17.0,90.0,39.0,75.0
30,Opponent8,Opponent8_G1,,2H,1277.4412000000002,Pass,Launch,11.0,67.0,66.0,54.0
30,Huskies,Huskies_G1,,2H,1286.292004,Pass,Launch,7.0,46.0,65.0,57.0
30,Huskies,Huskies_G1,Huskies_M12,2H,1310.1174789999995,Pass,Launch,14.0,64.0,63.0,76.0
30,Huskies,Huskies_M12,,2H,1575.1712020000004,Pass,Launch,25.0,29.0,56.0,57.0
30,Opponent8,Opponent8_G1,,2H,2437.256961,Pass,Launch,10.0,54.0,64.0,51.0
30,Huskies,Huskies_G1,Huskies_M6,2H,2786.963514,Pass,Launch,15.0,49.0,54.0,47.0
31,Huskies,Huskies_D3,,1H,124.37513000000001,Pass,Launch,2.0,71.0,30.0,73.0
31,Opponent1,Opponent1_M5,Opponent1_G1,1H,193.439978,Pass,Launch,53.0,58.0,16.0,51.0
31,Opponent1,Opponent1_G1,,1H,279.106186,Pass,Launch,16.0,51.0,67.0,16.0
31,Opponent1,Opponent1_D3,,1H,536.762198,Pass,Launch,26.0,28.0,54.0,21.0
31,Huskies,Huskies_G1,,1H,585.662638,Pass,Launch,13.0,56.0,63.0,72.0
31,Opponent1,Opponent1_G1,,1H,829.367943,Pass,Launch,9.0,55.0,55.0,50.0
31,Opponent1,Opponent1_G1,,1H,900.6224159999999,Pass,Launch,11.0,65.0,16.0,100.0
31,Huskies,Huskies_G1,Huskies_F5,1H,1401.036377,Pass,Launch,10.0,46.0,67.0,50.0
31,Huskies,Huskies_D4,,1H,1644.747152,Pass,Launch,3.0,8.0,7.0,8.0
31,Huskies,Huskies_M4,Huskies_D8,1H,1667.711374,Pass,Launch,25.0,21.0,13.0,52.0
31,Opponent1,Opponent1_M6,,1H,2001.337516,Pass,Launch,5.0,19.0,3.0,21.0
31,Opponent1,Opponent1_G1,,1H,2135.936566,Pass,Launch,12.0,35.0,67.0,18.0
31,Opponent1,Opponent1_D5,,1H,2212.572125,Pass,Launch,45.0,2.0,62.0,59.0
31,Opponent1,Opponent1_M6,Opponent1_M4,1H,2287.885286,Pass,Launch,26.0,44.0,34.0,26.0
31,Opponent1,Opponent1_M3,,2H,21.042101999999886,Pass,Launch,35.0,85.0,58.0,85.0
31,Opponent1,Opponent1_G1,Opponent1_F4,2H,86.79333399999996,Pass,Launch,9.0,40.0,69.0,20.0
31,Huskies,Huskies_D8,,2H,90.83533299999999,Pass,Launch,23.0,93.0,26.0,95.0
31,Huskies,Huskies_D3,Huskies_F5,2H,109.50055100000009,Pass,Launch,21.0,90.0,32.0,84.0
31,Opponent1,Opponent1_G1,,2H,118.73787300000004,Pass,Launch,17.0,44.0,86.0,51.0
31,Huskies,Huskies_M12,,2H,391.54566699999987,Pass,Launch,22.0,16.0,40.0,35.0
31,Opponent1,Opponent1_M3,Opponent1_F4,2H,463.09201200000007,Pass,Launch,40.0,71.0,44.0,61.0
31,Opponent1,Opponent1_G1,,2H,493.244874,Pass,Launch,14.0,35.0,71.0,47.0
31,Opponent1,Opponent1_G1,Opponent1_M3,2H,867.7809729999999,Pass,Launch,13.0,41.0,58.0,53.0
31,Opponent1,Opponent1_G1,Opponent1_F4,2H,882.7408839999998,Pass,Launch,3.0,61.0,57.0,67.0
31,Huskies,Huskies_G1,,2H,1008.1598720000002,Pass,Launch,9.0,49.0,58.0,81.0
31,Opponent1,Opponent1_G1,,2H,1100.9829920000002,Pass,Launch,15.0,68.0,56.0,69.0
31,Opponent1,Opponent1_G1,,2H,1196.8159450000003,Pass,Launch,13.0,30.0,60.0,31.0
31,Opponent1,Opponent1_G1,,2H,1320.389102,Pass,Launch,7.0,66.0,44.0,95.0
31,Opponent1,Opponent1_G1,,2H,1832.1621169999999,Pass,Launch,24.0,38.0,68.0,41.0
31,Huskies,Huskies_G1,,2H,2408.851143,Pass,Launch,9.0,43.0,64.0,38.0
31,Huskies,Huskies_D3,,2H,2586.3271430000004,Pass,Launch,9.0,64.0,44.0,80.0
31,Opponent1,Opponent1_G1,,2H,2661.672697,Pass,Launch,26.0,49.0,66.0,65.0
31,Huskies,Huskies_D4,Huskies_F1,2H,2724.578088,Pass,Launch,15.0,47.0,40.0,42.0
31,Opponent1,Opponent1_G1,Opponent1_F4,2H,2876.7508049999997,Pass,Launch,5.0,57.0,56.0,55.0
31,Opponent1,Opponent1_G1,,2H,2945.215778,Pass,Launch,20.0,65.0,72.0,42.0
31,Huskies,Huskies_M3,,2H,2951.5827550000004,Pass,Launch,30.0,48.0,52.0,75.0
31,Opponent1,Opponent1_D6,Opponent1_F4,2H,2959.9857469999997,Pass,Launch,48.0,69.0,72.0,67.0
32,Huskies,Huskies_D4,,1H,205.922668,Pass,Launch,19.0,31.0,54.0,59.0
32,Huskies,Huskies_F2,,1H,221.68848100000002,Pass,Launch,24.0,56.0,24.0,68.0
32,Huskies,Huskies_D3,,1H,514.407192,Pass,Launch,39.0,52.0,46.0,24.0
32,Opponent2,Opponent2_D6,,1H,576.973995,Pass,Launch,8.0,5.0,26.0,13.0
32,Huskies,Huskies_D4,,1H,1399.763433,Pass,Launch,39.0,4.0,76.0,16.0
32,Huskies,Huskies_F5,,1H,1803.475352,Pass,Launch,66.0,1.0,89.0,39.0
32,Huskies,Huskies_M3,,2H,319.551289,Pass,Launch,20.0,38.0,33.0,33.0
32,Huskies,Huskies_D1,,2H,958.2546299999999,Pass,Launch,15.0,91.0,11.0,96.0
32,Huskies,Huskies_G1,,2H,1261.01343,Pass,Launch,4.0,27.0,55.0,52.0
32,Huskies,Huskies_G1,,2H,1478.9761589999998,Pass,Launch,9.0,21.0,54.0,36.0
32,Huskies,Huskies_F1,Huskies_M3,2H,1542.8575460000002,Pass,Launch,3.0,32.0,5.0,43.0
32,Huskies,Huskies_D3,,2H,1780.023478,Pass,Launch,44.0,79.0,69.0,65.0
32,Huskies,Huskies_G1,,2H,1886.059663,Pass,Launch,4.0,69.0,33.0,48.0
32,Huskies,Huskies_G1,,2H,1947.105944,Pass,Launch,5.0,49.0,68.0,53.0
32,Huskies,Huskies_G1,Huskies_M12,2H,2620.0581279999997,Pass,Launch,17.0,37.0,75.0,14.0
33,Huskies,Huskies_G1,,1H,276.126628,Pass,Launch,9.0,49.0,70.0,55.0
33,Opponent16,Opponent13_D1,Opponent16_M4,1H,729.408095,Pass,Launch,22.0,36.0,28.0,33.0
33,Huskies,Huskies_D4,,1H,802.792701,Pass,Launch,23.0,30.0,30.0,27.0
33,Huskies,Huskies_D4,Huskies_M3,1H,1252.278284,Pass,Launch,12.0,35.0,27.0,45.0
33,Huskies,Huskies_G1,,1H,1294.956496,Pass,Launch,11.0,47.0,71.0,75.0
33,Opponent16,Opponent16_M1,Opponent16_F3,1H,1402.278636,Pass,Launch,12.0,93.0,26.0,93.0
33,Huskies,Huskies_G1,,1H,1500.221104,Pass,Launch,10.0,72.0,64.0,71.0
33,Opponent16,Opponent16_G2,Opponent16_F1,1H,1527.531898,Pass,Launch,5.0,49.0,65.0,29.0
33,Opponent16,Opponent16_G2,Opponent16_F6,1H,1826.063547,Pass,Launch,9.0,53.0,62.0,82.0
33,Huskies,Huskies_D4,,1H,1918.226212,Pass,Launch,24.0,30.0,32.0,36.0
33,Opponent16,Opponent16_G2,,1H,1965.0984709999998,Pass,Launch,2.0,54.0,35.0,68.0
33,Huskies,Huskies_G1,,1H,2096.08045,Pass,Launch,12.0,46.0,73.0,19.0
33,Opponent16,Opponent16_G2,Opponent16_D5,1H,2616.012714,Pass,Launch,11.0,58.0,57.0,88.0
33,Opponent16,Opponent16_G2,Opponent16_F3,2H,140.0040429999999,Pass,Launch,10.0,52.0,69.0,33.0
33,Opponent16,Opponent16_G2,,2H,449.13524499999994,Pass,Launch,12.0,56.0,71.0,31.0
33,Huskies,Huskies_G1,Huskies_M12,2H,467.7271169999999,Pass,Launch,12.0,46.0,74.0,26.0
33,Opponent16,Opponent16_G2,,2H,789.0951129999999,Pass,Launch,8.0,68.0,62.0,62.0
33,Opponent16,Opponent16_D5,,2H,909.392053,Pass,Launch,19.0,97.0,45.0,93.0
33,Huskies,Huskies_D1,Huskies_F5,2H,972.8895710000002,Pass,Launch,22.0,18.0,48.0,23.0
33,Huskies,Huskies_D1,,2H,1041.8575540000002,Pass,Launch,16.0,11.0,30.0,0.0
33,Huskies,Huskies_D1,,2H,1067.3513079999998,Pass,Launch,9.0,8.0,39.0,5.0
33,Opponent16,Opponent16_D4,Opponent16_F6,2H,1132.4345830000002,Pass,Launch,30.0,21.0,50.0,57.0
33,Opponent16,Opponent16_D4,Opponent16_F3,2H,1158.189163,Pass,Launch,30.0,86.0,60.0,82.0
33,Opponent16,Opponent16_G2,Opponent16_F3,2H,1234.2174569999997,Pass,Launch,22.0,49.0,73.0,38.0
33,Opponent16,Opponent16_G2,,2H,1427.9781220000004,Pass,Launch,8.0,49.0,67.0,54.0
33,Huskies,Huskies_M3,,2H,1699.278257,Pass,Launch,19.0,37.0,47.0,51.0
33,Huskies,Huskies_G1,,2H,1807.8381710000003,Pass,Launch,11.0,35.0,70.0,75.0
33,Huskies,Huskies_G1,,2H,2365.7901330000004,Pass,Launch,10.0,30.0,69.0,13.0
33,Huskies,Huskies_G1,,2H,2431.9045610000003,Pass,Launch,13.0,40.0,70.0,62.0
33,Huskies,Huskies_G1,,2H,2597.726208,Pass,Launch,12.0,37.0,72.0,25.0
33,Opponent16,Opponent16_M2,,2H,2713.304392,Pass,Launch,26.0,41.0,34.0,35.0
33,Huskies,Huskies_G1,Huskies_F1,2H,2726.191925,Pass,Launch,29.0,32.0,76.0,24.0
33,Opponent16,Opponent16_G2,Opponent16_F3,2H,2744.939443,Pass,Launch,12.0,69.0,67.0,74.0
34,Huskies,Huskies_G1,,1H,38.078937999999994,Pass,Launch,16.0,33.0,91.0,64.0
34,Opponent18,Opponent18_G1,,1H,55.854186,Pass,Launch,9.0,36.0,63.0,16.0
34,Huskies,Huskies_G1,,1H,103.30640599999998,Pass,Launch,12.0,46.0,76.0,72.0
34,Opponent18,Opponent18_G1,Opponent18_F3,1H,148.23189000000002,Pass,Launch,3.0,43.0,60.0,22.0
34,Huskies,Huskies_D3,Huskies_F6,1H,210.782759,Pass,Launch,15.0,61.0,25.0,88.0
34,Opponent18,Opponent18_G1,,1H,408.12695399999996,Pass,Launch,8.0,66.0,36.0,93.0
34,Huskies,Huskies_G1,,1H,421.262065,Pass,Launch,13.0,55.0,87.0,31.0
34,Opponent18,Opponent18_D3,,1H,887.3955530000001,Pass,Launch,36.0,95.0,75.0,71.0
34,Opponent18,Opponent18_M3,,1H,912.681247,Pass,Launch,12.0,75.0,34.0,91.0
34,Opponent18,Opponent18_D4,,1H,1146.623175,Pass,Launch,29.0,25.0,76.0,79.0
34,Opponent18,Opponent18_D1,,1H,1495.383555,Pass,Launch,16.0,10.0,34.0,9.0
34,Opponent18,Opponent18_M8,,1H,1560.707538,Pass,Launch,26.0,71.0,51.0,77.0
34,Opponent18,Opponent18_G1,,1H,1681.724821,Pass,Launch,4.0,45.0,55.0,47.0
34,Opponent18,Opponent18_G1,,1H,2008.6055430000001,Pass,Launch,12.0,73.0,31.0,29.0
34,Opponent18,Opponent18_G1,,1H,2273.365558,Pass,Launch,10.0,65.0,54.0,48.0
34,Huskies,Huskies_D3,Huskies_F5,1H,2317.996707,Pass,Launch,35.0,86.0,68.0,55.0
34,Opponent18,Opponent18_D3,,1H,2462.319407,Pass,Launch,29.0,95.0,77.0,72.0
34,Opponent18,Opponent18_D2,,1H,2507.399984,Pass,Launch,29.0,66.0,63.0,100.0
34,Huskies,Huskies_G1,Huskies_M12,1H,2774.208559,Pass,Launch,18.0,45.0,72.0,20.0
34,Opponent18,Opponent18_D2,,1H,2781.297981,Pass,Launch,25.0,69.0,63.0,87.0
34,Huskies,Huskies_G1,Huskies_M12,2H,109.09683300000006,Pass,Launch,12.0,45.0,72.0,18.0
34,Huskies,Huskies_G1,,2H,131.24285700000019,Pass,Launch,10.0,71.0,71.0,71.0
34,Huskies,Huskies_G1,,2H,294.4752360000002,Pass,Launch,3.0,81.0,37.0,96.0
34,Huskies,Huskies_D8,,2H,358.93396600000005,Pass,Launch,21.0,79.0,57.0,50.0
34,Huskies,Huskies_D1,Huskies_F2,2H,398.54217000000017,Pass,Launch,15.0,8.0,32.0,32.0
34,Opponent18,Opponent18_D3,,2H,465.8184339999998,Pass,Launch,12.0,61.0,61.0,58.0
34,Huskies,Huskies_G1,Huskies_F5,2H,778.2086829999998,Pass,Launch,4.0,50.0,72.0,34.0
34,Huskies,Huskies_D1,Huskies_F5,2H,1203.8987280000001,Pass,Launch,26.0,34.0,71.0,32.0
34,Huskies,Huskies_M3,Huskies_F5,2H,1322.5259779999997,Pass,Launch,22.0,56.0,36.0,47.0
34,Huskies,Huskies_G1,Huskies_F2,2H,1786.8550290000003,Pass,Launch,10.0,42.0,48.0,23.0
34,Huskies,Huskies_D1,,2H,2217.159122,Pass,Launch,6.0,91.0,40.0,82.0
34,Huskies,Huskies_G1,Huskies_F5,2H,2321.8426280000003,Pass,Launch,25.0,31.0,77.0,66.0
34,Huskies,Huskies_G1,Huskies_F5,2H,2503.3623289999996,Pass,Launch,9.0,34.0,60.0,27.0
34,Opponent18,Opponent18_G1,,2H,2641.0822529999996,Pass,Launch,10.0,58.0,72.0,76.0
34,Huskies,Huskies_G1,,2H,2875.837804,Pass,Launch,7.0,96.0,82.0,88.0
35,Opponent17,Opponent17_G2,Opponent17_F3,1H,548.505597,Pass,Launch,12.0,50.0,65.0,66.0
35,Huskies,Huskies_D3,,1H,635.186002,Pass,Launch,21.0,55.0,42.0,71.0
35,Huskies,Huskies_G1,,1H,1204.866537,Pass,Launch,13.0,51.0,73.0,91.0
35,Opponent17,Opponent17_D2,,1H,1704.210873,Pass,Launch,13.0,92.0,35.0,90.0
35,Opponent17,Opponent17_G2,,1H,1794.265082,Pass,Launch,9.0,53.0,86.0,85.0
35,Huskies,Huskies_G1,,1H,1845.303362,Pass,Launch,19.0,37.0,82.0,63.0
35,Huskies,Huskies_G1,,1H,2229.413593,Pass,Launch,10.0,33.0,23.0,49.0
35,Opponent17,Opponent17_F3,,2H,958.8961199999999,Pass,Launch,22.0,72.0,52.0,93.0
35,Huskies,Huskies_D8,,2H,1164.570601,Pass,Launch,58.0,80.0,23.0,28.0
35,Opponent17,Opponent17_D3,Opponent17_M7,2H,1170.721086,Pass,Launch,26.0,32.0,36.0,18.0
35,Opponent17,Opponent17_M7,Opponent17_F1,2H,1262.0367540000002,Pass,Launch,29.0,32.0,36.0,25.0
35,Huskies,Huskies_F2,,2H,1304.5839699999997,Pass,Launch,30.0,17.0,44.0,0.0
35,Huskies,Huskies_D1,,2H,1333.5827419999996,Pass,Launch,16.0,37.0,59.0,30.0
35,Opponent17,Opponent17_D3,,2H,1338.5589929999996,Pass,Launch,31.0,73.0,40.0,79.0
35,Huskies,Huskies_D3,,2H,1585.5181860000002,Pass,Launch,31.0,48.0,89.0,29.0
35,Opponent17,Opponent17_G2,Opponent17_F1,2H,1598.0668539999997,Pass,Launch,25.0,70.0,63.0,26.0
35,Opponent17,Opponent17_G2,,2H,1708.8673559999997,Pass,Launch,21.0,65.0,72.0,40.0
35,Huskies,Huskies_G1,,2H,1726.659552,Pass,Launch,6.0,45.0,53.0,49.0
35,Huskies,Huskies_G1,Huskies_F1,2H,1980.8638440000004,Pass,Launch,18.0,29.0,69.0,54.0
35,Huskies,Huskies_M1,,2H,2028.4218890000002,Pass,Launch,23.0,53.0,66.0,78.0
35,Huskies,Huskies_D8,,2H,2393.621398,Pass,Launch,35.0,89.0,74.0,86.0
35,Huskies,Huskies_D3,,2H,2603.696685,Pass,Launch,44.0,59.0,79.0,47.0
36,Huskies,Huskies_G1,,1H,66.944286,Pass,Launch,28.0,30.0,70.0,32.0
36,Opponent15,Opponent15_G1,,1H,472.31315700000005,Pass,Launch,4.0,42.0,54.0,52.0
36,Huskies,Huskies_M3,,1H,558.543284,Pass,Launch,8.0,30.0,40.0,4.0
36,Huskies,Huskies_D4,,1H,592.43739,Pass,Launch,19.0,15.0,65.0,47.0
36,Huskies,Huskies_D3,Huskies_M9,1H,1119.750453,Pass,Launch,6.0,89.0,27.0,80.0
36,Huskies,Huskies_D3,Huskies_F6,1H,1126.956662,Pass,Launch,10.0,61.0,29.0,14.0
36,Huskies,Huskies_G1,,1H,1387.208765,Pass,Launch,11.0,45.0,73.0,34.0
36,Opponent15,Opponent15_D6,,1H,1395.1774,Pass,Launch,34.0,91.0,74.0,14.0
36,Huskies,Huskies_D1,Huskies_F5,1H,1570.867737,Pass,Launch,15.0,18.0,41.0,3.0
36,Huskies,Huskies_G1,,1H,1731.81985,Pass,Launch,18.0,44.0,60.0,3.0
36,Huskies,Huskies_G1,,1H,1868.014169,Pass,Launch,10.0,31.0,66.0,16.0
36,Huskies,Huskies_G1,,1H,1929.281624,Pass,Launch,12.0,96.0,44.0,87.0
36,Opponent15,Opponent15_G1,,1H,2020.582249,Pass,Launch,14.0,64.0,61.0,52.0
36,Huskies,Huskies_D8,Huskies_F2,1H,2041.008598,Pass,Launch,10.0,46.0,37.0,11.0
36,Huskies,Huskies_D8,,1H,2228.517169,Pass,Launch,25.0,89.0,73.0,82.0
36,Huskies,Huskies_G1,,1H,2251.37021,Pass,Launch,7.0,29.0,47.0,19.0
36,Huskies,Huskies_G1,,1H,2613.10019,Pass,Launch,8.0,51.0,68.0,100.0
36,Huskies,Huskies_D3,,1H,2655.17317,Pass,Launch,10.0,94.0,7.0,88.0
36,Huskies,Huskies_M3,,2H,11.565848000000187,Pass,Launch,30.0,30.0,31.0,37.0
36,Huskies,Huskies_D3,,2H,68.52333700000008,Pass,Launch,14.0,71.0,60.0,14.0
36,Huskies,Huskies_D3,,2H,109.81828700000005,Pass,Launch,11.0,62.0,42.0,48.0
36,Huskies,Huskies_M3,Huskies_M1,2H,447.7292560000001,Pass,Launch,11.0,57.0,11.0,74.0
36,Huskies,Huskies_F2,,2H,450.18189699999994,Pass,Launch,26.0,65.0,71.0,29.0
36,Huskies,Huskies_D1,,2H,1171.3119450000004,Pass,Launch,8.0,48.0,32.0,53.0
36,Huskies,Huskies_D1,Huskies_F5,2H,1243.3444170000002,Pass,Launch,27.0,24.0,48.0,19.0
36,Opponent15,Opponent15_G1,Opponent15_M7,2H,1550.6669380000003,Pass,Launch,23.0,54.0,70.0,52.0
36,Huskies,Huskies_D3,Huskies_D8,2H,1640.627947,Pass,Launch,58.0,73.0,71.0,89.0
36,Opponent15,Opponent15_G1,,2H,1694.894784,Pass,Launch,24.0,49.0,70.0,52.0
36,Huskies,Huskies_D10,,2H,1810.0202129999998,Pass,Launch,35.0,46.0,100.0,100.0
36,Opponent15,Opponent15_G1,,2H,1862.0772729999999,Pass,Launch,24.0,63.0,67.0,71.0
36,Huskies,Huskies_D3,Huskies_F6,2H,1872.3727150000004,Pass,Launch,16.0,13.0,53.0,23.0
36,Huskies,Huskies_G1,Huskies_F4,2H,2001.9501469999996,Pass,Launch,11.0,43.0,71.0,27.0
36,Opponent15,Opponent15_G1,,2H,2045.7459909999998,Pass,Launch,15.0,90.0,65.0,40.0
36,Opponent15,Opponent15_D3,,2H,2113.699563,Pass,Launch,32.0,20.0,80.0,36.0
36,Huskies,Huskies_G1,,2H,2117.983749,Pass,Launch,20.0,64.0,38.0,100.0
36,Opponent15,Opponent15_G1,,2H,2233.768043,Pass,Launch,28.0,76.0,62.0,100.0
36,Opponent15,Opponent15_G1,Opponent15_F4,2H,2578.876271,Pass,Launch,16.0,43.0,65.0,29.0
36,Opponent15,Opponent15_G1,,2H,2749.369398,Pass,Launch,11.0,27.0,40.0,20.0
36,Huskies,Huskies_D1,Huskies_F6,2H,2776.6072780000004,Pass,Launch,39.0,92.0,71.0,88.0
36,Huskies,Huskies_F4,,2H,2902.3202490000003,Pass,Launch,40.0,18.0,76.0,45.0
36,Opponent15,Opponent15_G1,,2H,2907.5451460000004,Pass,Launch,24.0,55.0,69.0,48.0
37,Opponent13,Opponent13_D6,,1H,304.91786,Pass,Launch,21.0,90.0,58.0,76.0
37,Huskies,Huskies_G1,,1H,323.41487900000004,Pass,Launch,12.0,34.0,87.0,71.0
37,Opponent13,Opponent13_G2,Opponent13_F1,1H,901.376068,Pass,Launch,6.0,59.0,63.0,94.0
37,Huskies,Huskies_G1,,1H,912.3893949999999,Pass,Launch,8.0,50.0,73.0,60.0
37,Opponent13,Opponent13_M2,Opponent13_D4,1H,1017.3274710000001,Pass,Launch,25.0,33.0,31.0,21.0
37,Huskies,Huskies_G1,,1H,1127.501188,Pass,Launch,6.0,46.0,69.0,25.0
37,Opponent13,Opponent13_G2,,1H,2063.631495,Pass,Launch,10.0,40.0,86.0,0.0
37,Huskies,Huskies_G1,,1H,2358.351894,Pass,Launch,7.0,45.0,61.0,19.0
37,Opponent13,Opponent13_M2,,1H,2622.784109,Pass,Launch,14.0,11.0,28.0,9.0
37,Huskies,Huskies_G1,,2H,77.59606600000006,Pass,Launch,14.0,36.0,96.0,0.0
37,Huskies,Huskies_G1,Huskies_F5,2H,118.70519800000011,Pass,Launch,12.0,32.0,72.0,30.0
37,Huskies,Huskies_G1,,2H,151.13005299999986,Pass,Launch,10.0,9.0,66.0,27.0
37,Opponent13,Opponent13_D2,Opponent13_M8,2H,382.4177159999999,Pass,Launch,20.0,20.0,41.0,21.0
37,Huskies,Huskies_G1,,2H,399.3017970000001,Pass,Launch,11.0,72.0,62.0,62.0
37,Huskies,Huskies_G1,,2H,909.132454,Pass,Launch,8.0,28.0,52.0,32.0
37,Huskies,Huskies_D10,,2H,1170.890034,Pass,Launch,64.0,5.0,75.0,51.0
37,Opponent13,Opponent13_D3,Opponent13_F1,2H,1176.3439019999996,Pass,Launch,23.0,91.0,52.0,82.0
37,Huskies,Huskies_G1,Huskies_M1,2H,1272.9824449999996,Pass,Launch,10.0,40.0,53.0,52.0
37,Huskies,Huskies_G1,,2H,1346.727747,Pass,Launch,10.0,51.0,91.0,100.0
37,Huskies,Huskies_D3,,2H,1520.1726360000002,Pass,Launch,11.0,5.0,48.0,12.0
37,Huskies,Huskies_D10,,2H,1709.5161719999996,Pass,Launch,58.0,19.0,67.0,16.0
37,Huskies,Huskies_G1,Huskies_F5,2H,1889.4479149999997,Pass,Launch,9.0,44.0,67.0,36.0
37,Opponent13,Opponent13_D4,,2H,2169.3492560000004,Pass,Launch,23.0,35.0,65.0,77.0
37,Huskies,Huskies_G1,,2H,2180.309593,Pass,Launch,12.0,58.0,75.0,95.0
37,Opponent13,Opponent13_D3,,2H,2440.3800659999997,Pass,Launch,29.0,86.0,69.0,18.0
37,Opponent13,Opponent13_D2,,2H,2519.658558,Pass,Launch,25.0,7.0,89.0,18.0
37,Opponent13,Opponent13_G2,Opponent13_F2,2H,2660.7985959999996,Pass,Launch,14.0,68.0,74.0,80.0
38,Opponent14,Opponent14_D6,,1H,83.40797800000001,Pass,Launch,27.0,81.0,66.0,58.0
38,Opponent14,Opponent14_G2,,1H,229.79620799999998,Pass,Launch,11.0,37.0,68.0,41.0
38,Opponent14,Opponent14_G2,,1H,715.161155,Pass,Launch,20.0,61.0,86.0,53.0
38,Opponent14,Opponent14_D2,,1H,1267.226388,Pass,Launch,31.0,24.0,86.0,42.0
38,Huskies,Huskies_G1,,1H,1278.156542,Pass,Launch,9.0,68.0,54.0,93.0
38,Opponent14,Opponent14_G2,,1H,1316.253706,Pass,Launch,9.0,49.0,46.0,11.0
38,Huskies,Huskies_M3,Huskies_F4,1H,1418.946281,Pass,Launch,40.0,90.0,56.0,88.0
38,Huskies,Huskies_G1,Huskies_M1,1H,1599.721318,Pass,Launch,3.0,42.0,35.0,37.0
38,Opponent14,Opponent14_G2,,1H,1868.2694390000001,Pass,Launch,8.0,32.0,43.0,19.0
38,Huskies,Huskies_D3,,1H,1873.2798710000002,Pass,Launch,41.0,84.0,81.0,58.0
38,Huskies,Huskies_G1,Huskies_M3,1H,2463.119202,Pass,Launch,6.0,13.0,39.0,23.0
38,Opponent14,Opponent14_G2,,1H,2642.728152,Pass,Launch,4.0,33.0,54.0,32.0
38,Huskies,Huskies_D3,,1H,2705.621491,Pass,Launch,34.0,28.0,71.0,19.0
38,Opponent14,Opponent14_D6,,2H,140.09288000000015,Pass,Launch,17.0,50.0,51.0,0.0
38,Opponent14,Opponent14_G2,,2H,276.82665799999995,Pass,Launch,10.0,52.0,58.0,90.0
38,Huskies,Huskies_D4,,2H,298.2417690000002,Pass,Launch,8.0,8.0,35.0,16.0
38,Opponent14,Opponent14_G2,Opponent14_D1,2H,394.1746680000001,Pass,Launch,16.0,62.0,53.0,92.0
38,Opponent14,Opponent14_G2,Opponent14_M6,2H,428.3608680000002,Pass,Launch,4.0,46.0,47.0,19.0
38,Opponent14,Opponent14_G2,,2H,863.4703049999998,Pass,Launch,9.0,62.0,61.0,67.0
38,Opponent14,Opponent14_G2,Opponent14_F1,2H,1351.0244160000002,Pass,Launch,12.0,53.0,62.0,49.0
38,Opponent14,Opponent14_G2,,2H,1571.3882009999998,Pass,Launch,11.0,65.0,43.0,91.0
38,Opponent14,Opponent14_G2,,2H,1793.4080889999996,Pass,Launch,10.0,47.0,45.0,67.0
38,Huskies,Huskies_G1,,2H,1853.4654339999997,Pass,Launch,23.0,44.0,64.0,82.0
