1,Huskies,Huskies_F3,,1H,725.762958,Shot,Shot,83.0,45.0,0.0,0.0
1,Opponent1,Opponent1_M3,,1H,871.508779,Shot,Shot,76.0,65.0,100.0,100.0
1,Opponent1,Opponent1_M3,,1H,874.3453139999999,Shot,Shot,83.0,67.0,100.0,100.0
1,Huskies,Huskies_M1,,1H,1190.187435,Shot,Shot,79.0,72.0,0.0,0.0
1,Huskies,Huskies_M1,,1H,1430.877737,Shot,Shot,83.0,59.0,0.0,0.0
1,Opponent1,Opponent1_F3,,1H,2046.0921819999999,Shot,Shot,83.0,73.0,100.0,100.0
1,Opponent1,Opponent1_F2,,1H,2091.065818,Shot,Shot,88.0,24.0,100.0,100.0
1,Huskies,Huskies_F2,,1H,2714.265932,Shot,Shot,94.0,49.0,0.0,0.0
1,Opponent1,Opponent1_F1,,2H,23.133140999999796,Shot,Shot,86.0,30.0,100.0,100.0
1,Huskies,Huskies_F1,,2H,507.5594379999998,Shot,Shot,89.0,63.0,0.0,0.0
1,Opponent1,Opponent1_M1,,2H,764.4761020000001,Shot,Shot,75.0,35.0,100.0,100.0
1,Huskies,Huskies_F1,,2H,973.9968660000004,Shot,Shot,90.0,52.0,0.0,0.0
1,Huskies,Huskies_F1,,2H,1401.0884539999997,Shot,Shot,92.0,31.0,0.0,0.0
1,Huskies,Huskies_F3,,2H,1685.252638,Shot,Shot,82.0,35.0,0.0,0.0
1,Opponent1,Opponent1_F3,,2H,1765.4450880000004,Shot,Shot,87.0,61.0,100.0,100.0
1,Opponent1,Opponent1_F4,,2H,2403.7635440000004,Shot,Shot,87.0,61.0,100.0,100.0
1,Opponent1,Opponent1_F5,,2H,2444.7220399999997,Shot,Shot,88.0,67.0,100.0,100.0
1,Opponent1,Opponent1_M2,,2H,2857.883487,Shot,Shot,77.0,35.0,100.0,100.0
2,Opponent2,Opponent2_D2,,1H,86.453915,Shot,Shot,75.0,30.0,0.0,0.0
2,Huskies,Huskies_F1,,1H,181.174985,Shot,Shot,83.0,79.0,100.0,100.0
2,Opponent2,Opponent2_F2,,1H,514.063628,Shot,Shot,89.0,65.0,0.0,0.0
2,Opponent2,Opponent2_F2,,1H,653.920218,Shot,Shot,91.0,65.0,0.0,0.0
2,Opponent2,Opponent2_F1,,1H,688.817788,Shot,Shot,73.0,41.0,0.0,0.0
2,Opponent2,Opponent2_M4,,1H,917.36047,Shot,Shot,76.0,56.0,0.0,0.0
2,Huskies,Huskies_M4,,1H,930.190404,Shot,Shot,77.0,50.0,100.0,100.0
2,Huskies,Huskies_D2,,1H,1114.056953,Shot,Shot,90.0,44.0,100.0,100.0
2,Opponent2,Opponent2_D2,,1H,1530.165714,Shot,Shot,73.0,27.0,0.0,0.0
2,Opponent2,Opponent2_D2,,1H,1562.175715,Shot,Shot,90.0,55.0,0.0,0.0
2,Opponent2,Opponent2_M2,,1H,2023.902697,Shot,Shot,91.0,38.0,0.0,0.0
2,Huskies,Huskies_F2,,1H,2074.167487,Shot,Shot,90.0,58.0,100.0,100.0
2,Opponent2,Opponent2_D4,,1H,2224.711848,Shot,Shot,87.0,38.0,0.0,0.0
2,Opponent2,Opponent2_F1,,1H,2559.461931,Shot,Shot,89.0,59.0,0.0,0.0
2,Huskies,Huskies_F1,,1H,2688.840805,Shot,Shot,86.0,55.0,100.0,100.0
2,Opponent2,Opponent2_F2,,2H,304.91583200000014,Shot,Shot,82.0,51.0,0.0,0.0
2,Opponent2,Opponent2_M2,,2H,750.6689729999998,Shot,Shot,77.0,65.0,0.0,0.0
2,Opponent2,Opponent2_M5,,2H,1510.4972360000002,Shot,Shot,90.0,58.0,0.0,0.0
2,Opponent2,Opponent2_F3,,2H,1587.9179590000003,Shot,Shot,73.0,56.0,0.0,0.0
2,Huskies,Huskies_F2,,2H,1687.9187840000004,Shot,Shot,71.0,93.0,100.0,100.0
2,Opponent2,Opponent2_F3,,2H,1724.8726299999998,Shot,Shot,88.0,69.0,0.0,0.0
2,Opponent2,Opponent2_M4,,2H,1781.1693729999997,Shot,Shot,82.0,53.0,0.0,0.0
2,Opponent2,Opponent2_D5,,2H,1902.1213909999997,Shot,Shot,93.0,67.0,0.0,0.0
2,Huskies,Huskies_F2,,2H,1985.9136850000004,Shot,Shot,88.0,56.0,100.0,100.0
2,Opponent2,Opponent2_F3,,2H,2216.138172,Shot,Shot,90.0,49.0,0.0,0.0
3,Opponent3,Opponent3_F1,,1H,160.96976899999999,Shot,Shot,87.0,22.0,0.0,0.0
3,Opponent3,Opponent3_F2,,1H,576.05759,Shot,Shot,88.0,41.0,0.0,0.0
3,Opponent3,Opponent3_M4,,1H,710.280406,Shot,Shot,83.0,66.0,0.0,0.0
3,Opponent3,Opponent3_M4,,1H,753.048497,Shot,Shot,82.0,66.0,0.0,0.0
3,Opponent3,Opponent3_D3,,1H,761.009511,Shot,Shot,84.0,34.0,0.0,0.0
3,Opponent3,Opponent3_F2,,1H,783.325983,Shot,Shot,81.0,61.0,0.0,0.0
3,Opponent3,Opponent3_M1,,1H,1582.550114,Shot,Shot,90.0,60.0,0.0,0.0
3,Huskies,Huskies_M6,,1H,1971.4278250000002,Shot,Shot,76.0,37.0,100.0,100.0
3,Opponent3,Opponent3_F1,,1H,2368.059021,Shot,Shot,94.0,55.0,0.0,0.0
3,Opponent3,Opponent3_M1,,1H,2506.927874,Shot,Shot,66.0,71.0,0.0,0.0
3,Opponent3,Opponent3_F2,,2H,124.10911100000021,Shot,Shot,80.0,46.0,0.0,0.0
3,Huskies,Huskies_F3,,2H,258.30991600000016,Shot,Shot,91.0,43.0,100.0,100.0
3,Opponent3,Opponent3_M2,,2H,500.52213699999993,Shot,Shot,96.0,67.0,0.0,0.0
3,Opponent3,Opponent3_F2,,2H,814.0266310000002,Shot,Shot,88.0,67.0,0.0,0.0
3,Opponent3,Opponent3_M2,,2H,898.9917879999998,Shot,Shot,87.0,71.0,0.0,0.0
3,Opponent3,Opponent3_D2,,2H,1423.1856500000004,Shot,Shot,82.0,66.0,0.0,0.0
3,Huskies,Huskies_F2,,2H,1446.6657180000002,Shot,Shot,79.0,53.0,100.0,100.0
3,Opponent3,Opponent3_M5,,2H,2065.368405,Shot,Shot,84.0,52.0,0.0,0.0
3,Huskies,Huskies_D2,,2H,2144.949453,Shot,Shot,83.0,49.0,100.0,100.0
3,Huskies,Huskies_D2,,2H,2357.8118240000003,Shot,Shot,94.0,46.0,100.0,100.0
3,Opponent3,Opponent3_F3,,2H,2404.7226739999996,Shot,Shot,86.0,27.0,0.0,0.0
3,Opponent3,Opponent3_D4,,2H,2415.8431849999997,Shot,Shot,81.0,68.0,0.0,0.0
3,Huskies,Huskies_M8,,2H,2507.001846,Shot,Shot,87.0,56.0,100.0,100.0
3,Huskies,Huskies_M1,,2H,2509.9351530000004,Shot,Shot,78.0,61.0,100.0,100.0
3,Opponent3,Opponent3_M4,,2H,2678.338401,Shot,Shot,87.0,68.0,0.0,0.0
4,Huskies,Huskies_F3,,1H,357.604726,Shot,Shot,91.0,56.0,0.0,0.0
4,Opponent4,Opponent4_M1,,1H,389.854103,Shot,Shot,84.0,40.0,100.0,100.0
4,Opponent4,Opponent4_M1,,1H,703.621502,Shot,Shot,86.0,49.0,100.0,100.0
4,Opponent4,Opponent4_M2,,1H,895.186852,Shot,Shot,89.0,47.0,100.0,100.0
4,Opponent4,Opponent4_F1,,1H,901.474183,Shot,Shot,97.0,44.0,100.0,100.0
4,Huskies,Huskies_M6,,1H,1203.079525,Shot,Shot,83.0,42.0,0.0,0.0
4,Opponent4,Opponent4_F1,,1H,1664.160104,Shot,Shot,79.0,85.0,100.0,100.0
4,Huskies,Huskies_F3,,1H,1826.157444,Shot,Shot,85.0,42.0,0.0,0.0
4,Opponent4,Opponent4_D5,,1H,2476.710309,Shot,Shot,94.0,34.0,100.0,100.0
4,Opponent4,Opponent4_M1,,1H,2478.424573,Shot,Shot,95.0,45.0,100.0,100.0
4,Opponent4,Opponent4_D3,,1H,2618.16544,Shot,Shot,83.0,70.0,100.0,100.0
4,Opponent4,Opponent4_F1,,1H,2817.826813,Shot,Shot,84.0,53.0,100.0,100.0
4,Opponent4,Opponent4_F1,,2H,45.455327000000125,Shot,Shot,92.0,48.0,100.0,100.0
4,Opponent4,Opponent4_M1,,2H,431.4664499999999,Shot,Shot,92.0,56.0,100.0,100.0
4,Opponent4,Opponent4_F1,,2H,485.40348600000016,Shot,Shot,94.0,58.0,100.0,100.0
4,Opponent4,Opponent4_M2,,2H,786.20388,Shot,Shot,94.0,47.0,100.0,100.0
4,Huskies,Huskies_M1,,2H,1253.7521820000002,Shot,Shot,81.0,72.0,0.0,0.0
4,Opponent4,Opponent4_M4,,2H,1439.3964500000002,Shot,Shot,74.0,52.0,100.0,100.0
4,Huskies,Huskies_F1,,2H,2277.0111020000004,Shot,Shot,89.0,60.0,0.0,0.0
4,Huskies,Huskies_M6,,2H,2329.6059379999997,Shot,Shot,97.0,34.0,0.0,0.0
4,Huskies,Huskies_F2,,2H,2356.2240549999997,Shot,Shot,93.0,51.0,0.0,0.0
4,Opponent4,Opponent4_M4,,2H,2584.999337,Shot,Shot,84.0,31.0,100.0,100.0
4,Huskies,Huskies_M6,,2H,2725.426663,Shot,Shot,84.0,33.0,0.0,0.0
4,Huskies,Huskies_M6,,2H,2865.110662,Shot,Shot,89.0,70.0,0.0,0.0
5,Opponent5,Opponent5_D2,,1H,197.106582,Shot,Shot,82.0,71.0,0.0,0.0
5,Huskies,Huskies_F2,,1H,1218.150059,Shot,Shot,86.0,51.0,100.0,100.0
5,Opponent5,Opponent5_F1,,1H,1531.04736,Shot,Shot,92.0,54.0,0.0,0.0
5,Huskies,Huskies_D1,,1H,1618.312504,Shot,Shot,87.0,49.0,100.0,100.0
5,Opponent5,Opponent5_F2,,1H,2035.6913180000001,Shot,Shot,88.0,34.0,0.0,0.0
5,Opponent5,Opponent5_F1,,1H,2267.190231,Shot,Shot,88.0,42.0,0.0,0.0
5,Huskies,Huskies_F2,,2H,50.094196999999895,Shot,Shot,94.0,59.0,100.0,100.0
5,Opponent5,Opponent5_F2,,2H,355.7130309999998,Shot,Shot,87.0,32.0,0.0,0.0
5,Huskies,Huskies_M6,,2H,955.1630030000001,Shot,Shot,93.0,64.0,100.0,100.0
5,Opponent5,Opponent5_M5,,2H,1449.8596669999997,Shot,Shot,90.0,42.0,0.0,0.0
5,Huskies,Huskies_F3,,2H,1702.5763530000004,Shot,Shot,80.0,37.0,100.0,100.0
5,Opponent5,Opponent5_M5,,2H,1727.9602489999997,Shot,Shot,88.0,31.0,0.0,0.0
5,Opponent5,Opponent5_M1,,2H,1810.2447679999996,Shot,Shot,70.0,45.0,0.0,0.0
5,Opponent5,Opponent5_M5,,2H,1960.555241,Shot,Shot,88.0,50.0,0.0,0.0
5,Opponent5,Opponent5_M3,,2H,2275.3617240000003,Shot,Shot,90.0,36.0,0.0,0.0
5,Opponent5,Opponent5_M1,,2H,2630.219352,Shot,Shot,81.0,34.0,0.0,0.0
5,Opponent5,Opponent5_F1,,2H,2632.9032589999997,Shot,Shot,97.0,57.0,0.0,0.0
5,Huskies,Huskies_F3,,2H,2706.4251809999996,Shot,Shot,77.0,41.0,100.0,100.0
6,Huskies,Huskies_F1,,1H,350.323723,Shot,Shot,93.0,55.0,0.0,0.0
6,Huskies,Huskies_D2,,1H,729.951008,Shot,Shot,86.0,46.0,0.0,0.0
6,Opponent6,Opponent6_M2,,1H,956.091277,Shot,Shot,80.0,24.0,100.0,100.0
6,Huskies,Huskies_F1,,1H,1165.124997,Shot,Shot,84.0,45.0,0.0,0.0
6,Huskies,Huskies_D5,,1H,1780.698175,Shot,Shot,75.0,99.0,0.0,0.0
6,Huskies,Huskies_F2,,1H,2397.321358,Shot,Shot,94.0,65.0,0.0,0.0
6,Opponent6,Opponent6_F2,,2H,193.60254699999996,Shot,Shot,83.0,56.0,100.0,100.0
6,Opponent6,Opponent6_F1,,2H,326.05765599999995,Shot,Shot,91.0,66.0,100.0,100.0
6,Huskies,Huskies_F1,,2H,538.6935170000002,Shot,Shot,91.0,49.0,0.0,0.0
6,Opponent6,Opponent6_M1,,2H,719.169629,Shot,Shot,88.0,33.0,100.0,100.0
6,Opponent6,Opponent6_M4,,2H,829.0600380000001,Shot,Shot,78.0,69.0,100.0,100.0
6,Opponent6,Opponent6_M3,,2H,916.8133889999999,Shot,Shot,83.0,50.0,100.0,100.0
6,Huskies,Huskies_M6,,2H,947.3756749999998,Shot,Shot,76.0,63.0,0.0,0.0
6,Huskies,Huskies_M6,,2H,1007.5994140000003,Shot,Shot,93.0,38.0,0.0,0.0
6,Huskies,Huskies_D6,,2H,1486.262194,Shot,Shot,92.0,56.0,0.0,0.0
6,Opponent6,Opponent6_M1,,2H,1582.0594959999999,Shot,Shot,83.0,49.0,100.0,100.0
6,Huskies,Huskies_F4,,2H,1877.7866050000002,Shot,Shot,90.0,61.0,0.0,0.0
6,Huskies,Huskies_M4,,2H,2158.9800619999996,Shot,Shot,93.0,70.0,0.0,0.0
6,Huskies,Huskies_F4,,2H,2161.7493000000004,Shot,Shot,98.0,47.0,0.0,0.0
6,Huskies,Huskies_F4,,2H,2163.2119359999997,Shot,Shot,97.0,45.0,0.0,0.0
6,Opponent6,Opponent6_F4,,2H,2339.8832570000004,Shot,Shot,93.0,40.0,100.0,100.0
6,Huskies,Huskies_F1,,2H,2500.466459,Shot,Shot,96.0,51.0,0.0,0.0
6,Huskies,Huskies_F1,,2H,2713.828173,Shot,Shot,61.0,36.0,0.0,0.0
7,Huskies,Huskies_F4,,1H,155.995169,Shot,Shot,84.0,33.0,0.0,0.0
7,Huskies,Huskies_M6,,1H,312.768234,Shot,Shot,89.0,42.0,0.0,0.0
7,Huskies,Huskies_M3,,1H,534.892497,Shot,Shot,91.0,50.0,0.0,0.0
7,Huskies,Huskies_M3,,1H,581.841577,Shot,Shot,75.0,38.0,0.0,0.0
7,Opponent7,Opponent7_M4,,1H,720.709625,Shot,Shot,87.0,75.0,100.0,100.0
7,Huskies,Huskies_M1,,1H,777.982295,Shot,Shot,75.0,51.0,0.0,0.0
7,Opponent7,Opponent7_M1,,1H,1255.111067,Shot,Shot,88.0,47.0,100.0,100.0
7,Huskies,Huskies_M1,,1H,1791.894555,Shot,Shot,76.0,49.0,0.0,0.0
7,Huskies,Huskies_M3,,1H,2031.437481,Shot,Shot,84.0,43.0,0.0,0.0
7,Opponent7,Opponent7_F1,,1H,2214.304721,Shot,Shot,90.0,56.0,100.0,100.0
7,Huskies,Huskies_M6,,1H,2247.560092,Shot,Shot,71.0,46.0,0.0,0.0
7,Huskies,Huskies_F4,,1H,2404.154036,Shot,Shot,79.0,36.0,0.0,0.0
7,Opponent7,Opponent7_M2,,1H,2592.441924,Shot,Shot,86.0,62.0,100.0,100.0
7,Huskies,Huskies_M9,,2H,132.51277699999991,Shot,Shot,77.0,54.0,0.0,0.0
7,Huskies,Huskies_M1,,2H,307.51978099999997,Shot,Shot,72.0,50.0,0.0,0.0
7,Huskies,Huskies_F1,,2H,597.263539,Shot,Shot,75.0,50.0,0.0,0.0
7,Huskies,Huskies_F4,,2H,1044.2401989999998,Shot,Shot,94.0,48.0,0.0,0.0
7,Huskies,Huskies_M6,,2H,1132.832456,Shot,Shot,71.0,51.0,0.0,0.0
7,Huskies,Huskies_F1,,2H,1393.991602,Shot,Shot,89.0,59.0,0.0,0.0
7,Huskies,Huskies_F4,,2H,1920.696481,Shot,Shot,90.0,43.0,0.0,0.0
7,Huskies,Huskies_F2,,2H,1978.3155580000002,Shot,Shot,73.0,62.0,0.0,0.0
7,Huskies,Huskies_M1,,2H,2142.278212,Shot,Shot,77.0,52.0,0.0,0.0
7,Huskies,Huskies_F2,,2H,2208.527519,Shot,Shot,72.0,54.0,0.0,0.0
7,Huskies,Huskies_F2,,2H,2336.5839100000003,Shot,Shot,95.0,49.0,0.0,0.0
7,Huskies,Huskies_M4,,2H,2376.487629,Shot,Shot,80.0,41.0,0.0,0.0
7,Huskies,Huskies_F1,,2H,2466.5943930000003,Shot,Shot,88.0,35.0,0.0,0.0
7,Huskies,Huskies_D2,,2H,2831.850458,Shot,Shot,90.0,41.0,0.0,0.0
7,Huskies,Huskies_F3,,2H,2956.910269,Shot,Shot,80.0,35.0,0.0,0.0
8,Huskies,Huskies_M6,,1H,247.44658600000002,Shot,Shot,73.0,41.0,100.0,100.0
8,Huskies,Huskies_M6,,1H,552.711268,Shot,Shot,76.0,53.0,100.0,100.0
8,Huskies,Huskies_M1,,1H,1134.136197,Shot,Shot,79.0,71.0,100.0,100.0
8,Huskies,Huskies_F1,,1H,1434.094828,Shot,Shot,90.0,40.0,100.0,100.0
8,Opponent8,Opponent8_M5,,1H,1859.057981,Shot,Shot,84.0,56.0,0.0,0.0
8,Opponent8,Opponent8_D3,,1H,1862.1045210000002,Shot,Shot,97.0,64.0,0.0,0.0
8,Huskies,Huskies_M1,,1H,1991.305538,Shot,Shot,71.0,43.0,100.0,100.0
8,Opponent8,Opponent8_M3,,1H,2396.169671,Shot,Shot,74.0,48.0,0.0,0.0
8,Huskies,Huskies_D6,,2H,437.7638310000002,Shot,Shot,88.0,72.0,100.0,100.0
8,Huskies,Huskies_F1,,2H,500.2403129999998,Shot,Shot,91.0,34.0,100.0,100.0
8,Huskies,Huskies_M9,,2H,700.0685920000001,Shot,Shot,87.0,76.0,100.0,100.0
8,Opponent8,Opponent8_D2,,2H,1180.0170010000002,Shot,Shot,96.0,63.0,0.0,0.0
8,Huskies,Huskies_F1,,2H,1696.9664039999998,Shot,Shot,92.0,41.0,100.0,100.0
8,Opponent8,Opponent8_F2,,2H,1777.1319839999996,Shot,Shot,78.0,37.0,0.0,0.0
8,Opponent8,Opponent8_M5,,2H,1822.2207749999998,Shot,Shot,95.0,62.0,0.0,0.0
8,Opponent8,Opponent8_F2,,2H,1940.7583430000004,Shot,Shot,80.0,29.0,0.0,0.0
8,Huskies,Huskies_F4,,2H,2089.6501740000003,Shot,Shot,79.0,50.0,100.0,100.0
8,Opponent8,Opponent8_F2,,2H,2201.902551,Shot,Shot,92.0,54.0,0.0,0.0
8,Opponent8,Opponent8_M5,,2H,2205.219749,Shot,Shot,92.0,58.0,0.0,0.0
8,Opponent8,Opponent8_F3,,2H,2486.2910309999997,Shot,Shot,85.0,52.0,0.0,0.0
8,Opponent8,Opponent8_M1,,2H,2791.6090409999997,Shot,Shot,81.0,62.0,0.0,0.0
8,Huskies,Huskies_M5,,2H,2918.7744489999995,Shot,Shot,90.0,41.0,100.0,100.0
9,Opponent9,Opponent9_M2,,1H,141.96704999999997,Shot,Shot,87.0,40.0,100.0,100.0
9,Opponent9,Opponent9_D4,,1H,274.10814,Shot,Shot,85.0,63.0,100.0,100.0
9,Opponent9,Opponent9_F2,,1H,537.023153,Shot,Shot,91.0,54.0,100.0,100.0
9,Opponent9,Opponent9_M3,,1H,539.76489,Shot,Shot,82.0,53.0,100.0,100.0
9,Huskies,Huskies_F2,,1H,677.202706,Shot,Shot,79.0,58.0,0.0,0.0
9,Opponent9,Opponent9_M2,,1H,954.489648,Shot,Shot,96.0,61.0,100.0,100.0
9,Opponent9,Opponent9_M2,,1H,970.3793499999999,Shot,Shot,76.0,68.0,100.0,100.0
9,Opponent9,Opponent9_F2,,1H,1043.867069,Shot,Shot,89.0,68.0,100.0,100.0
9,Huskies,Huskies_D4,,1H,1275.112344,Shot,Shot,91.0,29.0,0.0,0.0
9,Huskies,Huskies_F1,,1H,1551.734973,Shot,Shot,89.0,57.0,0.0,0.0
9,Opponent9,Opponent9_D4,,1H,1870.468156,Shot,Shot,87.0,68.0,100.0,100.0
9,Opponent9,Opponent9_D5,,1H,1872.904923,Shot,Shot,79.0,60.0,100.0,100.0
9,Opponent9,Opponent9_F1,,1H,2340.157021,Shot,Shot,81.0,24.0,100.0,100.0
9,Opponent9,Opponent9_M3,,1H,2342.418546,Shot,Shot,77.0,38.0,100.0,100.0
9,Opponent9,Opponent9_D2,,1H,2344.911824,Shot,Shot,90.0,38.0,100.0,100.0
9,Opponent9,Opponent9_D5,,1H,2408.112259,Shot,Shot,91.0,66.0,100.0,100.0
9,Opponent9,Opponent9_F1,,1H,2586.119588,Shot,Shot,95.0,40.0,100.0,100.0
9,Opponent9,Opponent9_M3,,1H,2700.895158,Shot,Shot,70.0,60.0,100.0,100.0
9,Huskies,Huskies_D1,,2H,114.0618559999998,Shot,Shot,89.0,63.0,0.0,0.0
9,Huskies,Huskies_M9,,2H,442.63000999999986,Shot,Shot,89.0,64.0,0.0,0.0
9,Opponent9,Opponent9_M1,,2H,459.6554850000002,Shot,Shot,93.0,42.0,100.0,100.0
9,Opponent9,Opponent9_M2,,2H,597.682331,Shot,Shot,89.0,57.0,100.0,100.0
9,Opponent9,Opponent9_F1,,2H,1068.1138849999998,Shot,Shot,92.0,38.0,100.0,100.0
9,Opponent9,Opponent9_F2,,2H,1692.9154399999998,Shot,Shot,91.0,58.0,100.0,100.0
9,Huskies,Huskies_M4,,2H,2010.418963,Shot,Shot,69.0,28.0,0.0,0.0
9,Opponent9,Opponent9_M2,,2H,2092.7787749999998,Shot,Shot,88.0,38.0,100.0,100.0
9,Opponent9,Opponent9_F1,,2H,2252.864348,Shot,Shot,92.0,56.0,100.0,100.0
9,Opponent9,Opponent9_M3,,2H,2309.003551,Shot,Shot,76.0,52.0,100.0,100.0
9,Opponent9,Opponent9_D5,,2H,2426.9902490000004,Shot,Shot,86.0,67.0,100.0,100.0
9,Opponent9,Opponent9_D4,,2H,2595.015235,Shot,Shot,91.0,43.0,100.0,100.0
9,Opponent9,Opponent9_M2,,2H,2663.8225789999997,Shot,Shot,90.0,38.0,100.0,100.0
9,Huskies,Huskies_F4,,2H,2870.6965950000003,Shot,Shot,93.0,45.0,0.0,0.0
9,Opponent9,Opponent9_F1,,2H,2988.908974,Shot,Shot,90.0,68.0,100.0,100.0
10,Opponent10,Opponent10_M2,,1H,174.65640100000002,Shot,Shot,71.0,53.0,0.0,0.0
10,Opponent10,Opponent10_D2,,1H,455.684075,Shot,Shot,92.0,33.0,0.0,0.0
10,Opponent10,Opponent10_D3,,1H,516.013673,Shot,Shot,87.0,41.0,0.0,0.0
10,Opponent10,Opponent10_F1,,1H,1050.169437,Shot,Shot,92.0,45.0,0.0,0.0
10,Opponent10,Opponent10_M4,,1H,1297.478762,Shot,Shot,90.0,48.0,0.0,0.0
10,Opponent10,Opponent10_M2,,1H,1719.5821740000001,Shot,Shot,85.0,14.0,0.0,0.0
10,Huskies,Huskies_M5,,1H,2094.108798,Shot,Shot,65.0,50.0,100.0,100.0
10,Huskies,Huskies_M5,,1H,2162.699643,Shot,Shot,71.0,47.0,100.0,100.0
10,Huskies,Huskies_M1,,1H,2552.777736,Shot,Shot,65.0,59.0,100.0,100.0
10,Huskies,Huskies_D3,,1H,2625.015804,Shot,Shot,70.0,72.0,100.0,100.0
10,Huskies,Huskies_M1,,2H,55.224263000000064,Shot,Shot,73.0,36.0,100.0,100.0
10,Opponent10,Opponent10_F1,,2H,684.1788310000002,Shot,Shot,90.0,49.0,0.0,0.0
10,Huskies,Huskies_M1,,2H,786.596247,Shot,Shot,73.0,49.0,100.0,100.0
10,Huskies,Huskies_F4,,2H,960.7709199999999,Shot,Shot,89.0,48.0,100.0,100.0
10,Huskies,Huskies_D3,,2H,1166.0203030000002,Shot,Shot,91.0,58.0,100.0,100.0
10,Huskies,Huskies_F2,,2H,1312.798863,Shot,Shot,89.0,42.0,100.0,100.0
10,Huskies,Huskies_F4,,2H,1452.7136490000003,Shot,Shot,89.0,29.0,100.0,100.0
10,Huskies,Huskies_F4,,2H,1893.9485690000001,Shot,Shot,75.0,27.0,100.0,100.0
10,Huskies,Huskies_F1,,2H,2590.603365,Shot,Shot,77.0,59.0,100.0,100.0
10,Huskies,Huskies_D4,,2H,2593.988733,Shot,Shot,80.0,30.0,100.0,100.0
11,Huskies,Huskies_D4,,1H,1309.663641,Shot,Shot,90.0,37.0,0.0,0.0
11,Huskies,Huskies_M4,,1H,1612.049654,Shot,Shot,73.0,36.0,0.0,0.0
11,Opponent11,Opponent11_D1,,1H,1685.410112,Shot,Shot,71.0,43.0,100.0,100.0
11,Huskies,Huskies_M4,,1H,2348.565212,Shot,Shot,82.0,66.0,0.0,0.0
11,Opponent11,Opponent11_F1,,1H,2390.040714,Shot,Shot,91.0,30.0,100.0,100.0
11,Opponent11,Opponent11_D2,,1H,2464.775318,Shot,Shot,73.0,29.0,100.0,100.0
11,Opponent11,Opponent11_M2,,1H,2466.753757,Shot,Shot,73.0,42.0,100.0,100.0
11,Opponent11,Opponent11_F1,,2H,30.780393999999887,Shot,Shot,94.0,32.0,100.0,100.0
11,Opponent11,Opponent11_F1,,2H,116.35947699999997,Shot,Shot,88.0,28.0,100.0,100.0
11,Opponent11,Opponent11_D2,,2H,284.528679,Shot,Shot,80.0,33.0,100.0,100.0
11,Huskies,Huskies_M6,,2H,477.94011899999987,Shot,Shot,87.0,63.0,0.0,0.0
11,Opponent11,Opponent11_D3,,2H,1104.101619,Shot,Shot,94.0,58.0,100.0,100.0
11,Huskies,Huskies_F4,,2H,1278.233091,Shot,Shot,97.0,50.0,0.0,0.0
11,Huskies,Huskies_D7,,2H,1657.3453989999998,Shot,Shot,84.0,71.0,0.0,0.0
11,Huskies,Huskies_F1,,2H,1691.513352,Shot,Shot,97.0,48.0,0.0,0.0
11,Opponent11,Opponent11_F1,,2H,2237.673149,Shot,Shot,89.0,39.0,100.0,100.0
11,Opponent11,Opponent11_D5,,2H,2590.8535089999996,Shot,Shot,90.0,57.0,100.0,100.0
11,Huskies,Huskies_F4,,2H,3446.0553010000003,Shot,Shot,89.0,70.0,0.0,0.0
12,Opponent12,Opponent12_M1,,1H,47.272065999999995,Shot,Shot,91.0,57.0,0.0,0.0
12,Opponent12,Opponent12_M4,,1H,50.42263,Shot,Shot,94.0,39.0,0.0,0.0
12,Huskies,Huskies_M10,,1H,965.657027,Shot,Shot,84.0,38.0,100.0,100.0
12,Huskies,Huskies_F4,,1H,982.2914249999999,Shot,Shot,92.0,42.0,100.0,100.0
12,Opponent12,Opponent12_D4,,1H,1094.899688,Shot,Shot,79.0,65.0,0.0,0.0
12,Opponent12,Opponent12_M4,,1H,1965.608777,Shot,Shot,86.0,56.0,0.0,0.0
12,Opponent12,Opponent12_M6,,1H,2063.607796,Shot,Shot,94.0,46.0,0.0,0.0
12,Huskies,Huskies_M10,,1H,2477.710312,Shot,Shot,81.0,37.0,100.0,100.0
12,Huskies,Huskies_F4,,1H,2754.163052,Shot,Shot,86.0,43.0,100.0,100.0
12,Huskies,Huskies_F1,,2H,134.93937700000015,Shot,Shot,92.0,46.0,100.0,100.0
12,Opponent12,Opponent12_D1,,2H,723.970468,Shot,Shot,89.0,61.0,0.0,0.0
12,Opponent12,Opponent12_M6,,2H,1112.0636180000001,Shot,Shot,84.0,47.0,0.0,0.0
12,Opponent12,Opponent12_M2,,2H,1626.376988,Shot,Shot,83.0,45.0,0.0,0.0
12,Opponent12,Opponent12_M2,,2H,1663.2314509999997,Shot,Shot,78.0,57.0,0.0,0.0
12,Opponent12,Opponent12_M3,,2H,1992.9649600000002,Shot,Shot,87.0,34.0,0.0,0.0
12,Opponent12,Opponent12_F1,,2H,2140.1239910000004,Shot,Shot,87.0,41.0,0.0,0.0
12,Opponent12,Opponent12_M3,,2H,2244.0917,Shot,Shot,74.0,46.0,0.0,0.0
12,Huskies,Huskies_F1,,2H,2371.8405510000002,Shot,Shot,80.0,68.0,100.0,100.0
12,Huskies,Huskies_F3,,2H,2619.9543869999998,Shot,Shot,95.0,45.0,100.0,100.0
12,Opponent12,Opponent12_F1,,2H,2669.046958,Shot,Shot,80.0,55.0,0.0,0.0
12,Opponent12,Opponent12_M5,,2H,2881.6138279999996,Shot,Shot,79.0,59.0,0.0,0.0
13,Opponent13,Opponent13_F1,,1H,377.898276,Shot,Shot,89.0,53.0,0.0,0.0
13,Huskies,Huskies_M5,,1H,569.051844,Shot,Shot,84.0,49.0,100.0,100.0
13,Opponent13,Opponent13_F1,,1H,656.2716,Shot,Shot,91.0,54.0,0.0,0.0
13,Opponent13,Opponent13_M1,,1H,1046.718066,Shot,Shot,89.0,49.0,0.0,0.0
13,Opponent13,Opponent13_M5,,1H,1539.539757,Shot,Shot,92.0,44.0,0.0,0.0
13,Opponent13,Opponent13_F1,,1H,2190.214232,Shot,Shot,79.0,37.0,0.0,0.0
13,Opponent13,Opponent13_D1,,1H,2433.78322,Shot,Shot,95.0,50.0,0.0,0.0
13,Huskies,Huskies_M6,,1H,2692.74465,Shot,Shot,78.0,65.0,100.0,100.0
13,Opponent13,Opponent13_M4,,2H,260.2787330000001,Shot,Shot,75.0,26.0,0.0,0.0
13,Opponent13,Opponent13_F1,,2H,411.9689309999999,Shot,Shot,97.0,45.0,0.0,0.0
13,Opponent13,Opponent13_D4,,2H,559.4872919999998,Shot,Shot,69.0,29.0,0.0,0.0
13,Opponent13,Opponent13_F1,,2H,773.8443940000002,Shot,Shot,97.0,44.0,0.0,0.0
13,Opponent13,Opponent13_D3,,2H,920.5120969999998,Shot,Shot,77.0,68.0,0.0,0.0
13,Opponent13,Opponent13_D2,,2H,1241.807197,Shot,Shot,96.0,64.0,0.0,0.0
13,Huskies,Huskies_M1,,2H,2111.9575720000003,Shot,Shot,69.0,50.0,100.0,100.0
13,Huskies,Huskies_M6,,2H,2174.147653,Shot,Shot,72.0,67.0,100.0,100.0
13,Opponent13,Opponent13_F2,,2H,2215.0326910000003,Shot,Shot,92.0,26.0,0.0,0.0
13,Huskies,Huskies_M6,,2H,2368.0654889999996,Shot,Shot,71.0,57.0,100.0,100.0
13,Opponent13,Opponent13_M3,,2H,2506.3302569999996,Shot,Shot,84.0,63.0,0.0,0.0
13,Opponent13,Opponent13_M2,,2H,2857.8544250000004,Shot,Shot,76.0,49.0,0.0,0.0
14,Huskies,Huskies_F2,,1H,1054.820211,Shot,Shot,92.0,53.0,0.0,0.0
14,Huskies,Huskies_F2,,1H,1654.967273,Shot,Shot,89.0,33.0,0.0,0.0
14,Opponent14,Opponent14_M1,,2H,398.3177519999999,Shot,Shot,74.0,49.0,100.0,100.0
14,Opponent14,Opponent14_D2,,2H,411.45960000000014,Shot,Shot,91.0,32.0,100.0,100.0
14,Opponent14,Opponent14_M3,,2H,701.3089100000002,Shot,Shot,74.0,55.0,100.0,100.0
14,Huskies,Huskies_F2,,2H,1254.782389,Shot,Shot,44.0,40.0,0.0,0.0
14,Opponent14,Opponent14_F3,,2H,1459.2143839999999,Shot,Shot,92.0,45.0,100.0,100.0
14,Huskies,Huskies_F1,,2H,1820.5993360000002,Shot,Shot,90.0,54.0,0.0,0.0
14,Huskies,Huskies_D2,,2H,1929.082026,Shot,Shot,90.0,61.0,0.0,0.0
14,Huskies,Huskies_M6,,2H,2409.641711,Shot,Shot,80.0,54.0,0.0,0.0
14,Opponent14,Opponent14_D6,,2H,2593.6879120000003,Shot,Shot,88.0,45.0,100.0,100.0
15,Opponent15,Opponent15_F1,,1H,306.31260899999995,Shot,Shot,88.0,34.0,100.0,100.0
15,Huskies,Huskies_F2,,1H,1127.521467,Shot,Shot,77.0,67.0,0.0,0.0
15,Huskies,Huskies_D5,,1H,1512.124375,Shot,Shot,85.0,39.0,0.0,0.0
15,Huskies,Huskies_M6,,2H,101.1149489999998,Shot,Shot,87.0,53.0,0.0,0.0
15,Opponent15,Opponent15_M1,,2H,329.92112499999985,Shot,Shot,91.0,31.0,100.0,100.0
15,Opponent15,Opponent15_M1,,2H,808.8250419999999,Shot,Shot,80.0,65.0,100.0,100.0
15,Huskies,Huskies_F1,,2H,968.9116130000002,Shot,Shot,84.0,49.0,0.0,0.0
15,Huskies,Huskies_D6,,2H,1005.8611110000002,Shot,Shot,94.0,54.0,0.0,0.0
15,Huskies,Huskies_F1,,2H,1674.538853,Shot,Shot,88.0,40.0,0.0,0.0
15,Opponent15,Opponent15_D2,,2H,1840.4640529999997,Shot,Shot,78.0,69.0,100.0,100.0
16,Opponent16,Opponent16_M1,,1H,127.851925,Shot,Shot,77.0,73.0,0.0,0.0
16,Opponent16,Opponent16_M3,,1H,553.904907,Shot,Shot,90.0,38.0,0.0,0.0
16,Opponent16,Opponent16_F2,,1H,739.679727,Shot,Shot,86.0,66.0,0.0,0.0
16,Opponent16,Opponent16_M2,,1H,742.440091,Shot,Shot,78.0,57.0,0.0,0.0
16,Opponent16,Opponent16_F2,,1H,884.50818,Shot,Shot,91.0,74.0,0.0,0.0
16,Opponent16,Opponent16_M3,,1H,1779.202685,Shot,Shot,75.0,32.0,0.0,0.0
16,Opponent16,Opponent16_D3,,1H,1999.0614409999998,Shot,Shot,71.0,20.0,0.0,0.0
16,Opponent16,Opponent16_F2,,1H,2286.557517,Shot,Shot,82.0,44.0,0.0,0.0
16,Opponent16,Opponent16_F2,,1H,2512.292411,Shot,Shot,87.0,67.0,0.0,0.0
16,Opponent16,Opponent16_F2,,1H,2662.682636,Shot,Shot,79.0,70.0,0.0,0.0
16,Opponent16,Opponent16_M2,,1H,2698.890038,Shot,Shot,73.0,63.0,0.0,0.0
16,Opponent16,Opponent16_F1,,1H,2746.527009,Shot,Shot,91.0,28.0,0.0,0.0
16,Huskies,Huskies_M6,,1H,2804.51863,Shot,Shot,76.0,61.0,100.0,100.0
16,Opponent16,Opponent16_M3,,2H,67.7738290000002,Shot,Shot,84.0,65.0,0.0,0.0
16,Opponent16,Opponent16_F2,,2H,197.82162500000004,Shot,Shot,92.0,37.0,0.0,0.0
16,Opponent16,Opponent16_D1,,2H,545.9321719999998,Shot,Shot,89.0,66.0,0.0,0.0
16,Opponent16,Opponent16_F2,,2H,564.9969550000001,Shot,Shot,83.0,57.0,0.0,0.0
16,Opponent16,Opponent16_F1,,2H,775.1009300000001,Shot,Shot,86.0,52.0,0.0,0.0
16,Opponent16,Opponent16_F3,,2H,856.1212169999999,Shot,Shot,86.0,45.0,0.0,0.0
16,Opponent16,Opponent16_D2,,2H,1185.409573,Shot,Shot,89.0,42.0,0.0,0.0
16,Opponent16,Opponent16_F3,,2H,1673.4104129999996,Shot,Shot,83.0,30.0,0.0,0.0
16,Opponent16,Opponent16_F3,,2H,2162.568561,Shot,Shot,91.0,53.0,0.0,0.0
16,Opponent16,Opponent16_F5,,2H,2515.192967,Shot,Shot,71.0,53.0,0.0,0.0
16,Opponent16,Opponent16_D4,,2H,2536.499487,Shot,Shot,90.0,34.0,0.0,0.0
16,Opponent16,Opponent16_M1,,2H,2875.489273,Shot,Shot,82.0,35.0,0.0,0.0
17,Huskies,Huskies_M1,,1H,710.780996,Shot,Shot,83.0,49.0,100.0,100.0
17,Opponent17,Opponent17_M5,,1H,928.0253359999999,Shot,Shot,67.0,49.0,0.0,0.0
17,Opponent17,Opponent17_M2,,1H,1142.760432,Shot,Shot,74.0,53.0,0.0,0.0
17,Opponent17,Opponent17_M2,,1H,1498.120463,Shot,Shot,90.0,27.0,0.0,0.0
17,Huskies,Huskies_M8,,1H,1572.047692,Shot,Shot,90.0,50.0,100.0,100.0
17,Huskies,Huskies_F2,,1H,1575.013886,Shot,Shot,98.0,48.0,100.0,100.0
17,Opponent17,Opponent17_D3,,1H,1963.919332,Shot,Shot,69.0,29.0,0.0,0.0
17,Opponent17,Opponent17_D2,,1H,2078.404826,Shot,Shot,88.0,55.0,0.0,0.0
17,Opponent17,Opponent17_M5,,1H,2213.705973,Shot,Shot,71.0,29.0,0.0,0.0
17,Huskies,Huskies_M6,,1H,2427.177417,Shot,Shot,92.0,48.0,100.0,100.0
17,Opponent17,Opponent17_F1,,1H,2626.066025,Shot,Shot,87.0,46.0,0.0,0.0
17,Opponent17,Opponent17_M5,,2H,495.646299,Shot,Shot,81.0,49.0,0.0,0.0
17,Opponent17,Opponent17_D3,,2H,498.72385699999995,Shot,Shot,95.0,41.0,0.0,0.0
17,Huskies,Huskies_F2,,2H,897.339183,Shot,Shot,73.0,56.0,100.0,100.0
17,Opponent17,Opponent17_M1,,2H,1028.8311709999998,Shot,Shot,75.0,56.0,0.0,0.0
17,Opponent17,Opponent17_M5,,2H,1291.2711120000004,Shot,Shot,81.0,74.0,0.0,0.0
17,Huskies,Huskies_M6,,2H,1335.0580529999997,Shot,Shot,79.0,41.0,100.0,100.0
17,Huskies,Huskies_D2,,2H,1494.7505170000004,Shot,Shot,90.0,54.0,100.0,100.0
17,Opponent17,Opponent17_M4,,2H,2247.9125910000002,Shot,Shot,87.0,64.0,0.0,0.0
17,Opponent17,Opponent17_M1,,2H,2824.3065530000003,Shot,Shot,74.0,54.0,0.0,0.0
18,Opponent18,Opponent18_M3,,1H,400.239544,Shot,Shot,88.0,68.0,100.0,100.0
18,Huskies,Huskies_F2,,1H,1150.22272,Shot,Shot,92.0,39.0,0.0,0.0
18,Opponent18,Opponent18_M4,,1H,1250.323908,Shot,Shot,79.0,33.0,100.0,100.0
18,Huskies,Huskies_F1,,1H,1278.423062,Shot,Shot,82.0,41.0,0.0,0.0
18,Opponent18,Opponent18_M3,,1H,1372.71522,Shot,Shot,81.0,67.0,100.0,100.0
18,Huskies,Huskies_M8,,1H,1647.77025,Shot,Shot,87.0,67.0,0.0,0.0
18,Opponent18,Opponent18_M2,,1H,2091.019679,Shot,Shot,97.0,47.0,100.0,100.0
18,Opponent18,Opponent18_D4,,1H,2442.248632,Shot,Shot,77.0,35.0,100.0,100.0
18,Huskies,Huskies_F1,,1H,2779.078537,Shot,Shot,89.0,59.0,0.0,0.0
18,Huskies,Huskies_M6,,2H,758.6325470000002,Shot,Shot,73.0,35.0,0.0,0.0
18,Huskies,Huskies_F1,,2H,884.3794710000002,Shot,Shot,91.0,43.0,0.0,0.0
18,Huskies,Huskies_M6,,2H,1110.1577669999997,Shot,Shot,75.0,33.0,0.0,0.0
18,Opponent18,Opponent18_D3,,2H,1216.1370109999998,Shot,Shot,69.0,82.0,100.0,100.0
18,Opponent18,Opponent18_M5,,2H,1431.6853460000002,Shot,Shot,73.0,30.0,100.0,100.0
18,Huskies,Huskies_F1,,2H,1831.0815490000005,Shot,Shot,86.0,24.0,0.0,0.0
18,Huskies,Huskies_F1,,2H,2416.335621,Shot,Shot,87.0,36.0,0.0,0.0
18,Huskies,Huskies_M10,,2H,2776.6039920000003,Shot,Shot,88.0,63.0,0.0,0.0
19,Opponent3,Opponent3_M2,,1H,279.287321,Shot,Shot,76.0,73.0,100.0,100.0
19,Opponent3,Opponent3_F2,,1H,281.685018,Shot,Shot,80.0,51.0,100.0,100.0
19,Huskies,Huskies_M6,,1H,326.959662,Shot,Shot,86.0,55.0,0.0,0.0
19,Opponent3,Opponent3_D4,,1H,571.118151,Shot,Shot,91.0,29.0,100.0,100.0
19,Opponent3,Opponent3_M5,,1H,572.491481,Shot,Shot,93.0,51.0,100.0,100.0
19,Opponent3,Opponent3_M4,,1H,574.093619,Shot,Shot,96.0,53.0,100.0,100.0
19,Opponent3,Opponent3_M3,,1H,636.300319,Shot,Shot,72.0,70.0,100.0,100.0
19,Opponent3,Opponent3_M3,,1H,833.498884,Shot,Shot,81.0,45.0,100.0,100.0
19,Opponent3,Opponent3_F2,,1H,1371.208453,Shot,Shot,83.0,39.0,100.0,100.0
19,Huskies,Huskies_M4,,1H,1871.153387,Shot,Shot,74.0,55.0,0.0,0.0
19,Opponent3,Opponent3_F2,,1H,2062.718148,Shot,Shot,88.0,34.0,100.0,100.0
19,Opponent3,Opponent3_D5,,1H,2095.900958,Shot,Shot,97.0,55.0,100.0,100.0
19,Opponent3,Opponent3_D1,,1H,2418.820128,Shot,Shot,71.0,47.0,100.0,100.0
19,Opponent3,Opponent3_F2,,1H,2428.882998,Shot,Shot,82.0,48.0,100.0,100.0
19,Huskies,Huskies_F1,,1H,2693.888621,Shot,Shot,88.0,61.0,0.0,0.0
19,Opponent3,Opponent3_F2,,2H,51.72256800000014,Shot,Shot,93.0,47.0,100.0,100.0
19,Opponent3,Opponent3_D4,,2H,54.168533000000025,Shot,Shot,88.0,34.0,100.0,100.0
19,Opponent3,Opponent3_M4,,2H,98.47254299999986,Shot,Shot,90.0,55.0,100.0,100.0
19,Opponent3,Opponent3_M3,,2H,1030.272911,Shot,Shot,82.0,53.0,100.0,100.0
19,Opponent3,Opponent3_F4,,2H,1253.0539230000004,Shot,Shot,87.0,36.0,100.0,100.0
19,Opponent3,Opponent3_M4,,2H,1476.909278,Shot,Shot,82.0,35.0,100.0,100.0
19,Opponent3,Opponent3_F4,,2H,1925.216845,Shot,Shot,78.0,45.0,100.0,100.0
19,Opponent3,Opponent3_D1,,2H,1925.98812,Shot,Shot,94.0,51.0,100.0,100.0
19,Opponent3,Opponent3_M1,,2H,2206.202032,Shot,Shot,74.0,62.0,100.0,100.0
19,Opponent3,Opponent3_D6,,2H,2243.4848410000004,Shot,Shot,81.0,54.0,100.0,100.0
19,Opponent3,Opponent3_F4,,2H,2468.413702,Shot,Shot,89.0,77.0,100.0,100.0
19,Huskies,Huskies_D1,,2H,2714.0793540000004,Shot,Shot,88.0,53.0,0.0,0.0
19,Opponent3,Opponent3_D4,,2H,2755.4972989999997,Shot,Shot,80.0,34.0,100.0,100.0
20,Opponent19,Opponent19_F1,,1H,632.298273,Shot,Shot,83.0,31.0,0.0,0.0
20,Opponent19,Opponent19_D4,,1H,1077.60245,Shot,Shot,94.0,52.0,0.0,0.0
20,Opponent19,Opponent19_F2,,1H,1376.295031,Shot,Shot,89.0,40.0,0.0,0.0
20,Huskies,Huskies_M12,,1H,1523.141905,Shot,Shot,75.0,31.0,100.0,100.0
20,Opponent19,Opponent19_D4,,1H,2171.435184,Shot,Shot,90.0,55.0,0.0,0.0
20,Opponent19,Opponent19_M3,,1H,2520.046882,Shot,Shot,76.0,55.0,0.0,0.0
20,Opponent19,Opponent19_M1,,1H,2626.485695,Shot,Shot,95.0,37.0,0.0,0.0
20,Opponent19,Opponent19_M1,,2H,212.847033,Shot,Shot,74.0,69.0,0.0,0.0
20,Opponent19,Opponent19_F2,,2H,234.5682499999998,Shot,Shot,91.0,33.0,0.0,0.0
20,Huskies,Huskies_D2,,2H,314.37911600000007,Shot,Shot,92.0,54.0,100.0,100.0
20,Opponent19,Opponent19_M3,,2H,764.192517,Shot,Shot,90.0,31.0,0.0,0.0
20,Opponent19,Opponent19_F1,,2H,1111.1786510000002,Shot,Shot,91.0,48.0,0.0,0.0
20,Huskies,Huskies_M4,,2H,1382.9699600000004,Shot,Shot,81.0,63.0,100.0,100.0
20,Opponent19,Opponent19_F3,,2H,1978.4668259999999,Shot,Shot,92.0,50.0,0.0,0.0
20,Opponent19,Opponent19_D1,,2H,2342.961117,Shot,Shot,82.0,34.0,0.0,0.0
20,Huskies,Huskies_F4,,2H,2600.4507759999997,Shot,Shot,92.0,33.0,100.0,100.0
20,Huskies,Huskies_F4,,2H,2603.6026220000003,Shot,Shot,96.0,36.0,100.0,100.0
20,Opponent19,Opponent19_M3,,2H,2755.0246749999997,Shot,Shot,71.0,64.0,0.0,0.0
21,Huskies,Huskies_M8,,1H,354.449842,Shot,Shot,81.0,58.0,100.0,100.0
21,Opponent6,Opponent6_M5,,1H,406.877258,Shot,Shot,72.0,44.0,0.0,0.0
21,Opponent6,Opponent6_F5,,1H,1066.535057,Shot,Shot,88.0,41.0,0.0,0.0
21,Opponent6,Opponent6_M4,,1H,1208.442481,Shot,Shot,76.0,71.0,0.0,0.0
21,Opponent6,Opponent6_M4,,1H,1638.533008,Shot,Shot,82.0,64.0,0.0,0.0
21,Opponent6,Opponent6_M3,,1H,1680.609712,Shot,Shot,87.0,49.0,0.0,0.0
21,Huskies,Huskies_F1,,1H,1889.8142160000002,Shot,Shot,91.0,50.0,100.0,100.0
21,Opponent6,Opponent6_M6,,1H,1927.29995,Shot,Shot,89.0,47.0,0.0,0.0
21,Huskies,Huskies_M3,,1H,2185.954157,Shot,Shot,94.0,49.0,100.0,100.0
21,Opponent6,Opponent6_F5,,2H,215.37536799999998,Shot,Shot,86.0,44.0,0.0,0.0
21,Opponent6,Opponent6_D3,,2H,362.2315920000001,Shot,Shot,77.0,66.0,0.0,0.0
21,Huskies,Huskies_F2,,2H,676.7943570000002,Shot,Shot,79.0,58.0,100.0,100.0
21,Huskies,Huskies_M1,,2H,703.4777290000002,Shot,Shot,88.0,57.0,100.0,100.0
21,Opponent6,Opponent6_F5,,2H,939.7260580000002,Shot,Shot,90.0,59.0,0.0,0.0
21,Huskies,Huskies_M12,,2H,1633.2306280000003,Shot,Shot,93.0,45.0,100.0,100.0
21,Opponent6,Opponent6_F5,,2H,1710.854061,Shot,Shot,91.0,34.0,0.0,0.0
21,Opponent6,Opponent6_F5,,2H,1863.3934929999996,Shot,Shot,78.0,40.0,0.0,0.0
21,Opponent6,Opponent6_M4,,2H,2123.7784199999996,Shot,Shot,81.0,68.0,0.0,0.0
21,Opponent6,Opponent6_M4,,2H,2138.928221,Shot,Shot,85.0,62.0,0.0,0.0
21,Huskies,Huskies_M6,,2H,2326.9895749999996,Shot,Shot,91.0,63.0,100.0,100.0
21,Opponent6,Opponent6_M4,,2H,2408.8155989999996,Shot,Shot,85.0,66.0,0.0,0.0
21,Opponent6,Opponent6_D5,,2H,2491.9981770000004,Shot,Shot,91.0,55.0,0.0,0.0
21,Opponent6,Opponent6_M6,,2H,2574.343065,Shot,Shot,87.0,32.0,0.0,0.0
21,Opponent6,Opponent6_F3,,2H,3014.569166,Shot,Shot,90.0,67.0,0.0,0.0
22,Huskies,Huskies_D6,,1H,231.733723,Shot,Shot,81.0,74.0,0.0,0.0
22,Huskies,Huskies_F2,,1H,234.93041599999998,Shot,Shot,75.0,55.0,0.0,0.0
22,Huskies,Huskies_D6,,1H,279.542867,Shot,Shot,94.0,60.0,0.0,0.0
22,Opponent5,Opponent5_F3,,1H,893.5869499999999,Shot,Shot,77.0,25.0,100.0,100.0
22,Huskies,Huskies_M4,,1H,1037.280881,Shot,Shot,79.0,69.0,0.0,0.0
22,Huskies,Huskies_M9,,1H,1073.191952,Shot,Shot,88.0,64.0,0.0,0.0
22,Huskies,Huskies_F4,,1H,1410.393085,Shot,Shot,92.0,41.0,0.0,0.0
22,Opponent5,Opponent5_D1,,1H,1499.389658,Shot,Shot,69.0,69.0,100.0,100.0
22,Opponent5,Opponent5_D6,,1H,1598.54016,Shot,Shot,88.0,57.0,100.0,100.0
22,Opponent5,Opponent5_M6,,1H,2025.652377,Shot,Shot,77.0,49.0,100.0,100.0
22,Huskies,Huskies_M4,,1H,2105.855902,Shot,Shot,95.0,31.0,0.0,0.0
22,Opponent5,Opponent5_M7,,1H,2230.196657,Shot,Shot,75.0,60.0,100.0,100.0
22,Opponent5,Opponent5_M6,,1H,2255.556231,Shot,Shot,77.0,25.0,100.0,100.0
22,Opponent5,Opponent5_M6,,1H,2319.395913,Shot,Shot,78.0,63.0,100.0,100.0
22,Opponent5,Opponent5_D6,,1H,2433.740494,Shot,Shot,69.0,39.0,100.0,100.0
22,Opponent5,Opponent5_M5,,1H,2456.926794,Shot,Shot,82.0,27.0,100.0,100.0
22,Opponent5,Opponent5_M7,,1H,2685.065121,Shot,Shot,69.0,35.0,100.0,100.0
22,Opponent5,Opponent5_M4,,2H,77.24002100000007,Shot,Shot,76.0,46.0,100.0,100.0
22,Opponent5,Opponent5_D6,,2H,127.85442899999998,Shot,Shot,75.0,52.0,100.0,100.0
22,Opponent5,Opponent5_M4,,2H,327.1845629999998,Shot,Shot,78.0,71.0,100.0,100.0
22,Opponent5,Opponent5_F3,,2H,673.6650399999999,Shot,Shot,83.0,53.0,100.0,100.0
22,Opponent5,Opponent5_M5,,2H,888.9182169999999,Shot,Shot,82.0,69.0,100.0,100.0
22,Opponent5,Opponent5_M7,,2H,1076.7982330000004,Shot,Shot,91.0,36.0,100.0,100.0
22,Opponent5,Opponent5_M7,,2H,1168.3719789999996,Shot,Shot,95.0,54.0,100.0,100.0
22,Huskies,Huskies_F4,,2H,1501.740538,Shot,Shot,93.0,54.0,0.0,0.0
22,Huskies,Huskies_M4,,2H,1621.6840970000003,Shot,Shot,91.0,60.0,0.0,0.0
22,Opponent5,Opponent5_M5,,2H,1977.6121810000004,Shot,Shot,80.0,41.0,100.0,100.0
22,Opponent5,Opponent5_M5,,2H,2070.2316600000004,Shot,Shot,80.0,37.0,100.0,100.0
22,Opponent5,Opponent5_F2,,2H,2077.8030609999996,Shot,Shot,79.0,39.0,100.0,100.0
22,Opponent5,Opponent5_M5,,2H,2105.350302,Shot,Shot,82.0,31.0,100.0,100.0
22,Huskies,Huskies_D1,,2H,2735.239595,Shot,Shot,91.0,52.0,0.0,0.0
23,Opponent4,Opponent4_F2,,1H,868.3987930000001,Shot,Shot,89.0,34.0,0.0,0.0
23,Huskies,Huskies_F2,,1H,905.4478200000001,Shot,Shot,83.0,47.0,100.0,100.0
23,Huskies,Huskies_M1,,1H,1239.069783,Shot,Shot,73.0,44.0,100.0,100.0
23,Opponent4,Opponent4_F1,,1H,1310.647012,Shot,Shot,80.0,35.0,0.0,0.0
23,Opponent4,Opponent4_D6,,1H,1314.556497,Shot,Shot,80.0,69.0,0.0,0.0
23,Opponent4,Opponent4_F1,,1H,1361.567182,Shot,Shot,74.0,38.0,0.0,0.0
23,Opponent4,Opponent4_F1,,1H,1450.983579,Shot,Shot,87.0,55.0,0.0,0.0
23,Opponent4,Opponent4_F2,,1H,1509.359651,Shot,Shot,96.0,51.0,0.0,0.0
23,Opponent4,Opponent4_D1,,1H,1711.506663,Shot,Shot,69.0,41.0,0.0,0.0
23,Huskies,Huskies_F5,,1H,1899.8777329999998,Shot,Shot,88.0,44.0,100.0,100.0
23,Huskies,Huskies_M13,,1H,2369.342944,Shot,Shot,87.0,55.0,100.0,100.0
23,Opponent4,Opponent4_F2,,2H,119.46892799999978,Shot,Shot,91.0,34.0,0.0,0.0
23,Opponent4,Opponent4_F1,,2H,120.7157830000001,Shot,Shot,98.0,50.0,0.0,0.0
23,Huskies,Huskies_F2,,2H,203.2635009999999,Shot,Shot,69.0,40.0,100.0,100.0
23,Opponent4,Opponent4_M4,,2H,421.79811100000006,Shot,Shot,92.0,34.0,0.0,0.0
23,Opponent4,Opponent4_F1,,2H,573.7422110000002,Shot,Shot,76.0,60.0,0.0,0.0
23,Opponent4,Opponent4_F2,,2H,758.8704969999999,Shot,Shot,82.0,52.0,0.0,0.0
23,Opponent4,Opponent4_F1,,2H,826.9857550000002,Shot,Shot,94.0,48.0,0.0,0.0
23,Opponent4,Opponent4_D6,,2H,1502.7622309999997,Shot,Shot,89.0,76.0,0.0,0.0
23,Opponent4,Opponent4_F2,,2H,1870.5015190000004,Shot,Shot,89.0,35.0,0.0,0.0
23,Opponent4,Opponent4_M4,,2H,1872.1694930000003,Shot,Shot,88.0,44.0,0.0,0.0
23,Opponent4,Opponent4_F2,,2H,2067.914323,Shot,Shot,90.0,36.0,0.0,0.0
23,Opponent4,Opponent4_M1,,2H,2147.265243,Shot,Shot,87.0,40.0,0.0,0.0
23,Opponent4,Opponent4_F2,,2H,2310.213052,Shot,Shot,87.0,32.0,0.0,0.0
23,Opponent4,Opponent4_M7,,2H,2640.261861,Shot,Shot,70.0,64.0,0.0,0.0
24,Opponent19,Opponent19_F2,,1H,146.938238,Shot,Shot,82.0,66.0,100.0,100.0
24,Opponent19,Opponent19_M5,,1H,364.540072,Shot,Shot,87.0,59.0,100.0,100.0
24,Opponent19,Opponent19_F1,,1H,412.267564,Shot,Shot,87.0,54.0,100.0,100.0
24,Huskies,Huskies_M6,,1H,776.961786,Shot,Shot,87.0,37.0,0.0,0.0
24,Huskies,Huskies_M6,,1H,1668.218512,Shot,Shot,78.0,31.0,0.0,0.0
24,Opponent19,Opponent19_M4,,1H,2099.254037,Shot,Shot,81.0,64.0,100.0,100.0
24,Huskies,Huskies_D7,,1H,2238.964985,Shot,Shot,81.0,66.0,0.0,0.0
24,Opponent19,Opponent19_F2,,1H,2644.002025,Shot,Shot,92.0,41.0,100.0,100.0
24,Opponent19,Opponent19_F2,,2H,133.0781310000002,Shot,Shot,86.0,54.0,100.0,100.0
24,Huskies,Huskies_M6,,2H,397.85575800000015,Shot,Shot,89.0,58.0,0.0,0.0
24,Huskies,Huskies_F4,,2H,1456.8873990000002,Shot,Shot,94.0,57.0,0.0,0.0
24,Opponent19,Opponent19_M5,,2H,1699.6633069999998,Shot,Shot,75.0,58.0,100.0,100.0
24,Opponent19,Opponent19_M4,,2H,1701.6603029999997,Shot,Shot,91.0,38.0,100.0,100.0
24,Huskies,Huskies_F6,,2H,1866.4491859999998,Shot,Shot,87.0,43.0,0.0,0.0
24,Opponent19,Opponent19_M4,,2H,1986.5199439999997,Shot,Shot,87.0,36.0,100.0,100.0
24,Opponent19,Opponent19_F2,,2H,1999.4162180000003,Shot,Shot,91.0,60.0,100.0,100.0
24,Huskies,Huskies_M12,,2H,2094.969768,Shot,Shot,86.0,42.0,0.0,0.0
24,Opponent19,Opponent19_F2,,2H,2157.918872,Shot,Shot,74.0,47.0,100.0,100.0
24,Opponent19,Opponent19_F2,,2H,2186.287735,Shot,Shot,89.0,61.0,100.0,100.0
24,Opponent19,Opponent19_F2,,2H,2329.0378199999996,Shot,Shot,88.0,60.0,100.0,100.0
24,Huskies,Huskies_D6,,2H,2600.8393130000004,Shot,Shot,91.0,50.0,0.0,0.0
24,Opponent19,Opponent19_F2,,2H,3056.311646,Shot,Shot,74.0,34.0,100.0,100.0
24,Opponent19,Opponent19_M5,,2H,3116.6850759999998,Shot,Shot,78.0,40.0,100.0,100.0
25,Opponent10,Opponent10_M2,,1H,39.75394299999999,Shot,Shot,86.0,25.0,100.0,100.0
25,Opponent10,Opponent10_D5,,1H,72.319751,Shot,Shot,95.0,43.0,100.0,100.0
25,Huskies,Huskies_F6,,1H,284.835021,Shot,Shot,69.0,68.0,0.0,0.0
25,Opponent10,Opponent10_M3,,1H,563.273982,Shot,Shot,95.0,53.0,100.0,100.0
25,Huskies,Huskies_F6,,1H,1454.13836,Shot,Shot,91.0,38.0,0.0,0.0
25,Huskies,Huskies_M4,,1H,1585.045853,Shot,Shot,77.0,41.0,0.0,0.0
25,Huskies,Huskies_F4,,1H,2191.87813,Shot,Shot,90.0,47.0,0.0,0.0
25,Huskies,Huskies_F6,,1H,2289.511344,Shot,Shot,97.0,58.0,0.0,0.0
25,Huskies,Huskies_D1,,1H,2702.519432,Shot,Shot,91.0,47.0,0.0,0.0
25,Huskies,Huskies_F6,,1H,2708.760656,Shot,Shot,82.0,57.0,0.0,0.0
25,Huskies,Huskies_F2,,1H,2717.30676,Shot,Shot,92.0,37.0,0.0,0.0
25,Opponent10,Opponent10_F3,,2H,1872.9983970000003,Shot,Shot,96.0,49.0,100.0,100.0
25,Opponent10,Opponent10_F3,,2H,1874.8229019999999,Shot,Shot,96.0,41.0,100.0,100.0
25,Opponent10,Opponent10_M6,,2H,2014.6888760000002,Shot,Shot,91.0,62.0,100.0,100.0
25,Huskies,Huskies_F6,,2H,2337.7565050000003,Shot,Shot,78.0,78.0,0.0,0.0
25,Huskies,Huskies_D1,,2H,2384.6857149999996,Shot,Shot,89.0,49.0,0.0,0.0
25,Huskies,Huskies_D8,,2H,2469.579887,Shot,Shot,95.0,58.0,0.0,0.0
26,Opponent9,Opponent9_M2,,1H,346.970695,Shot,Shot,94.0,52.0,0.0,0.0
26,Opponent9,Opponent5_M3,,1H,552.516018,Shot,Shot,75.0,34.0,0.0,0.0
26,Huskies,Huskies_F6,,1H,724.406987,Shot,Shot,91.0,70.0,100.0,100.0
26,Opponent9,Opponent9_F3,,1H,750.813712,Shot,Shot,90.0,51.0,0.0,0.0
26,Opponent9,Opponent9_D3,,1H,818.1164450000001,Shot,Shot,96.0,58.0,0.0,0.0
26,Opponent9,Opponent9_D2,,1H,964.6210430000001,Shot,Shot,87.0,30.0,0.0,0.0
26,Opponent9,Opponent9_M2,,1H,1103.293026,Shot,Shot,78.0,46.0,0.0,0.0
26,Huskies,Huskies_D5,,1H,1272.76907,Shot,Shot,86.0,36.0,100.0,100.0
26,Huskies,Huskies_F6,,1H,1591.607184,Shot,Shot,88.0,44.0,100.0,100.0
26,Opponent9,Opponent9_F3,,1H,1898.2706990000001,Shot,Shot,92.0,31.0,0.0,0.0
26,Opponent9,Opponent9_F3,,1H,2184.106416,Shot,Shot,92.0,37.0,0.0,0.0
26,Opponent9,Opponent9_D2,,1H,2349.740418,Shot,Shot,92.0,39.0,0.0,0.0
26,Opponent9,Opponent9_D2,,1H,2364.229686,Shot,Shot,87.0,41.0,0.0,0.0
26,Opponent9,Opponent9_D6,,1H,2395.726506,Shot,Shot,91.0,31.0,0.0,0.0
26,Opponent9,Opponent9_M3,,1H,2720.848603,Shot,Shot,90.0,37.0,0.0,0.0
26,Huskies,Huskies_F4,,2H,313.3966999999998,Shot,Shot,96.0,36.0,100.0,100.0
26,Huskies,Huskies_F6,,2H,315.1405060000002,Shot,Shot,88.0,32.0,100.0,100.0
26,Huskies,Huskies_F4,,2H,400.75015299999995,Shot,Shot,94.0,45.0,100.0,100.0
26,Opponent9,Opponent5_M3,,2H,634.81801,Shot,Shot,81.0,36.0,0.0,0.0
26,Huskies,Huskies_F1,,2H,1125.4028040000003,Shot,Shot,93.0,53.0,100.0,100.0
26,Huskies,Huskies_D9,,2H,1319.8703459999997,Shot,Shot,88.0,40.0,100.0,100.0
26,Opponent9,Opponent9_M2,,2H,1700.6744909999998,Shot,Shot,89.0,58.0,0.0,0.0
26,Huskies,Huskies_F5,,2H,2078.2577069999998,Shot,Shot,78.0,53.0,100.0,100.0
26,Huskies,Huskies_F1,,2H,2148.4598050000004,Shot,Shot,88.0,36.0,100.0,100.0
26,Huskies,Huskies_M1,,2H,2773.7063500000004,Shot,Shot,72.0,36.0,100.0,100.0
27,Opponent12,Opponent12_M2,,1H,453.066788,Shot,Shot,68.0,79.0,100.0,100.0
27,Huskies,Huskies_M6,,1H,518.980746,Shot,Shot,73.0,62.0,0.0,0.0
27,Huskies,Huskies_F4,,1H,708.143336,Shot,Shot,82.0,43.0,0.0,0.0
27,Opponent12,Opponent12_F2,,1H,728.598457,Shot,Shot,89.0,69.0,100.0,100.0
27,Opponent12,Opponent12_M5,,1H,735.551747,Shot,Shot,72.0,36.0,100.0,100.0
27,Huskies,Huskies_M1,,1H,1598.54401,Shot,Shot,72.0,48.0,0.0,0.0
27,Huskies,Huskies_M4,,1H,2030.5229599999998,Shot,Shot,88.0,67.0,0.0,0.0
27,Opponent12,Opponent12_M2,,1H,2183.082172,Shot,Shot,70.0,52.0,100.0,100.0
27,Opponent12,Opponent12_F1,,1H,2693.280247,Shot,Shot,91.0,50.0,100.0,100.0
27,Huskies,Huskies_M6,,2H,43.15000199999986,Shot,Shot,83.0,45.0,0.0,0.0
27,Huskies,Huskies_F4,,2H,327.68229199999996,Shot,Shot,93.0,52.0,0.0,0.0
27,Opponent12,Opponent12_F1,,2H,612.4383309999998,Shot,Shot,92.0,44.0,100.0,100.0
27,Opponent12,Opponent12_M3,,2H,820.5694830000002,Shot,Shot,82.0,38.0,100.0,100.0
27,Opponent12,Opponent12_F2,,2H,1223.8682900000003,Shot,Shot,91.0,52.0,100.0,100.0
27,Opponent12,Opponent12_D7,,2H,1347.3538820000003,Shot,Shot,79.0,45.0,100.0,100.0
27,Opponent12,Opponent12_D2,,2H,1707.6165959999998,Shot,Shot,91.0,60.0,100.0,100.0
27,Huskies,Huskies_F4,,2H,1793.8753669999996,Shot,Shot,89.0,44.0,0.0,0.0
27,Huskies,Huskies_M4,,2H,1798.9850729999998,Shot,Shot,95.0,48.0,0.0,0.0
27,Opponent12,Opponent12_D7,,2H,1940.181944,Shot,Shot,74.0,39.0,100.0,100.0
27,Opponent12,Opponent12_D7,,2H,2189.1870150000004,Shot,Shot,82.0,64.0,100.0,100.0
27,Opponent12,Opponent12_F1,,2H,2218.181146,Shot,Shot,94.0,52.0,100.0,100.0
28,Opponent11,Opponent11_M2,,1H,316.43473600000004,Shot,Shot,75.0,49.0,0.0,0.0
28,Huskies,Huskies_M6,,1H,864.706398,Shot,Shot,80.0,51.0,100.0,100.0
28,Opponent11,Opponent11_M5,,1H,1945.6165689999998,Shot,Shot,72.0,47.0,0.0,0.0
28,Opponent11,Opponent11_D2,,1H,2163.5069,Shot,Shot,75.0,41.0,0.0,0.0
28,Opponent11,Opponent11_D7,,2H,121.69997199999989,Shot,Shot,90.0,58.0,0.0,0.0
28,Huskies,Huskies_D1,,2H,394.56217100000003,Shot,Shot,91.0,47.0,100.0,100.0
28,Opponent11,Opponent11_F4,,2H,556.2423520000002,Shot,Shot,89.0,39.0,0.0,0.0
28,Huskies,Huskies_F2,,2H,1334.6210199999996,Shot,Shot,88.0,62.0,100.0,100.0
28,Opponent11,Opponent11_M5,,2H,1930.8929179999996,Shot,Shot,73.0,32.0,0.0,0.0
28,Opponent11,Opponent11_D1,,2H,1982.8900750000003,Shot,Shot,92.0,69.0,0.0,0.0
28,Opponent11,Opponent11_D6,,2H,1995.450613,Shot,Shot,87.0,63.0,0.0,0.0
28,Opponent11,Opponent11_F4,,2H,2034.2186229999998,Shot,Shot,89.0,58.0,0.0,0.0
28,Opponent11,Opponent11_F3,,2H,2515.469835,Shot,Shot,82.0,35.0,0.0,0.0
28,Opponent11,Opponent11_M5,,2H,2528.5066580000002,Shot,Shot,73.0,57.0,0.0,0.0
28,Opponent11,Opponent11_D2,,2H,2575.2742230000003,Shot,Shot,78.0,22.0,0.0,0.0
28,Huskies,Huskies_F5,,2H,2864.0064410000005,Shot,Shot,98.0,45.0,100.0,100.0
29,Opponent7,Opponent7_M7,,1H,235.69769000000002,Shot,Shot,78.0,22.0,0.0,0.0
29,Opponent7,Opponent7_M7,,1H,440.048459,Shot,Shot,82.0,25.0,0.0,0.0
29,Opponent7,Opponent7_M7,,1H,547.051575,Shot,Shot,75.0,59.0,0.0,0.0
29,Huskies,Huskies_F6,,1H,823.000067,Shot,Shot,92.0,53.0,100.0,100.0
29,Opponent7,Opponent7_M2,,1H,968.0238509999999,Shot,Shot,87.0,32.0,0.0,0.0
29,Huskies,Huskies_F5,,1H,1157.229738,Shot,Shot,92.0,52.0,100.0,100.0
29,Huskies,Huskies_F5,,1H,1296.35528,Shot,Shot,90.0,38.0,100.0,100.0
29,Opponent7,Opponent7_M7,,1H,1636.392595,Shot,Shot,92.0,45.0,0.0,0.0
29,Huskies,Huskies_F6,,1H,1650.941919,Shot,Shot,95.0,41.0,100.0,100.0
29,Opponent7,Opponent7_M6,,1H,1692.001923,Shot,Shot,75.0,60.0,0.0,0.0
29,Opponent7,Opponent7_F2,,1H,1736.758749,Shot,Shot,94.0,53.0,0.0,0.0
29,Huskies,Huskies_M1,,1H,1939.4408440000002,Shot,Shot,72.0,52.0,100.0,100.0
29,Opponent7,Opponent7_F2,,1H,1979.092138,Shot,Shot,87.0,64.0,0.0,0.0
29,Huskies,Huskies_F6,,1H,2025.6693340000002,Shot,Shot,91.0,60.0,100.0,100.0
29,Opponent7,Opponent7_F2,,1H,2044.690091,Shot,Shot,89.0,24.0,0.0,0.0
29,Opponent7,Huskies_M8,,1H,2371.687815,Shot,Shot,96.0,55.0,0.0,0.0
29,Huskies,Huskies_M4,,1H,2485.109702,Shot,Shot,73.0,39.0,100.0,100.0
29,Opponent7,Opponent7_D1,,2H,118.67447200000015,Shot,Shot,86.0,57.0,0.0,0.0
29,Opponent7,Huskies_M8,,2H,155.8155539999998,Shot,Shot,88.0,69.0,0.0,0.0
29,Opponent7,Opponent7_D1,,2H,192.40145699999994,Shot,Shot,91.0,66.0,0.0,0.0
29,Opponent7,Opponent7_F1,,2H,194.77673300000015,Shot,Shot,97.0,45.0,0.0,0.0
29,Opponent7,Opponent7_F2,,2H,628.2559580000002,Shot,Shot,94.0,67.0,0.0,0.0
29,Huskies,Huskies_F5,,2H,1125.8934959999997,Shot,Shot,87.0,57.0,100.0,100.0
29,Opponent7,Opponent7_F2,,2H,1244.7852579999999,Shot,Shot,88.0,71.0,0.0,0.0
29,Opponent7,Opponent7_M7,,2H,1250.8406889999997,Shot,Shot,87.0,32.0,0.0,0.0
29,Opponent7,Opponent7_F1,,2H,1267.7382070000003,Shot,Shot,94.0,66.0,0.0,0.0
29,Opponent7,Opponent7_F1,,2H,1683.5176970000002,Shot,Shot,86.0,58.0,0.0,0.0
29,Huskies,Huskies_F4,,2H,1771.636899,Shot,Shot,90.0,38.0,100.0,100.0
29,Huskies,Huskies_M6,,2H,1927.420365,Shot,Shot,91.0,38.0,100.0,100.0
29,Opponent7,Huskies_M8,,2H,2002.2344670000002,Shot,Shot,82.0,57.0,0.0,0.0
29,Opponent7,Opponent7_F1,,2H,2047.013742,Shot,Shot,96.0,52.0,0.0,0.0
30,Huskies,Huskies_D8,,1H,195.09366,Shot,Shot,94.0,66.0,0.0,0.0
30,Huskies,Huskies_D3,,1H,459.38915099999997,Shot,Shot,92.0,49.0,0.0,0.0
30,Huskies,Huskies_M12,,1H,727.513409,Shot,Shot,73.0,27.0,0.0,0.0
30,Huskies,Huskies_M4,,1H,1003.1846029999999,Shot,Shot,77.0,44.0,0.0,0.0
30,Huskies,Huskies_M12,,1H,1295.652775,Shot,Shot,94.0,60.0,0.0,0.0
30,Opponent8,Opponent8_F1,,1H,1478.775401,Shot,Shot,79.0,43.0,100.0,100.0
30,Huskies,Huskies_M12,,1H,1716.962186,Shot,Shot,88.0,46.0,0.0,0.0
30,Huskies,Huskies_M12,,1H,1984.8565290000001,Shot,Shot,93.0,44.0,0.0,0.0
30,Huskies,Huskies_F2,,1H,2278.25463,Shot,Shot,69.0,50.0,0.0,0.0
30,Opponent8,Opponent8_F1,,1H,2545.019689,Shot,Shot,89.0,54.0,100.0,100.0
30,Huskies,Huskies_M6,,1H,2676.478282,Shot,Shot,74.0,42.0,0.0,0.0
30,Opponent8,Opponent8_M2,,2H,261.53810599999997,Shot,Shot,77.0,28.0,100.0,100.0
30,Huskies,Huskies_F2,,2H,606.2965829999998,Shot,Shot,73.0,51.0,0.0,0.0
30,Opponent8,Opponent8_F4,,2H,1425.906312,Shot,Shot,89.0,34.0,100.0,100.0
30,Opponent8,Opponent8_M5,,2H,1734.2343810000002,Shot,Shot,81.0,74.0,100.0,100.0
30,Huskies,Huskies_F5,,2H,1835.7706930000004,Shot,Shot,87.0,54.0,0.0,0.0
30,Opponent8,Opponent8_M2,,2H,1949.0774149999997,Shot,Shot,47.0,52.0,100.0,100.0
30,Huskies,Huskies_M4,,2H,2245.7919920000004,Shot,Shot,72.0,64.0,0.0,0.0
30,Opponent8,Opponent8_D4,,2H,2381.465897,Shot,Shot,73.0,23.0,100.0,100.0
30,Opponent8,Opponent8_M2,,2H,2735.5893180000003,Shot,Shot,82.0,56.0,100.0,100.0
30,Opponent8,Opponent8_M1,,2H,2766.6532509999997,Shot,Shot,79.0,41.0,100.0,100.0
30,Opponent8,Opponent8_F2,,2H,2950.943556,Shot,Shot,76.0,50.0,100.0,100.0
31,Opponent1,Opponent1_M5,,1H,129.57792999999998,Shot,Shot,79.0,37.0,0.0,0.0
31,Huskies,Huskies_M4,,1H,389.308717,Shot,Shot,92.0,44.0,100.0,100.0
31,Opponent1,Opponent1_F4,,1H,578.474007,Shot,Shot,83.0,48.0,0.0,0.0
31,Opponent1,Opponent1_M2,,1H,761.480956,Shot,Shot,90.0,73.0,0.0,0.0
31,Opponent1,Opponent1_M6,,1H,880.257465,Shot,Shot,69.0,41.0,0.0,0.0
31,Opponent1,Opponent1_F4,,1H,1539.525436,Shot,Shot,97.0,33.0,0.0,0.0
31,Huskies,Huskies_M12,,1H,1907.793142,Shot,Shot,85.0,33.0,100.0,100.0
31,Huskies,Huskies_F2,,2H,67.59296099999983,Shot,Shot,72.0,58.0,100.0,100.0
31,Opponent1,Opponent1_M6,,2H,410.35372099999995,Shot,Shot,76.0,69.0,0.0,0.0
31,Huskies,Huskies_M12,,2H,473.8854059999999,Shot,Shot,96.0,27.0,100.0,100.0
31,Huskies,Huskies_M12,,2H,661.7165650000002,Shot,Shot,90.0,49.0,100.0,100.0
31,Huskies,Huskies_D1,,2H,747.341938,Shot,Shot,95.0,48.0,100.0,100.0
31,Opponent1,Opponent1_M3,,2H,926.9069639999998,Shot,Shot,88.0,39.0,0.0,0.0
31,Opponent1,Opponent1_D6,,2H,1236.431321,Shot,Shot,87.0,65.0,0.0,0.0
31,Huskies,Huskies_D1,,2H,1340.270606,Shot,Shot,68.0,41.0,100.0,100.0
31,Huskies,Huskies_F5,,2H,1398.4266150000003,Shot,Shot,93.0,46.0,100.0,100.0
31,Huskies,Huskies_F1,,2H,1400.7486509999999,Shot,Shot,96.0,50.0,100.0,100.0
31,Huskies,Huskies_F5,,2H,1403.4660780000004,Shot,Shot,96.0,45.0,100.0,100.0
31,Huskies,Huskies_M12,,2H,1661.0020249999998,Shot,Shot,91.0,53.0,100.0,100.0
31,Opponent1,Opponent1_F5,,2H,1900.755177,Shot,Shot,96.0,54.0,0.0,0.0
31,Opponent1,Opponent1_D6,,2H,2227.2625019999996,Shot,Shot,86.0,64.0,0.0,0.0
31,Huskies,Huskies_F6,,2H,2245.066533,Shot,Shot,89.0,38.0,100.0,100.0
31,Huskies,Huskies_F5,,2H,2282.80588,Shot,Shot,93.0,49.0,100.0,100.0
31,Huskies,Huskies_F1,,2H,2456.3980330000004,Shot,Shot,96.0,38.0,100.0,100.0
31,Huskies,Huskies_F6,,2H,2673.9459720000004,Shot,Shot,88.0,65.0,100.0,100.0
32,Opponent2,Opponent2_M3,,1H,239.039828,Shot,Shot,90.0,67.0,100.0,100.0
32,Huskies,Huskies_D3,,1H,626.914627,Shot,Shot,86.0,35.0,0.0,0.0
32,Huskies,Huskies_M12,,1H,686.218313,Shot,Shot,94.0,49.0,0.0,0.0
32,Opponent2,Opponent2_F1,,1H,755.617003,Shot,Shot,92.0,49.0,100.0,100.0
32,Opponent2,Opponent2_M2,,1H,961.849721,Shot,Shot,94.0,32.0,100.0,100.0
32,Opponent2,Opponent2_F3,,1H,1022.9896409999999,Shot,Shot,77.0,39.0,100.0,100.0
32,Opponent2,Opponent2_M1,,1H,1186.113639,Shot,Shot,72.0,31.0,100.0,100.0
32,Opponent2,Opponent2_D1,,1H,1208.621747,Shot,Shot,93.0,61.0,100.0,100.0
32,Opponent2,Opponent2_D2,,1H,1276.513634,Shot,Shot,88.0,55.0,100.0,100.0
32,Opponent2,Opponent2_D6,,1H,1614.074313,Shot,Shot,91.0,28.0,100.0,100.0
32,Opponent2,Opponent2_F3,,1H,1616.769182,Shot,Shot,87.0,48.0,100.0,100.0
32,Opponent2,Opponent2_F3,,1H,1902.4082010000002,Shot,Shot,78.0,69.0,100.0,100.0
32,Opponent2,Opponent2_M2,,1H,1986.828461,Shot,Shot,81.0,32.0,100.0,100.0
32,Opponent2,Opponent2_F3,,1H,2205.57375,Shot,Shot,91.0,58.0,100.0,100.0
32,Opponent2,Opponent2_M4,,1H,2334.234807,Shot,Shot,86.0,37.0,100.0,100.0
32,Opponent2,Opponent2_M2,,2H,558.1365609999998,Shot,Shot,86.0,65.0,100.0,100.0
32,Opponent2,Opponent2_M1,,2H,624.792731,Shot,Shot,72.0,35.0,100.0,100.0
32,Huskies,Huskies_M12,,2H,1040.457144,Shot,Shot,81.0,35.0,0.0,0.0
32,Huskies,Huskies_F5,,2H,1231.3546269999997,Shot,Shot,94.0,44.0,0.0,0.0
32,Opponent2,Opponent2_M3,,2H,1560.925746,Shot,Shot,80.0,20.0,100.0,100.0
32,Opponent2,Opponent2_M1,,2H,1736.847984,Shot,Shot,73.0,47.0,100.0,100.0
32,Huskies,Huskies_F4,,2H,2314.495769,Shot,Shot,92.0,51.0,0.0,0.0
32,Opponent2,Opponent2_M1,,2H,2516.62629,Shot,Shot,47.0,50.0,100.0,100.0
33,Huskies,Huskies_F2,,1H,346.05892600000004,Shot,Shot,73.0,58.0,0.0,0.0
33,Opponent16,Opponent16_M4,,1H,500.387033,Shot,Shot,71.0,38.0,100.0,100.0
33,Opponent16,Opponent16_F3,,1H,667.125493,Shot,Shot,89.0,48.0,100.0,100.0
33,Huskies,Huskies_F5,,1H,738.064141,Shot,Shot,82.0,49.0,0.0,0.0
33,Opponent16,Opponent16_F3,,1H,900.626976,Shot,Shot,91.0,55.0,100.0,100.0
33,Opponent16,Opponent16_M3,,1H,935.441802,Shot,Shot,91.0,26.0,100.0,100.0
33,Huskies,Huskies_M12,,1H,1319.409282,Shot,Shot,72.0,40.0,0.0,0.0
33,Opponent16,Opponent16_M3,,1H,1737.583506,Shot,Shot,89.0,30.0,100.0,100.0
33,Opponent16,Opponent16_M1,,1H,2502.694203,Shot,Shot,75.0,64.0,100.0,100.0
33,Opponent16,Opponent16_F1,,1H,2628.089802,Shot,Shot,76.0,28.0,100.0,100.0
33,Opponent16,Opponent16_M2,,2H,1439.3531439999997,Shot,Shot,77.0,39.0,100.0,100.0
33,Opponent16,Opponent16_F3,,2H,1692.1399600000004,Shot,Shot,83.0,52.0,100.0,100.0
33,Opponent16,Opponent16_F3,,2H,1694.0522689999998,Shot,Shot,87.0,49.0,100.0,100.0
33,Huskies,Huskies_F1,,2H,1841.987943,Shot,Shot,86.0,26.0,0.0,0.0
33,Huskies,Huskies_F5,,2H,2492.1666889999997,Shot,Shot,93.0,41.0,0.0,0.0
33,Huskies,Huskies_F1,,2H,2551.6878079999997,Shot,Shot,89.0,34.0,0.0,0.0
34,Opponent18,Opponent18_M7,,1H,335.938402,Shot,Shot,85.0,45.0,0.0,0.0
34,Opponent18,Opponent18_M8,,1H,584.091218,Shot,Shot,77.0,77.0,0.0,0.0
34,Opponent18,Opponent18_M8,,1H,654.492349,Shot,Shot,72.0,40.0,0.0,0.0
34,Opponent18,Opponent18_M8,,1H,1102.119211,Shot,Shot,82.0,65.0,0.0,0.0
34,Opponent18,Opponent18_F3,,1H,1253.242737,Shot,Shot,88.0,40.0,0.0,0.0
34,Opponent18,Opponent18_D2,,1H,1287.767263,Shot,Shot,93.0,45.0,0.0,0.0
34,Opponent18,Opponent18_M1,,1H,1291.291866,Shot,Shot,91.0,75.0,0.0,0.0
34,Opponent18,Opponent14_F2,,1H,1532.286343,Shot,Shot,89.0,41.0,0.0,0.0
34,Huskies,Huskies_F6,,1H,1815.056985,Shot,Shot,87.0,64.0,100.0,100.0
34,Huskies,Huskies_M12,,1H,1987.931463,Shot,Shot,69.0,27.0,100.0,100.0
34,Huskies,Huskies_D1,,1H,2372.391622,Shot,Shot,96.0,65.0,100.0,100.0
34,Huskies,Huskies_M12,,1H,2535.804034,Shot,Shot,88.0,32.0,100.0,100.0
34,Huskies,Huskies_M1,,1H,2537.40942,Shot,Shot,92.0,41.0,100.0,100.0
34,Opponent18,Opponent18_M7,,2H,42.053465999999844,Shot,Shot,90.0,47.0,0.0,0.0
34,Opponent18,Opponent18_M7,,2H,240.53528300000016,Shot,Shot,79.0,72.0,0.0,0.0
34,Opponent18,Opponent14_F2,,2H,327.1358220000002,Shot,Shot,87.0,63.0,0.0,0.0
34,Huskies,Huskies_F5,,2H,462.65141200000016,Shot,Shot,89.0,38.0,100.0,100.0
34,Huskies,Huskies_M1,,2H,680.1679789999998,Shot,Shot,90.0,54.0,100.0,100.0
34,Huskies,Huskies_F2,,2H,1187.097159,Shot,Shot,75.0,52.0,100.0,100.0
34,Opponent18,Opponent18_F3,,2H,1301.1758769999997,Shot,Shot,89.0,69.0,0.0,0.0
34,Opponent18,Opponent18_M5,,2H,1448.7992510000004,Shot,Shot,80.0,68.0,0.0,0.0
34,Opponent18,Opponent18_F3,,2H,1555.3055889999996,Shot,Shot,88.0,33.0,0.0,0.0
34,Huskies,Huskies_D8,,2H,1757.1271390000002,Shot,Shot,93.0,55.0,100.0,100.0
34,Huskies,Huskies_M12,,2H,1762.4351299999998,Shot,Shot,87.0,28.0,100.0,100.0
34,Opponent18,Opponent18_F2,,2H,1924.6164740000004,Shot,Shot,89.0,53.0,0.0,0.0
35,Huskies,Huskies_F5,,1H,144.052414,Shot,Shot,89.0,61.0,0.0,0.0
35,Huskies,Huskies_M12,,1H,979.342084,Shot,Shot,85.0,40.0,0.0,0.0
35,Opponent17,Opponent17_F3,,1H,1274.702155,Shot,Shot,71.0,58.0,100.0,100.0
35,Huskies,Huskies_F2,,1H,1462.179735,Shot,Shot,73.0,59.0,0.0,0.0
35,Opponent17,Opponent17_F3,,1H,1821.142156,Shot,Shot,88.0,49.0,100.0,100.0
35,Huskies,Huskies_D3,,1H,2045.832042,Shot,Shot,97.0,42.0,0.0,0.0
35,Opponent17,Opponent17_M3,,1H,2308.383601,Shot,Shot,71.0,50.0,100.0,100.0
35,Huskies,Huskies_F6,,1H,2699.831316,Shot,Shot,86.0,69.0,0.0,0.0
35,Opponent17,Opponent17_F3,,2H,212.82908899999984,Shot,Shot,85.0,42.0,100.0,100.0
35,Huskies,Huskies_F6,,2H,305.6007589999999,Shot,Shot,91.0,36.0,0.0,0.0
35,Opponent17,Opponent17_M7,,2H,473.5444510000002,Shot,Shot,79.0,60.0,100.0,100.0
35,Huskies,Huskies_F2,,2H,556.5273590000002,Shot,Shot,72.0,32.0,0.0,0.0
35,Opponent17,Opponent17_F1,,2H,1094.0621999999998,Shot,Shot,92.0,52.0,100.0,100.0
35,Opponent17,Opponent17_F3,,2H,1417.9880640000001,Shot,Shot,92.0,32.0,100.0,100.0
35,Opponent17,Opponent17_F3,,2H,1609.1366090000001,Shot,Shot,89.0,49.0,100.0,100.0
36,Opponent15,Opponent15_F4,,1H,995.5117130000001,Shot,Shot,72.0,70.0,0.0,0.0
36,Opponent15,Opponent15_D5,,1H,1193.669943,Shot,Shot,83.0,33.0,0.0,0.0
36,Huskies,Huskies_F2,,1H,1671.04826,Shot,Shot,83.0,84.0,100.0,100.0
36,Huskies,Huskies_M1,,1H,1697.934212,Shot,Shot,69.0,50.0,100.0,100.0
36,Opponent15,Opponent15_M5,,1H,1790.572161,Shot,Shot,86.0,42.0,0.0,0.0
36,Opponent15,Opponent15_F4,,1H,2057.544092,Shot,Shot,88.0,44.0,0.0,0.0
36,Opponent15,Opponent15_F3,,1H,2155.095166,Shot,Shot,81.0,35.0,0.0,0.0
36,Opponent15,Opponent15_M7,,1H,2169.407155,Shot,Shot,73.0,45.0,0.0,0.0
36,Huskies,Huskies_F5,,1H,2315.029728,Shot,Shot,87.0,63.0,100.0,100.0
36,Huskies,Huskies_M9,,2H,30.926053000000138,Shot,Shot,87.0,36.0,100.0,100.0
36,Huskies,Huskies_D8,,2H,695.8933240000001,Shot,Shot,90.0,67.0,100.0,100.0
36,Opponent15,Opponent15_M8,,2H,925.556568,Shot,Shot,70.0,58.0,0.0,0.0
36,Huskies,Huskies_M1,,2H,1918.5398999999998,Shot,Shot,83.0,45.0,100.0,100.0
36,Opponent15,Opponent15_F2,,2H,2287.317999,Shot,Shot,89.0,47.0,0.0,0.0
36,Opponent15,Opponent15_D4,,2H,2958.719887,Shot,Shot,87.0,33.0,0.0,0.0
37,Huskies,Huskies_M4,,1H,164.188536,Shot,Shot,73.0,19.0,0.0,0.0
37,Huskies,Huskies_F5,,1H,753.875361,Shot,Shot,88.0,46.0,0.0,0.0
37,Opponent13,Opponent13_F1,,1H,1164.163029,Shot,Shot,77.0,60.0,100.0,100.0
37,Opponent13,Opponent13_M7,,1H,1648.505865,Shot,Shot,74.0,47.0,100.0,100.0
37,Opponent13,Opponent13_F1,,1H,1655.851917,Shot,Shot,73.0,45.0,100.0,100.0
37,Opponent13,Opponent13_M2,,1H,1857.196908,Shot,Shot,68.0,31.0,100.0,100.0
37,Opponent13,Opponent13_M8,,2H,638.0023059999999,Shot,Shot,94.0,39.0,100.0,100.0
37,Huskies,Huskies_D1,,2H,986.7213670000001,Shot,Shot,88.0,46.0,0.0,0.0
37,Huskies,Huskies_F4,,2H,1204.0063039999995,Shot,Shot,89.0,74.0,0.0,0.0
37,Opponent13,Opponent13_M8,,2H,1983.1139640000001,Shot,Shot,74.0,22.0,100.0,100.0
37,Opponent13,Opponent13_M8,,2H,2193.1649129999996,Shot,Shot,80.0,43.0,100.0,100.0
37,Huskies,Huskies_D1,,2H,2402.4478520000002,Shot,Shot,89.0,58.0,0.0,0.0
37,Opponent13,Opponent13_M8,,2H,2454.3762829999996,Shot,Shot,97.0,29.0,100.0,100.0
37,Huskies,Huskies_M4,,2H,3003.896751,Shot,Shot,77.0,45.0,0.0,0.0
38,Opponent14,Opponent14_M1,,1H,46.18685400000001,Shot,Shot,95.0,61.0,0.0,0.0
38,Huskies,Huskies_D10,,1H,188.777081,Shot,Shot,87.0,48.0,100.0,100.0
38,Opponent14,Opponent14_M3,,1H,329.68931,Shot,Shot,72.0,56.0,0.0,0.0
38,Opponent14,Opponent14_F1,,1H,554.057594,Shot,Shot,88.0,36.0,0.0,0.0
38,Opponent14,Opponent14_M4,,1H,562.677635,Shot,Shot,95.0,45.0,0.0,0.0
38,Huskies,Huskies_F5,,1H,1486.159704,Shot,Shot,73.0,63.0,100.0,100.0
38,Opponent14,Opponent14_M5,,1H,1523.726927,Shot,Shot,76.0,41.0,0.0,0.0
38,Opponent14,Opponent14_F1,,1H,1829.574346,Shot,Shot,84.0,30.0,0.0,0.0
38,Huskies,Huskies_F4,,1H,1879.076551,Shot,Shot,88.0,61.0,100.0,100.0
38,Huskies,Huskies_F4,,1H,2096.943892,Shot,Shot,84.0,42.0,100.0,100.0
38,Opponent14,Opponent14_M1,,1H,2127.921624,Shot,Shot,74.0,56.0,0.0,0.0
38,Opponent14,Opponent14_M1,,1H,2287.135376,Shot,Shot,77.0,45.0,0.0,0.0
38,Huskies,Huskies_F4,,1H,2404.202827,Shot,Shot,93.0,56.0,100.0,100.0
38,Huskies,Huskies_M4,,1H,2665.00314,Shot,Shot,78.0,63.0,100.0,100.0
38,Huskies,Huskies_F4,,2H,23.163637000000108,Shot,Shot,73.0,40.0,100.0,100.0
38,Huskies,Huskies_M2,,2H,792.9394769999999,Shot,Shot,75.0,61.0,100.0,100.0
38,Opponent14,Opponent14_F1,,2H,1075.8689750000003,Shot,Shot,74.0,64.0,0.0,0.0
38,Opponent14,Opponent14_M5,,2H,1648.6778649999997,Shot,Shot,74.0,69.0,0.0,0.0
38,Huskies,Huskies_F4,,2H,1666.845128,Shot,Shot,97.0,68.0,100.0,100.0
38,Huskies,Huskies_M3,,2H,1680.8737019999999,Shot,Shot,87.0,67.0,100.0,100.0
38,Huskies,Huskies_F4,,2H,1737.0648419999998,Shot,Shot,97.0,55.0,100.0,100.0
38,Opponent14,Opponent14_D1,,2H,1810.4437440000002,Shot,Shot,91.0,57.0,0.0,0.0
38,Opponent14,Opponent14_M6,,2H,1933.7020810000004,Shot,Shot,86.0,40.0,0.0,0.0
38,Opponent14,Opponent14_M4,,2H,1972.9694220000001,Shot,Shot,72.0,45.0,0.0,0.0
38,Opponent14,Opponent14_M1,,2H,2193.8870800000004,Shot,Shot,86.0,33.0,0.0,0.0
38,Huskies,Huskies_F6,,2H,2377.1976999999997,Shot,Shot,88.0,62.0,100.0,100.0
38,Huskies,Huskies_F4,,2H,2381.4816250000003,Shot,Shot,92.0,38.0,100.0,100.0
38,Opponent14,Opponent14_D7,,2H,2834.127168,Shot,Shot,86.0,50.0,0.0,0.0
