1,Opponent1,Opponent1_M3,Opponent1_F3,1H,520.306956,Pass,Smart pass,57.0,86.0,99.0,72.0
1,Opponent1,Opponent1_F2,Opponent1_M2,1H,614.115182,Pass,Smart pass,67.0,14.0,90.0,7.0
1,Huskies,Huskies_F2,,1H,1759.910812,Pass,Smart pass,63.0,87.0,99.0,74.0
1,Opponent1,Opponent1_D3,Opponent1_F3,1H,2288.089607,Pass,Smart pass,59.0,88.0,80.0,82.0
1,Huskies,Huskies_F2,Huskies_F1,2H,504.40397200000007,Pass,Smart pass,56.0,68.0,89.0,63.0
1,Huskies,Huskies_F2,Huskies_F1,2H,1021.4130100000002,Pass,Smart pass,40.0,38.0,93.0,27.0
1,Opponent1,Opponent1_M2,,2H,1721.2560059999996,Pass,Smart pass,77.0,50.0,74.0,48.0
1,Huskies,Huskies_F2,,2H,2121.851909,Pass,Smart pass,35.0,30.0,96.0,57.0
1,Opponent1,Opponent1_F5,,2H,2240.900804,Pass,Smart pass,56.0,46.0,79.0,47.0
2,Opponent2,Opponent2_D2,,1H,217.11642799999998,Pass,Smart pass,60.0,19.0,76.0,29.0
2,Opponent2,Opponent2_D1,,1H,388.818865,Pass,Smart pass,66.0,77.0,0.0,0.0
2,Opponent2,Opponent2_F1,,1H,597.833814,Pass,Smart pass,61.0,24.0,83.0,57.0
2,Opponent2,Opponent2_M2,,1H,873.077701,Pass,Smart pass,64.0,53.0,80.0,65.0
2,Opponent2,Opponent2_M1,Opponent2_M3,1H,1203.230117,Pass,Smart pass,58.0,20.0,86.0,25.0
2,Opponent2,Opponent2_M2,,1H,1311.772884,Pass,Smart pass,70.0,31.0,94.0,32.0
2,Opponent2,Opponent2_F2,Opponent2_M2,1H,2022.2516540000001,Pass,Smart pass,72.0,58.0,91.0,38.0
2,Opponent2,Opponent2_M4,,1H,2184.853523,Pass,Smart pass,74.0,47.0,89.0,33.0
2,Opponent2,Opponent2_M4,Opponent2_F1,1H,2393.027729,Pass,Smart pass,70.0,30.0,88.0,37.0
2,Opponent2,Opponent2_M4,,2H,473.0151030000002,Pass,Smart pass,68.0,18.0,81.0,10.0
2,Huskies,Huskies_F2,,2H,640.8756389999999,Pass,Smart pass,64.0,20.0,79.0,50.0
2,Huskies,Huskies_D3,,2H,970.0962300000001,Pass,Smart pass,38.0,44.0,88.0,57.0
2,Huskies,Huskies_M1,,2H,1682.5462850000004,Pass,Smart pass,44.0,56.0,76.0,65.0
2,Opponent2,Opponent2_F3,Opponent2_D5,2H,1900.5420789999998,Pass,Smart pass,77.0,88.0,93.0,67.0
2,Opponent2,Opponent2_F3,Opponent2_M2,2H,2055.835824,Pass,Smart pass,89.0,14.0,90.0,27.0
2,Opponent2,Opponent2_M5,,2H,2830.716399,Pass,Smart pass,73.0,69.0,96.0,73.0
2,Opponent2,Opponent2_M5,,2H,2867.7882090000003,Pass,Smart pass,77.0,59.0,95.0,39.0
3,Opponent3,Opponent3_F2,,1H,233.49192699999998,Pass,Smart pass,72.0,27.0,79.0,30.0
3,Opponent3,Opponent3_D3,,1H,400.32189900000003,Pass,Smart pass,64.0,29.0,88.0,47.0
3,Opponent3,Opponent3_F1,Opponent3_F2,1H,575.228621,Pass,Smart pass,88.0,71.0,88.0,41.0
3,Opponent3,Opponent3_M4,Opponent3_M1,1H,1577.708743,Pass,Smart pass,93.0,90.0,82.0,69.0
3,Opponent3,Opponent3_F1,,1H,1580.889332,Pass,Smart pass,82.0,52.0,88.0,59.0
3,Opponent3,Opponent3_M3,,1H,1704.20002,Pass,Smart pass,70.0,29.0,78.0,44.0
3,Opponent3,Opponent3_M4,Opponent3_M3,1H,2359.435386,Pass,Smart pass,85.0,52.0,45.0,30.0
3,Opponent3,Opponent3_M4,Opponent3_F2,2H,55.45133299999998,Pass,Smart pass,73.0,39.0,82.0,22.0
3,Opponent3,Opponent3_M3,,2H,85.00326799999993,Pass,Smart pass,75.0,15.0,92.0,30.0
3,Huskies,Huskies_M1,,2H,544.547122,Pass,Smart pass,70.0,78.0,92.0,82.0
3,Opponent3,Opponent3_M4,,2H,629.2126010000002,Pass,Smart pass,70.0,32.0,93.0,28.0
3,Opponent3,Opponent3_M4,Opponent3_D4,2H,1120.2216449999996,Pass,Smart pass,61.0,13.0,87.0,2.0
3,Opponent3,Opponent3_D3,,2H,1478.271315,Pass,Smart pass,50.0,53.0,87.0,100.0
3,Huskies,Huskies_M6,,2H,1586.1937589999998,Pass,Smart pass,72.0,41.0,96.0,62.0
3,Opponent3,Opponent3_M3,,2H,2081.223855,Pass,Smart pass,80.0,64.0,89.0,58.0
3,Opponent3,Opponent3_M1,,2H,2777.0854870000003,Pass,Smart pass,62.0,46.0,89.0,29.0
4,Huskies,Huskies_F2,Huskies_D5,1H,353.538035,Pass,Smart pass,68.0,71.0,93.0,77.0
4,Opponent4,Opponent4_M2,,1H,1121.441553,Pass,Smart pass,66.0,46.0,88.0,50.0
4,Opponent4,Opponent4_M3,,1H,1431.863232,Pass,Smart pass,70.0,44.0,89.0,36.0
4,Huskies,Huskies_D1,,1H,1471.989002,Pass,Smart pass,38.0,69.0,87.0,58.0
4,Huskies,Huskies_F3,,1H,1911.292452,Pass,Smart pass,71.0,76.0,77.0,70.0
4,Opponent4,Opponent4_M1,Opponent4_M2,1H,2230.90009,Pass,Smart pass,58.0,68.0,70.0,88.0
4,Opponent4,Opponent4_M4,,1H,2586.214768,Pass,Smart pass,79.0,51.0,87.0,54.0
4,Opponent4,Opponent4_M1,,2H,121.56762200000003,Pass,Smart pass,96.0,30.0,89.0,33.0
4,Opponent4,Opponent4_D4,Opponent4_M2,2H,301.327769,Pass,Smart pass,87.0,96.0,93.0,75.0
4,Opponent4,Opponent4_F1,Opponent4_M1,2H,429.9648480000001,Pass,Smart pass,75.0,47.0,92.0,56.0
4,Opponent4,Opponent4_M1,Opponent4_M4,2H,480.2227590000002,Pass,Smart pass,78.0,79.0,95.0,68.0
4,Opponent4,Opponent4_M4,,2H,564.4157319999999,Pass,Smart pass,70.0,33.0,87.0,30.0
4,Opponent4,Opponent4_D4,Opponent4_F1,2H,979.3239899999999,Pass,Smart pass,76.0,92.0,91.0,75.0
4,Opponent4,Opponent4_D4,,2H,1204.5194510000001,Pass,Smart pass,70.0,97.0,70.0,87.0
4,Huskies,Huskies_F2,Huskies_D5,2H,1212.472296,Pass,Smart pass,47.0,40.0,72.0,82.0
4,Huskies,Huskies_M6,Huskies_D4,2H,2721.257705,Pass,Smart pass,77.0,32.0,97.0,26.0
5,Opponent5,Opponent5_D2,Opponent5_F1,1H,557.286736,Pass,Smart pass,61.0,96.0,48.0,49.0
5,Opponent5,Opponent5_M3,Opponent5_F1,1H,1170.999495,Pass,Smart pass,59.0,27.0,95.0,28.0
5,Huskies,Huskies_F2,,1H,1681.953232,Pass,Smart pass,74.0,66.0,77.0,70.0
5,Huskies,Huskies_M6,Huskies_D5,1H,1843.8262759999998,Pass,Smart pass,76.0,72.0,93.0,73.0
5,Opponent5,Opponent5_M3,,1H,2081.250695,Pass,Smart pass,58.0,40.0,84.0,11.0
5,Opponent5,Opponent5_M3,,1H,2130.096054,Pass,Smart pass,78.0,47.0,80.0,42.0
5,Opponent5,Opponent5_F2,Opponent5_F1,1H,2263.922812,Pass,Smart pass,75.0,35.0,44.0,21.0
5,Opponent5,Opponent5_D3,,1H,2664.685801,Pass,Smart pass,42.0,21.0,76.0,15.0
5,Huskies,Huskies_D2,Huskies_M4,2H,412.86092499999995,Pass,Smart pass,21.0,66.0,44.0,73.0
5,Huskies,Huskies_D5,,2H,1267.3232079999998,Pass,Smart pass,59.0,96.0,69.0,91.0
5,Huskies,Huskies_F2,,2H,1541.4924190000002,Pass,Smart pass,77.0,44.0,84.0,57.0
5,Huskies,Huskies_F2,,2H,2021.1975329999996,Pass,Smart pass,45.0,88.0,64.0,82.0
5,Opponent5,Opponent5_F1,Opponent5_M5,2H,2384.072951,Pass,Smart pass,75.0,28.0,95.0,25.0
6,Opponent6,Opponent6_F2,Opponent6_F1,1H,473.912021,Pass,Smart pass,69.0,71.0,90.0,54.0
6,Huskies,Huskies_M2,Huskies_D5,1H,873.8087390000001,Pass,Smart pass,68.0,64.0,98.0,95.0
6,Opponent6,Opponent6_M2,,1H,1040.762969,Pass,Smart pass,81.0,6.0,86.0,25.0
6,Huskies,Huskies_F1,,1H,1161.460014,Pass,Smart pass,73.0,77.0,80.0,65.0
6,Opponent6,Opponent6_D1,,1H,1512.321006,Pass,Smart pass,79.0,26.0,89.0,36.0
6,Opponent6,Opponent6_D4,,1H,2148.75061,Pass,Smart pass,47.0,15.0,66.0,39.0
6,Huskies,Huskies_M6,,1H,2192.07201,Pass,Smart pass,77.0,71.0,79.0,68.0
6,Opponent6,Opponent6_M4,Opponent6_F2,1H,2324.408015,Pass,Smart pass,80.0,77.0,87.0,70.0
6,Huskies,Huskies_M1,Huskies_M6,1H,2393.947825,Pass,Smart pass,72.0,76.0,90.0,75.0
6,Opponent6,Opponent6_M4,Opponent6_F2,1H,2640.421014,Pass,Smart pass,68.0,35.0,89.0,28.0
6,Huskies,Huskies_D5,Huskies_F1,2H,150.58057000000008,Pass,Smart pass,43.0,95.0,80.0,89.0
6,Opponent6,Opponent6_M1,,2H,845.6137020000001,Pass,Smart pass,77.0,76.0,92.0,77.0
6,Opponent6,Opponent6_M2,Opponent6_F1,2H,1107.8742060000004,Pass,Smart pass,69.0,37.0,77.0,50.0
6,Huskies,Huskies_M4,Huskies_F4,2H,1876.081494,Pass,Smart pass,70.0,47.0,90.0,61.0
6,Opponent6,Opponent6_D2,,2H,1968.9859809999998,Pass,Smart pass,71.0,79.0,86.0,69.0
6,Huskies,Huskies_D4,Huskies_F4,2H,2006.4100360000002,Pass,Smart pass,33.0,2.0,72.0,19.0
6,Huskies,Huskies_F4,,2H,2075.823553,Pass,Smart pass,66.0,22.0,73.0,15.0
6,Huskies,Huskies_D7,,2H,2134.814209,Pass,Smart pass,3.0,92.0,45.0,62.0
6,Huskies,Huskies_D7,Huskies_F1,2H,2155.289906,Pass,Smart pass,66.0,88.0,88.0,55.0
6,Opponent6,Opponent6_F4,,2H,2529.461128,Pass,Smart pass,68.0,67.0,85.0,61.0
6,Huskies,Huskies_D4,Huskies_F1,2H,2631.6741410000004,Pass,Smart pass,43.0,2.0,73.0,10.0
7,Huskies,Huskies_F4,,1H,373.74954,Pass,Smart pass,88.0,36.0,99.0,70.0
7,Opponent7,Opponent7_M5,,1H,700.357069,Pass,Smart pass,71.0,59.0,71.0,78.0
7,Huskies,Huskies_M6,,1H,806.79217,Pass,Smart pass,85.0,29.0,89.0,25.0
7,Huskies,Huskies_F4,,1H,1020.031792,Pass,Smart pass,77.0,58.0,90.0,59.0
7,Huskies,Huskies_D4,,1H,1180.36687,Pass,Smart pass,74.0,8.0,80.0,15.0
7,Opponent7,Opponent7_M1,,1H,2470.77022,Pass,Smart pass,83.0,74.0,87.0,66.0
7,Opponent7,Opponent7_M5,,2H,771.5320649999999,Pass,Smart pass,42.0,33.0,71.0,31.0
7,Opponent7,Opponent7_M3,,2H,2446.387836,Pass,Smart pass,53.0,50.0,71.0,38.0
7,Huskies,Huskies_M6,,2H,2756.036116,Pass,Smart pass,69.0,60.0,100.0,31.0
8,Huskies,Huskies_M1,,1H,104.42685999999998,Pass,Smart pass,86.0,7.0,100.0,23.0
8,Huskies,Huskies_M9,Huskies_D6,1H,415.51840500000003,Pass,Smart pass,72.0,92.0,92.0,92.0
8,Huskies,Huskies_D6,,1H,1574.063596,Pass,Smart pass,79.0,94.0,86.0,92.0
8,Opponent8,Opponent8_M3,,1H,2257.271636,Pass,Smart pass,52.0,41.0,69.0,36.0
8,Huskies,Huskies_M9,,2H,435.0184979999999,Pass,Smart pass,84.0,93.0,89.0,74.0
8,Huskies,Huskies_F2,,2H,842.9100469999998,Pass,Smart pass,53.0,71.0,100.0,95.0
8,Opponent8,Opponent8_M1,Opponent8_D4,2H,1764.200409,Pass,Smart pass,73.0,45.0,95.0,14.0
8,Opponent8,Opponent8_M2,,2H,1906.4900120000002,Pass,Smart pass,66.0,20.0,90.0,27.0
8,Huskies,Huskies_M9,,2H,2019.9963109999999,Pass,Smart pass,87.0,25.0,91.0,53.0
9,Huskies,Huskies_F2,,1H,339.405192,Pass,Smart pass,74.0,34.0,96.0,16.0
9,Opponent9,Opponent9_M1,,1H,393.3827,Pass,Smart pass,85.0,44.0,100.0,100.0
9,Huskies,Huskies_M9,,1H,1595.814643,Pass,Smart pass,71.0,67.0,78.0,65.0
9,Opponent9,Opponent9_F1,,1H,1991.2502049999998,Pass,Smart pass,66.0,24.0,68.0,19.0
9,Opponent9,Opponent9_D4,,1H,2159.772035,Pass,Smart pass,61.0,14.0,85.0,47.0
9,Opponent9,Opponent9_M1,,1H,2637.984952,Pass,Smart pass,64.0,68.0,74.0,35.0
9,Opponent9,Opponent9_F1,Opponent9_D5,2H,267.35150699999986,Pass,Smart pass,72.0,59.0,92.0,73.0
9,Huskies,Huskies_M6,Huskies_F1,2H,785.0241040000001,Pass,Smart pass,54.0,48.0,73.0,59.0
9,Opponent9,Opponent9_F1,Opponent9_M1,2H,1688.011329,Pass,Smart pass,57.0,59.0,76.0,84.0
9,Opponent9,Opponent9_M4,,2H,2173.666811,Pass,Smart pass,48.0,45.0,71.0,72.0
10,Opponent10,Opponent10_D4,,1H,776.7156560000001,Pass,Smart pass,63.0,1.0,75.0,22.0
10,Opponent10,Opponent10_M2,Opponent10_M4,1H,1048.155005,Pass,Smart pass,66.0,51.0,90.0,76.0
10,Huskies,Huskies_M5,,1H,1281.489663,Pass,Smart pass,78.0,80.0,88.0,64.0
10,Huskies,Huskies_F2,Huskies_M8,1H,1560.242022,Pass,Smart pass,66.0,68.0,92.0,66.0
10,Huskies,Huskies_M5,Huskies_M8,1H,1809.264282,Pass,Smart pass,71.0,81.0,93.0,71.0
10,Opponent10,Opponent10_M2,,1H,1985.432476,Pass,Smart pass,67.0,38.0,88.0,41.0
10,Huskies,Huskies_D7,,2H,263.2098719999999,Pass,Smart pass,38.0,90.0,74.0,65.0
10,Huskies,Huskies_M1,,2H,2188.1592149999997,Pass,Smart pass,76.0,17.0,77.0,26.0
11,Huskies,Huskies_M4,,1H,377.40086399999996,Pass,Smart pass,80.0,83.0,90.0,64.0
11,Opponent11,Opponent11_M3,,1H,1100.848424,Pass,Smart pass,89.0,98.0,100.0,85.0
11,Opponent11,Opponent11_F2,,1H,1169.042402,Pass,Smart pass,73.0,28.0,88.0,7.0
11,Opponent11,Opponent11_F2,,1H,1270.158639,Pass,Smart pass,83.0,68.0,88.0,52.0
11,Huskies,Huskies_M4,Huskies_F4,1H,1304.063699,Pass,Smart pass,76.0,75.0,92.0,86.0
11,Huskies,Huskies_F2,Huskies_D4,1H,1307.830177,Pass,Smart pass,89.0,76.0,90.0,37.0
11,Huskies,Huskies_M11,,1H,1363.686835,Pass,Smart pass,63.0,69.0,85.0,92.0
11,Opponent11,Opponent11_F2,Opponent11_F1,1H,2385.503288,Pass,Smart pass,57.0,30.0,79.0,31.0
11,Opponent11,Opponent11_F1,,2H,123.96969600000011,Pass,Smart pass,77.0,7.0,97.0,26.0
11,Opponent11,Opponent11_M3,Opponent11_D1,2H,170.2314150000002,Pass,Smart pass,74.0,85.0,96.0,87.0
11,Huskies,Huskies_M10,,2H,913.1442269999998,Pass,Smart pass,79.0,88.0,98.0,92.0
11,Opponent11,Opponent11_F1,,2H,1187.2422029999998,Pass,Smart pass,31.0,64.0,46.0,72.0
11,Huskies,Huskies_F1,Huskies_M6,2H,1651.2576719999997,Pass,Smart pass,76.0,8.0,79.0,16.0
11,Opponent11,Opponent11_F1,,2H,1794.641356,Pass,Smart pass,88.0,29.0,87.0,28.0
11,Opponent11,Opponent11_F1,,2H,2198.6481670000003,Pass,Smart pass,83.0,8.0,85.0,9.0
11,Opponent11,Opponent11_M3,Opponent11_M4,2H,2398.2029899999998,Pass,Smart pass,70.0,38.0,90.0,30.0
11,Opponent11,Opponent11_F2,Opponent11_M2,2H,3245.4640470000004,Pass,Smart pass,84.0,89.0,92.0,71.0
12,Opponent12,Opponent12_M1,,1H,198.739172,Pass,Smart pass,55.0,80.0,87.0,45.0
12,Opponent12,Opponent12_D2,,1H,570.267846,Pass,Smart pass,57.0,88.0,99.0,58.0
12,Opponent12,Opponent12_M6,Opponent12_M1,1H,842.745725,Pass,Smart pass,79.0,23.0,96.0,92.0
12,Opponent12,Opponent12_M2,Opponent12_M6,1H,952.1880719999999,Pass,Smart pass,64.0,61.0,75.0,52.0
12,Opponent12,Opponent12_M4,,1H,1561.535065,Pass,Smart pass,70.0,19.0,78.0,13.0
12,Opponent12,Opponent12_M2,Opponent12_M1,1H,1851.305842,Pass,Smart pass,70.0,74.0,71.0,78.0
12,Opponent12,Opponent12_M2,,1H,1860.044248,Pass,Smart pass,77.0,64.0,86.0,76.0
12,Opponent12,Opponent12_M3,Opponent12_D2,1H,2060.445069,Pass,Smart pass,69.0,59.0,90.0,87.0
12,Opponent12,Opponent12_M5,,1H,2351.707084,Pass,Smart pass,65.0,84.0,78.0,63.0
12,Opponent12,Opponent12_M4,Opponent12_D4,1H,2568.588092,Pass,Smart pass,70.0,5.0,93.0,3.0
12,Huskies,Huskies_D4,Huskies_M6,2H,132.22066899999982,Pass,Smart pass,83.0,3.0,97.0,29.0
12,Opponent12,Opponent12_M6,,2H,528.1696280000001,Pass,Smart pass,38.0,30.0,56.0,21.0
12,Opponent12,Opponent12_M6,,2H,820.2239180000001,Pass,Smart pass,85.0,83.0,87.0,70.0
12,Opponent12,Opponent12_D4,,2H,1403.4402140000002,Pass,Smart pass,59.0,14.0,83.0,11.0
12,Opponent12,Opponent12_M3,Opponent12_M2,2H,1455.8381230000005,Pass,Smart pass,71.0,84.0,81.0,74.0
12,Opponent12,Opponent12_M3,Opponent12_M4,2H,1621.8766180000002,Pass,Smart pass,91.0,27.0,87.0,43.0
12,Opponent12,Opponent12_M6,Opponent12_F1,2H,2137.851845,Pass,Smart pass,70.0,65.0,87.0,41.0
12,Opponent12,Opponent12_M6,,2H,2294.8325219999997,Pass,Smart pass,78.0,14.0,87.0,19.0
13,Opponent13,Opponent13_M1,,1H,506.89502100000004,Pass,Smart pass,93.0,18.0,92.0,27.0
13,Opponent13,Opponent13_D3,Opponent13_M4,1H,520.964773,Pass,Smart pass,69.0,76.0,97.0,76.0
13,Opponent13,Opponent13_D4,,1H,1044.194862,Pass,Smart pass,73.0,25.0,87.0,56.0
13,Opponent13,Opponent13_M1,Opponent13_M3,1H,1288.711906,Pass,Smart pass,64.0,56.0,54.0,23.0
13,Opponent13,Opponent13_M5,,1H,1768.652237,Pass,Smart pass,71.0,28.0,99.0,22.0
13,Opponent13,Opponent13_D4,,1H,1819.435556,Pass,Smart pass,59.0,17.0,88.0,25.0
13,Opponent13,Opponent13_M5,Opponent13_M1,1H,2225.852067,Pass,Smart pass,81.0,84.0,90.0,75.0
13,Opponent13,Opponent13_M4,,1H,2377.780984,Pass,Smart pass,90.0,11.0,94.0,11.0
13,Opponent13,Opponent13_M3,,1H,2827.539797,Pass,Smart pass,71.0,59.0,82.0,42.0
13,Opponent13,Opponent13_M1,,2H,111.55016599999999,Pass,Smart pass,87.0,17.0,93.0,15.0
13,Opponent13,Opponent13_M5,Opponent13_D4,2H,407.8602850000002,Pass,Smart pass,82.0,8.0,96.0,12.0
13,Opponent13,Opponent13_M1,,2H,538.5414110000002,Pass,Smart pass,76.0,53.0,88.0,66.0
13,Opponent13,Opponent13_M5,Opponent13_D4,2H,897.8748770000002,Pass,Smart pass,56.0,5.0,88.0,4.0
13,Opponent13,Opponent13_D1,Opponent13_D3,2H,1191.2721309999997,Pass,Smart pass,78.0,66.0,98.0,73.0
13,Opponent13,Opponent13_D3,Opponent13_M4,2H,2502.767855,Pass,Smart pass,90.0,93.0,92.0,68.0
13,Opponent13,Opponent13_F2,,2H,2718.5588610000004,Pass,Smart pass,77.0,13.0,75.0,25.0
14,Huskies,Huskies_F2,Huskies_F1,1H,574.683748,Pass,Smart pass,45.0,31.0,70.0,56.0
14,Opponent14,Opponent14_M1,Opponent14_D1,1H,863.1887429999999,Pass,Smart pass,78.0,63.0,92.0,72.0
14,Opponent14,Opponent14_F1,,1H,1284.364766,Pass,Smart pass,75.0,78.0,94.0,66.0
14,Opponent14,Opponent14_D2,,1H,1378.224819,Pass,Smart pass,69.0,5.0,72.0,5.0
14,Opponent14,Opponent14_F1,Opponent14_M3,1H,1475.448347,Pass,Smart pass,87.0,71.0,97.0,70.0
14,Huskies,Huskies_M4,,1H,2592.440705,Pass,Smart pass,71.0,74.0,86.0,64.0
14,Opponent14,Opponent14_F1,,2H,12.580827000000227,Pass,Smart pass,86.0,98.0,90.0,88.0
14,Opponent14,Opponent14_D2,,2H,682.1531650000002,Pass,Smart pass,87.0,3.0,77.0,18.0
14,Opponent14,Opponent14_F4,,2H,2092.5368280000002,Pass,Smart pass,78.0,64.0,74.0,31.0
15,Huskies,Huskies_M4,Huskies_M4,1H,1392.847773,Pass,Smart pass,81.0,79.0,71.0,83.0
15,Huskies,Huskies_F2,,1H,1552.09891,Pass,Smart pass,74.0,75.0,80.0,85.0
15,Opponent15,Opponent15_F1,,1H,1638.848989,Pass,Smart pass,77.0,29.0,90.0,38.0
15,Huskies,Huskies_F2,Huskies_M4,1H,1650.441596,Pass,Smart pass,47.0,54.0,76.0,74.0
15,Huskies,Huskies_F1,Huskies_M6,2H,99.81342200000017,Pass,Smart pass,82.0,61.0,87.0,53.0
15,Huskies,Huskies_F1,,2H,398.73836299999994,Pass,Smart pass,96.0,93.0,89.0,87.0
15,Huskies,Huskies_M8,Huskies_F1,2H,966.7887950000004,Pass,Smart pass,79.0,35.0,81.0,43.0
15,Huskies,Huskies_M4,Huskies_F1,2H,1055.630741,Pass,Smart pass,80.0,83.0,88.0,60.0
15,Huskies,Huskies_M6,,2H,1293.2221339999996,Pass,Smart pass,44.0,20.0,65.0,28.0
15,Huskies,Huskies_F2,Huskies_F1,2H,1670.7454189999999,Pass,Smart pass,52.0,72.0,88.0,40.0
15,Opponent15,Opponent15_F4,,2H,2026.798597,Pass,Smart pass,70.0,74.0,78.0,75.0
15,Huskies,Huskies_M6,,2H,2123.214296,Pass,Smart pass,77.0,38.0,81.0,34.0
16,Opponent16,Opponent16_F2,,1H,661.647601,Pass,Smart pass,78.0,95.0,80.0,88.0
16,Huskies,Huskies_F4,,1H,665.724438,Pass,Smart pass,44.0,20.0,43.0,19.0
16,Opponent16,Opponent16_M3,,1H,693.917317,Pass,Smart pass,75.0,5.0,95.0,27.0
16,Opponent16,Opponent16_F1,,1H,817.876239,Pass,Smart pass,75.0,52.0,89.0,87.0
16,Opponent16,Opponent16_F2,Opponent16_M2,1H,1064.596613,Pass,Smart pass,77.0,95.0,86.0,93.0
16,Huskies,Huskies_F4,Huskies_M6,1H,1553.145648,Pass,Smart pass,69.0,22.0,87.0,28.0
16,Opponent16,Opponent16_D1,Opponent16_M3,1H,1822.101483,Pass,Smart pass,73.0,20.0,95.0,29.0
16,Huskies,Huskies_M1,,1H,1872.0524959999998,Pass,Smart pass,60.0,79.0,67.0,82.0
16,Opponent16,Opponent16_M2,,1H,2433.945135,Pass,Smart pass,69.0,56.0,90.0,82.0
16,Huskies,Huskies_F1,,2H,287.22500200000013,Pass,Smart pass,82.0,26.0,100.0,100.0
16,Opponent16,Opponent16_D2,Opponent16_F3,2H,339.0862179999999,Pass,Smart pass,62.0,92.0,93.0,77.0
16,Opponent16,Opponent16_M2,,2H,502.33719199999996,Pass,Smart pass,63.0,78.0,58.0,71.0
16,Huskies,Huskies_F1,,2H,1580.5327550000002,Pass,Smart pass,84.0,5.0,70.0,11.0
16,Opponent16,Opponent16_F5,Opponent16_D2,2H,2860.131907,Pass,Smart pass,71.0,43.0,93.0,86.0
17,Opponent17,Opponent17_M3,Opponent17_D2,1H,1007.2193810000001,Pass,Smart pass,89.0,41.0,90.0,49.0
17,Opponent17,Opponent17_F1,,1H,1256.762735,Pass,Smart pass,68.0,53.0,75.0,66.0
17,Opponent17,Opponent17_M2,,1H,1666.806834,Pass,Smart pass,87.0,8.0,94.0,4.0
17,Opponent17,Opponent17_D4,,1H,1744.394497,Pass,Smart pass,71.0,6.0,97.0,25.0
17,Huskies,Huskies_M1,,1H,2022.277979,Pass,Smart pass,78.0,23.0,88.0,56.0
17,Opponent17,Opponent17_M2,,1H,2088.281644,Pass,Smart pass,80.0,9.0,99.0,7.0
17,Opponent17,Opponent17_M2,,2H,1655.1252100000002,Pass,Smart pass,80.0,80.0,99.0,81.0
17,Opponent17,Opponent17_D1,,2H,2303.5810229999997,Pass,Smart pass,65.0,82.0,74.0,93.0
18,Opponent18,Opponent18_D3,,1H,449.110277,Pass,Smart pass,42.0,93.0,76.0,66.0
18,Huskies,Huskies_D5,Huskies_F2,1H,1148.590573,Pass,Smart pass,76.0,14.0,92.0,39.0
18,Huskies,Huskies_F2,,2H,802.696496,Pass,Smart pass,70.0,27.0,70.0,35.0
18,Huskies,Huskies_F1,,2H,1782.9332940000004,Pass,Smart pass,79.0,33.0,92.0,52.0
19,Huskies,Huskies_M4,,1H,456.12199899999996,Pass,Smart pass,54.0,64.0,75.0,31.0
19,Opponent3,Opponent3_M4,,1H,904.624073,Pass,Smart pass,90.0,22.0,86.0,29.0
19,Opponent3,Opponent3_F2,,1H,1005.121952,Pass,Smart pass,80.0,55.0,83.0,50.0
19,Huskies,Huskies_M6,,1H,1445.222027,Pass,Smart pass,78.0,59.0,97.0,85.0
19,Huskies,Huskies_M8,,1H,2031.4746530000002,Pass,Smart pass,62.0,89.0,77.0,100.0
19,Huskies,Huskies_M1,,1H,2281.33757,Pass,Smart pass,43.0,93.0,74.0,66.0
19,Opponent3,Opponent3_M2,,1H,2401.700504,Pass,Smart pass,91.0,97.0,91.0,90.0
19,Opponent3,Opponent3_D4,Opponent3_M4,1H,2482.993899,Pass,Smart pass,71.0,31.0,89.0,33.0
19,Opponent3,Opponent3_M4,,1H,2581.270219,Pass,Smart pass,79.0,60.0,84.0,40.0
19,Opponent3,Opponent3_F4,,2H,797.7341670000001,Pass,Smart pass,44.0,16.0,56.0,30.0
19,Opponent3,Opponent3_M1,,2H,1389.4137650000002,Pass,Smart pass,98.0,73.0,93.0,61.0
19,Opponent3,Opponent3_M1,,2H,1448.3956600000001,Pass,Smart pass,79.0,85.0,92.0,86.0
19,Opponent3,Opponent3_F4,Opponent3_M1,2H,1693.2574430000004,Pass,Smart pass,78.0,78.0,93.0,68.0
19,Opponent3,Opponent3_M1,,2H,2091.171794,Pass,Smart pass,87.0,93.0,86.0,92.0
19,Opponent3,Opponent3_D2,,2H,2179.9540829999996,Pass,Smart pass,91.0,92.0,93.0,70.0
19,Opponent3,Opponent3_M1,,2H,2388.2188829999996,Pass,Smart pass,77.0,51.0,83.0,44.0
19,Huskies,Huskies_D5,,2H,2804.013733,Pass,Smart pass,26.0,95.0,67.0,80.0
20,Huskies,Huskies_M4,,1H,1676.73602,Pass,Smart pass,64.0,62.0,89.0,100.0
20,Opponent19,Opponent19_F2,,1H,2667.468575,Pass,Smart pass,68.0,30.0,90.0,41.0
20,Opponent19,Opponent19_M3,,2H,231.23136999999997,Pass,Smart pass,64.0,26.0,81.0,28.0
20,Opponent19,Opponent19_M3,Opponent19_F1,2H,490.9737829999999,Pass,Smart pass,36.0,5.0,79.0,24.0
20,Opponent19,Opponent19_F1,,2H,1548.4733910000004,Pass,Smart pass,81.0,42.0,78.0,39.0
20,Huskies,Huskies_D1,Huskies_D5,2H,2147.424698,Pass,Smart pass,71.0,27.0,85.0,7.0
20,Opponent19,Opponent19_M4,Opponent19_F1,2H,2436.0054309999996,Pass,Smart pass,49.0,74.0,73.0,85.0
21,Opponent6,Opponent6_M6,,1H,520.550114,Pass,Smart pass,77.0,41.0,94.0,44.0
21,Huskies,Huskies_M13,Huskies_M13,1H,617.834692,Pass,Smart pass,66.0,27.0,73.0,26.0
21,Opponent6,Opponent6_M6,,1H,658.746858,Pass,Smart pass,69.0,72.0,91.0,68.0
21,Huskies,Huskies_M1,,1H,739.360045,Pass,Smart pass,78.0,38.0,78.0,38.0
21,Opponent6,Opponent6_D2,,1H,995.676794,Pass,Smart pass,39.0,8.0,68.0,33.0
21,Huskies,Huskies_M6,,1H,2487.508311,Pass,Smart pass,69.0,5.0,94.0,32.0
21,Huskies,Huskies_M13,,1H,2653.915347,Pass,Smart pass,71.0,37.0,79.0,68.0
21,Opponent6,Opponent6_M6,,1H,2752.720849,Pass,Smart pass,45.0,43.0,55.0,46.0
21,Huskies,Huskies_M6,Huskies_F2,2H,122.82190499999979,Pass,Smart pass,79.0,6.0,93.0,43.0
21,Huskies,Huskies_F4,Huskies_M1,2H,701.8051340000002,Pass,Smart pass,86.0,39.0,88.0,57.0
21,Opponent6,Opponent6_M4,,2H,1478.9187339999999,Pass,Smart pass,77.0,62.0,89.0,43.0
21,Huskies,Huskies_F4,,2H,1908.2286789999998,Pass,Smart pass,94.0,97.0,95.0,85.0
21,Huskies,Huskies_M8,,2H,2183.887337,Pass,Smart pass,82.0,97.0,86.0,83.0
21,Opponent6,Opponent6_M6,,2H,2302.3739269999996,Pass,Smart pass,64.0,10.0,89.0,17.0
22,Opponent5,Opponent5_M6,,1H,89.751262,Pass,Smart pass,72.0,70.0,95.0,60.0
22,Opponent5,Opponent5_M4,,1H,191.406247,Pass,Smart pass,76.0,65.0,72.0,40.0
22,Opponent5,Opponent5_D6,,1H,891.4291470000001,Pass,Smart pass,79.0,19.0,75.0,16.0
22,Opponent5,Opponent5_M6,Opponent5_F3,1H,1260.24793,Pass,Smart pass,66.0,81.0,81.0,62.0
22,Opponent5,Opponent5_D5,Opponent5_F3,1H,1667.518181,Pass,Smart pass,73.0,22.0,94.0,24.0
22,Opponent5,Opponent5_M7,Opponent5_M5,1H,1700.285584,Pass,Smart pass,76.0,71.0,98.0,11.0
22,Opponent5,Opponent5_D7,,1H,1737.212732,Pass,Smart pass,78.0,81.0,79.0,75.0
22,Opponent5,Opponent5_M7,,1H,1869.1035080000001,Pass,Smart pass,72.0,17.0,74.0,31.0
22,Huskies,Huskies_M12,Huskies_M4,1H,2103.121763,Pass,Smart pass,76.0,28.0,95.0,31.0
22,Opponent5,Opponent5_M5,,1H,2428.138936,Pass,Smart pass,82.0,45.0,82.0,46.0
22,Opponent5,Opponent5_M7,,2H,71.83257300000014,Pass,Smart pass,76.0,19.0,85.0,15.0
22,Opponent5,Opponent5_M6,,2H,202.8010650000001,Pass,Smart pass,71.0,86.0,88.0,88.0
22,Opponent5,Opponent5_F3,Opponent5_D5,2H,441.9577770000001,Pass,Smart pass,79.0,6.0,95.0,27.0
22,Opponent5,Opponent5_M5,,2H,860.253232,Pass,Smart pass,76.0,66.0,95.0,71.0
22,Opponent5,Opponent5_M7,Opponent5_M5,2H,942.1652349999999,Pass,Smart pass,81.0,13.0,96.0,30.0
22,Opponent5,Opponent5_M7,Opponent5_F3,2H,956.1362349999999,Pass,Smart pass,85.0,11.0,92.0,22.0
22,Opponent5,Opponent5_M7,,2H,1042.6575949999997,Pass,Smart pass,28.0,24.0,84.0,19.0
22,Opponent5,Opponent5_M1,,2H,1107.0787549999995,Pass,Smart pass,68.0,24.0,90.0,32.0
22,Opponent5,Opponent5_M4,,2H,1216.4009619999997,Pass,Smart pass,71.0,74.0,88.0,66.0
22,Opponent5,Opponent5_M5,Opponent5_D5,2H,1415.1815150000002,Pass,Smart pass,84.0,25.0,85.0,13.0
22,Opponent5,Opponent5_M7,,2H,1572.7929990000002,Pass,Smart pass,65.0,44.0,77.0,27.0
22,Huskies,Huskies_M9,,2H,1616.2595099999999,Pass,Smart pass,94.0,87.0,96.0,72.0
22,Opponent5,Opponent5_D6,,2H,2886.6433340000003,Pass,Smart pass,20.0,34.0,48.0,31.0
23,Opponent4,Opponent4_M4,,1H,51.96090899999999,Pass,Smart pass,69.0,42.0,77.0,39.0
23,Opponent4,Opponent4_M1,,1H,236.944094,Pass,Smart pass,77.0,73.0,88.0,59.0
23,Opponent4,Opponent4_M4,Opponent4_D6,1H,256.657397,Pass,Smart pass,60.0,61.0,91.0,87.0
23,Opponent4,Opponent4_F1,Opponent4_M4,1H,633.815717,Pass,Smart pass,42.0,39.0,69.0,32.0
23,Huskies,Huskies_M1,Huskies_F5,1H,651.231375,Pass,Smart pass,44.0,27.0,74.0,21.0
23,Huskies,Huskies_F5,,1H,667.395066,Pass,Smart pass,73.0,8.0,92.0,32.0
23,Opponent4,Opponent4_M1,Opponent4_M4,1H,1006.5571030000001,Pass,Smart pass,76.0,34.0,85.0,38.0
23,Opponent4,Opponent4_M5,Opponent4_F1,1H,1310.082599,Pass,Smart pass,60.0,30.0,80.0,35.0
23,Opponent4,Opponent4_M3,,1H,1353.71337,Pass,Smart pass,68.0,77.0,74.0,67.0
23,Huskies,Huskies_M1,Huskies_M12,1H,2269.231167,Pass,Smart pass,35.0,38.0,55.0,51.0
23,Opponent4,Opponent4_M1,,1H,2314.92851,Pass,Smart pass,80.0,70.0,88.0,62.0
23,Huskies,Huskies_M6,Huskies_F5,1H,2358.529577,Pass,Smart pass,71.0,14.0,94.0,16.0
23,Opponent4,Opponent4_F2,Opponent4_D5,1H,2516.261424,Pass,Smart pass,69.0,25.0,95.0,14.0
23,Opponent4,Opponent4_F1,,1H,2565.684852,Pass,Smart pass,67.0,88.0,77.0,73.0
23,Opponent4,Opponent4_F2,Opponent4_M4,2H,419.4403849999999,Pass,Smart pass,69.0,31.0,90.0,34.0
23,Opponent4,Opponent4_F2,,2H,815.0108329999998,Pass,Smart pass,75.0,69.0,88.0,69.0
23,Huskies,Huskies_M13,Huskies_D7,2H,1013.708349,Pass,Smart pass,57.0,75.0,84.0,88.0
23,Opponent4,Opponent4_M4,,2H,1307.008328,Pass,Smart pass,74.0,68.0,89.0,72.0
23,Opponent4,Opponent4_M4,,2H,1376.050381,Pass,Smart pass,69.0,46.0,88.0,42.0
23,Opponent4,Opponent4_M1,Opponent4_D6,2H,1406.0921230000004,Pass,Smart pass,56.0,67.0,89.0,90.0
23,Huskies,Huskies_F2,Huskies_F1,2H,1556.6245049999998,Pass,Smart pass,72.0,39.0,87.0,42.0
23,Opponent4,Opponent4_M1,,2H,1838.7813100000003,Pass,Smart pass,59.0,25.0,70.0,29.0
23,Huskies,Huskies_F2,,2H,1947.2155279999997,Pass,Smart pass,55.0,78.0,70.0,65.0
23,Opponent4,Opponent4_F2,Opponent4_M4,2H,2145.5420809999996,Pass,Smart pass,80.0,62.0,88.0,55.0
24,Huskies,Huskies_M9,,1H,591.687686,Pass,Smart pass,72.0,26.0,78.0,23.0
24,Huskies,Huskies_M9,,1H,1206.981227,Pass,Smart pass,90.0,8.0,83.0,12.0
24,Opponent19,Opponent19_F1,Opponent19_F2,1H,1232.194229,Pass,Smart pass,48.0,76.0,91.0,76.0
24,Huskies,Huskies_F5,Huskies_F6,1H,1492.893728,Pass,Smart pass,71.0,77.0,96.0,95.0
24,Huskies,Huskies_M6,,2H,675.058595,Pass,Smart pass,80.0,68.0,87.0,68.0
24,Huskies,Huskies_M12,,2H,1776.8310899999997,Pass,Smart pass,76.0,56.0,78.0,56.0
24,Opponent19,Opponent19_M5,,2H,2361.594027,Pass,Smart pass,45.0,26.0,44.0,30.0
24,Huskies,Huskies_F4,,2H,2390.620498,Pass,Smart pass,75.0,59.0,82.0,74.0
24,Huskies,Huskies_M6,,2H,2652.6314810000003,Pass,Smart pass,66.0,77.0,80.0,83.0
24,Huskies,Huskies_M3,,2H,2691.4959710000003,Pass,Smart pass,78.0,46.0,87.0,63.0
24,Opponent19,Opponent19_M5,,2H,2985.172883,Pass,Smart pass,45.0,28.0,58.0,42.0
25,Opponent10,Opponent10_M2,,1H,130.96060899999998,Pass,Smart pass,61.0,6.0,80.0,21.0
25,Opponent10,Opponent10_F2,,1H,727.95361,Pass,Smart pass,47.0,28.0,78.0,34.0
25,Huskies,Huskies_F4,Huskies_M4,1H,1443.434489,Pass,Smart pass,63.0,95.0,76.0,60.0
25,Huskies,Huskies_F2,,1H,1600.874709,Pass,Smart pass,65.0,35.0,87.0,56.0
25,Huskies,Huskies_F2,,1H,2253.0606,Pass,Smart pass,59.0,55.0,75.0,67.0
25,Huskies,Huskies_M6,,1H,2659.880791,Pass,Smart pass,65.0,5.0,74.0,15.0
25,Huskies,Huskies_F2,,2H,350.0223810000002,Pass,Smart pass,36.0,58.0,70.0,85.0
25,Huskies,Huskies_D8,Huskies_F4,2H,982.144429,Pass,Smart pass,58.0,96.0,95.0,76.0
25,Opponent10,Opponent10_F1,,2H,1883.072067,Pass,Smart pass,87.0,51.0,89.0,53.0
25,Huskies,Huskies_D5,,2H,1994.8969029999998,Pass,Smart pass,55.0,26.0,86.0,33.0
25,Opponent10,Opponent10_F3,,2H,2057.2325920000003,Pass,Smart pass,77.0,64.0,81.0,63.0
26,Opponent9,Opponent9_M2,Opponent9_M6,1H,256.064244,Pass,Smart pass,75.0,75.0,90.0,91.0
26,Opponent9,Opponent9_F3,Opponent5_M3,1H,341.65135899999996,Pass,Smart pass,79.0,52.0,93.0,70.0
26,Opponent9,Opponent9_M3,Opponent5_M3,1H,547.705694,Pass,Smart pass,42.0,28.0,72.0,11.0
26,Opponent9,Opponent9_M1,Opponent9_F3,1H,1893.2451890000002,Pass,Smart pass,31.0,5.0,67.0,20.0
26,Opponent9,Opponent5_M3,Opponent9_F3,1H,2183.259792,Pass,Smart pass,73.0,29.0,92.0,37.0
26,Huskies,Huskies_M1,,1H,2274.448367,Pass,Smart pass,70.0,85.0,79.0,91.0
26,Opponent9,Opponent9_M1,,1H,2810.459271,Pass,Smart pass,80.0,25.0,79.0,24.0
26,Opponent9,Opponent9_M1,,2H,745.569735,Pass,Smart pass,84.0,65.0,87.0,73.0
26,Huskies,Huskies_D5,Huskies_F4,2H,840.509771,Pass,Smart pass,71.0,20.0,91.0,27.0
26,Huskies,Huskies_D5,,2H,893.497269,Pass,Smart pass,80.0,4.0,91.0,2.0
26,Huskies,Huskies_M1,Huskies_F4,2H,1180.7372859999996,Pass,Smart pass,40.0,75.0,79.0,85.0
26,Huskies,Huskies_F1,Huskies_F4,2H,1188.7928380000003,Pass,Smart pass,83.0,65.0,94.0,63.0
26,Opponent9,Opponent9_D6,,2H,1693.5492409999997,Pass,Smart pass,60.0,74.0,85.0,76.0
26,Opponent9,Opponent9_D5,,2H,2350.322467,Pass,Smart pass,68.0,96.0,78.0,86.0
26,Opponent9,Opponent5_M3,,2H,2562.291292,Pass,Smart pass,45.0,87.0,65.0,90.0
26,Huskies,Huskies_M12,,2H,2618.149988,Pass,Smart pass,75.0,82.0,89.0,68.0
27,Huskies,Huskies_M6,,1H,202.173451,Pass,Smart pass,72.0,73.0,86.0,62.0
27,Opponent12,Opponent12_M3,,1H,723.423362,Pass,Smart pass,56.0,72.0,75.0,81.0
27,Huskies,Huskies_M6,Huskies_F4,1H,1022.590301,Pass,Smart pass,73.0,41.0,97.0,62.0
27,Opponent12,Opponent12_D7,Opponent12_M4,1H,2173.209881,Pass,Smart pass,62.0,4.0,81.0,19.0
27,Huskies,Huskies_M4,,1H,2291.345026,Pass,Smart pass,73.0,86.0,87.0,82.0
27,Opponent12,Opponent12_D7,,1H,2503.612508,Pass,Smart pass,71.0,4.0,84.0,30.0
27,Opponent12,Opponent12_F2,Opponent12_F1,1H,2682.757405,Pass,Smart pass,71.0,2.0,87.0,34.0
27,Huskies,Huskies_M6,,2H,189.5282769999999,Pass,Smart pass,45.0,76.0,76.0,63.0
27,Opponent12,Opponent12_M3,Opponent12_D2,2H,255.17337099999986,Pass,Smart pass,80.0,94.0,96.0,86.0
27,Huskies,Huskies_F4,Huskies_F6,2H,440.7261309999999,Pass,Smart pass,86.0,42.0,89.0,49.0
27,Opponent12,Opponent12_M4,Opponent12_M3,2H,1019.5887039999998,Pass,Smart pass,83.0,71.0,91.0,95.0
27,Opponent12,Opponent12_M3,,2H,1161.2718480000003,Pass,Smart pass,45.0,65.0,65.0,77.0
27,Opponent12,Opponent12_D7,Opponent12_F1,2H,1301.665484,Pass,Smart pass,64.0,7.0,76.0,34.0
27,Opponent12,Opponent12_M3,,2H,1311.698448,Pass,Smart pass,78.0,62.0,89.0,43.0
27,Opponent12,Opponent12_D2,Opponent12_D7,2H,2187.08345,Pass,Smart pass,85.0,84.0,82.0,64.0
28,Opponent11,Opponent11_F4,,1H,644.471968,Pass,Smart pass,84.0,76.0,66.0,64.0
28,Huskies,Huskies_M1,,1H,896.613396,Pass,Smart pass,55.0,89.0,87.0,58.0
28,Huskies,Huskies_D7,Huskies_M4,1H,1109.271178,Pass,Smart pass,41.0,90.0,81.0,87.0
28,Opponent11,Opponent11_F5,,1H,1296.215183,Pass,Smart pass,70.0,95.0,87.0,87.0
28,Huskies,Huskies_F4,,1H,1608.494926,Pass,Smart pass,79.0,28.0,72.0,29.0
28,Opponent11,Opponent11_F1,,1H,2006.002919,Pass,Smart pass,35.0,34.0,71.0,0.0
28,Opponent11,Opponent11_M6,,2H,80.33365000000003,Pass,Smart pass,70.0,27.0,89.0,36.0
28,Opponent11,Opponent11_F5,Opponent11_F1,2H,431.51920199999995,Pass,Smart pass,78.0,13.0,86.0,30.0
28,Huskies,Huskies_M6,,2H,1610.022978,Pass,Smart pass,54.0,31.0,77.0,71.0
28,Opponent11,Opponent11_D6,Opponent11_D6,2H,1993.8309470000004,Pass,Smart pass,75.0,62.0,87.0,63.0
28,Opponent11,Opponent11_D2,,2H,2513.1539430000003,Pass,Smart pass,59.0,7.0,81.0,34.0
29,Opponent7,Opponent7_M7,Opponent7_M1,1H,55.35879399999999,Pass,Smart pass,41.0,3.0,82.0,5.0
29,Opponent7,Opponent7_M1,Opponent7_D4,1H,338.13982,Pass,Smart pass,67.0,25.0,95.0,90.0
29,Opponent7,Opponent7_D2,,1H,1053.263066,Pass,Smart pass,95.0,1.0,96.0,48.0
29,Huskies,Huskies_F5,,1H,1647.592933,Pass,Smart pass,76.0,68.0,87.0,52.0
29,Opponent7,Opponent7_D4,,1H,1717.893029,Pass,Smart pass,82.0,94.0,85.0,92.0
29,Huskies,Huskies_F5,Huskies_F6,1H,2020.2492419999999,Pass,Smart pass,64.0,6.0,86.0,71.0
29,Opponent7,Opponent7_D4,,1H,2435.551685,Pass,Smart pass,64.0,93.0,85.0,56.0
29,Opponent7,Opponent7_F2,,2H,288.0033330000001,Pass,Smart pass,79.0,73.0,70.0,73.0
29,Opponent7,Opponent7_D4,Opponent7_F2,2H,625.677612,Pass,Smart pass,54.0,97.0,94.0,67.0
29,Opponent7,Opponent7_D4,Opponent7_F2,2H,1244.0861430000004,Pass,Smart pass,68.0,90.0,88.0,71.0
29,Huskies,Huskies_F4,,2H,2767.151194,Pass,Smart pass,55.0,79.0,78.0,53.0
30,Opponent8,Opponent8_F2,Opponent8_M1,1H,62.39559,Pass,Smart pass,53.0,3.0,59.0,23.0
30,Huskies,Huskies_M4,,1H,768.627616,Pass,Smart pass,38.0,77.0,82.0,83.0
30,Opponent8,Opponent8_F2,,1H,1176.730502,Pass,Smart pass,66.0,8.0,85.0,19.0
30,Opponent8,Opponent8_M5,,1H,1332.824957,Pass,Smart pass,64.0,27.0,72.0,42.0
30,Opponent8,Opponent8_M5,,1H,2339.412597,Pass,Smart pass,70.0,80.0,93.0,73.0
30,Huskies,Huskies_D3,,1H,2448.14937,Pass,Smart pass,72.0,54.0,89.0,37.0
30,Huskies,Huskies_M6,,1H,2608.592845,Pass,Smart pass,74.0,19.0,87.0,32.0
30,Huskies,Huskies_F2,Huskies_M12,1H,2684.657976,Pass,Smart pass,58.0,15.0,85.0,9.0
30,Huskies,Huskies_M6,,2H,534.7993849999998,Pass,Smart pass,73.0,71.0,83.0,54.0
30,Huskies,Huskies_M12,Huskies_F6,2H,844.9351790000001,Pass,Smart pass,79.0,36.0,92.0,60.0
30,Huskies,Huskies_M6,Huskies_F6,2H,1544.0144129999999,Pass,Smart pass,47.0,48.0,78.0,75.0
31,Opponent1,Opponent1_M4,Opponent1_M3,1H,86.040584,Pass,Smart pass,74.0,15.0,86.0,45.0
31,Huskies,Huskies_M4,,1H,544.813433,Pass,Smart pass,73.0,78.0,91.0,69.0
31,Opponent1,Opponent1_F4,,1H,1382.584223,Pass,Smart pass,78.0,45.0,90.0,56.0
31,Huskies,Huskies_D8,,1H,2113.89741,Pass,Smart pass,63.0,98.0,88.0,65.0
31,Huskies,Huskies_F2,Huskies_M4,1H,2348.128097,Pass,Smart pass,60.0,65.0,70.0,43.0
31,Opponent1,Opponent1_M3,,2H,389.931384,Pass,Smart pass,60.0,70.0,78.0,84.0
31,Huskies,Huskies_F2,Huskies_F6,2H,469.54163000000017,Pass,Smart pass,56.0,48.0,93.0,73.0
31,Opponent1,Opponent1_M2,Opponent1_F4,2H,683.3839210000001,Pass,Smart pass,57.0,76.0,79.0,67.0
31,Opponent1,Opponent1_M2,,2H,1003.0893839999999,Pass,Smart pass,48.0,46.0,77.0,45.0
31,Huskies,Huskies_F2,Huskies_F1,2H,1024.301809,Pass,Smart pass,43.0,71.0,80.0,41.0
31,Huskies,Huskies_M1,,2H,1157.9767350000002,Pass,Smart pass,72.0,24.0,72.0,32.0
31,Huskies,Huskies_M12,Huskies_F5,2H,1258.261622,Pass,Smart pass,74.0,16.0,93.0,50.0
31,Huskies,Huskies_F5,,2H,2241.2887170000004,Pass,Smart pass,73.0,81.0,89.0,48.0
31,Huskies,Huskies_D4,Huskies_F1,2H,2454.442424,Pass,Smart pass,82.0,2.0,96.0,38.0
31,Huskies,Huskies_M12,,2H,2614.888503,Pass,Smart pass,74.0,18.0,74.0,19.0
31,Opponent1,Opponent1_F6,,2H,2723.193231,Pass,Smart pass,63.0,27.0,85.0,53.0
32,Opponent2,Opponent2_D6,Opponent2_M2,1H,235.407649,Pass,Smart pass,81.0,11.0,99.0,34.0
32,Huskies,Huskies_D8,Huskies_F1,1H,680.836991,Pass,Smart pass,76.0,93.0,99.0,79.0
32,Opponent2,Opponent2_F1,,1H,1358.517307,Pass,Smart pass,64.0,37.0,76.0,53.0
32,Huskies,Huskies_M12,Huskies_F1,1H,1366.341629,Pass,Smart pass,47.0,3.0,93.0,21.0
32,Opponent2,Opponent2_F3,,1H,1762.953878,Pass,Smart pass,75.0,67.0,82.0,70.0
32,Opponent2,Opponent2_M4,,1H,1794.010029,Pass,Smart pass,67.0,65.0,75.0,65.0
32,Opponent2,Opponent2_F1,,2H,172.00294799999983,Pass,Smart pass,46.0,4.0,67.0,8.0
32,Opponent2,Opponent2_M4,Opponent2_D1,2H,552.9156149999999,Pass,Smart pass,56.0,58.0,96.0,83.0
32,Opponent2,Opponent2_M1,Opponent2_F1,2H,843.1076250000001,Pass,Smart pass,64.0,77.0,86.0,58.0
32,Opponent2,Opponent2_M4,,2H,888.8123700000001,Pass,Smart pass,40.0,62.0,61.0,70.0
32,Opponent2,Opponent2_M2,,2H,953.6011170000002,Pass,Smart pass,57.0,22.0,67.0,29.0
32,Opponent2,Opponent2_F1,Opponent2_D1,2H,1540.5337609999997,Pass,Smart pass,79.0,72.0,96.0,77.0
32,Opponent2,Opponent2_M6,,2H,2014.387057,Pass,Smart pass,58.0,70.0,77.0,78.0
32,Opponent2,Opponent2_F1,Opponent2_D1,2H,2384.878871,Pass,Smart pass,57.0,78.0,74.0,94.0
33,Opponent16,Opponent16_F1,,1H,952.248869,Pass,Smart pass,89.0,72.0,88.0,67.0
33,Opponent16,Opponent16_F6,,1H,1075.526218,Pass,Smart pass,53.0,47.0,54.0,54.0
33,Opponent16,Opponent16_M1,Opponent16_M3,1H,1733.834453,Pass,Smart pass,74.0,49.0,91.0,25.0
33,Opponent16,Opponent16_M3,Opponent16_F1,1H,2290.073608,Pass,Smart pass,34.0,27.0,90.0,5.0
33,Opponent16,Opponent16_F3,,1H,2477.334469,Pass,Smart pass,91.0,22.0,95.0,28.0
33,Opponent16,Opponent16_F6,,2H,240.18180200000006,Pass,Smart pass,78.0,88.0,81.0,73.0
33,Opponent16,Opponent16_M1,Opponent16_M3,2H,303.0744209999998,Pass,Smart pass,77.0,46.0,99.0,71.0
33,Opponent16,Opponent16_F6,,2H,527.274457,Pass,Smart pass,89.0,68.0,89.0,64.0
33,Opponent16,Opponent16_M1,,2H,556.2031440000001,Pass,Smart pass,58.0,81.0,97.0,72.0
33,Opponent16,Opponent16_D4,Opponent16_M3,2H,653.128866,Pass,Smart pass,70.0,77.0,95.0,70.0
33,Huskies,Huskies_F5,,2H,1130.5159510000003,Pass,Smart pass,83.0,84.0,81.0,80.0
33,Opponent16,Opponent16_M4,,2H,1289.797627,Pass,Smart pass,55.0,86.0,72.0,68.0
33,Opponent16,Opponent16_F6,Opponent16_M1,2H,1308.4580690000003,Pass,Smart pass,65.0,82.0,94.0,92.0
33,Huskies,Huskies_M4,,2H,1912.666553,Pass,Smart pass,75.0,22.0,93.0,45.0
33,Opponent16,Opponent16_D1,,2H,2192.372918,Pass,Smart pass,21.0,11.0,27.0,20.0
33,Huskies,Huskies_F5,,2H,2371.011198,Pass,Smart pass,97.0,11.0,88.0,29.0
33,Opponent16,Opponent16_M2,,2H,2412.2534729999998,Pass,Smart pass,73.0,35.0,87.0,60.0
33,Opponent16,Opponent16_F4,,2H,2754.262775,Pass,Smart pass,65.0,32.0,87.0,40.0
34,Huskies,Huskies_F2,,1H,114.14753100000001,Pass,Smart pass,68.0,84.0,100.0,77.0
34,Huskies,Huskies_D8,Huskies_F5,1H,1914.925764,Pass,Smart pass,72.0,92.0,90.0,67.0
34,Opponent18,Opponent18_M1,Opponent18_F2,2H,1495.1795739999998,Pass,Smart pass,37.0,20.0,83.0,22.0
34,Huskies,Huskies_D1,Huskies_F6,2H,2084.880822,Pass,Smart pass,42.0,91.0,70.0,84.0
35,Opponent17,Opponent17_F4,,1H,262.978935,Pass,Smart pass,61.0,90.0,88.0,52.0
35,Opponent17,Opponent17_F4,,1H,505.723654,Pass,Smart pass,31.0,23.0,75.0,19.0
35,Opponent17,Opponent17_M1,,1H,555.157699,Pass,Smart pass,44.0,57.0,71.0,73.0
35,Opponent17,Opponent17_M7,,1H,723.037295,Pass,Smart pass,60.0,14.0,88.0,47.0
35,Opponent17,Opponent17_M1,,1H,1113.318536,Pass,Smart pass,26.0,72.0,53.0,53.0
35,Opponent17,Opponent17_D2,,1H,1238.988353,Pass,Smart pass,82.0,90.0,82.0,55.0
35,Opponent17,Opponent17_F4,Opponent17_F3,1H,1396.509639,Pass,Smart pass,83.0,57.0,90.0,57.0
35,Huskies,Huskies_F5,,1H,1457.865925,Pass,Smart pass,79.0,37.0,75.0,34.0
35,Huskies,Huskies_F6,Huskies_F5,1H,1590.19371,Pass,Smart pass,65.0,81.0,88.0,74.0
35,Huskies,Huskies_F5,,1H,1591.421564,Pass,Smart pass,88.0,74.0,89.0,57.0
35,Opponent17,Opponent17_D1,Opponent17_M2,1H,1750.129643,Pass,Smart pass,60.0,83.0,90.0,76.0
35,Opponent17,Opponent17_F3,Opponent17_M7,1H,2298.235219,Pass,Smart pass,52.0,87.0,66.0,94.0
35,Opponent17,Opponent17_M7,,1H,2497.064868,Pass,Smart pass,36.0,8.0,57.0,22.0
35,Huskies,Huskies_D4,,1H,2575.75195,Pass,Smart pass,77.0,28.0,82.0,26.0
35,Opponent17,Opponent17_D3,,2H,207.07833600000004,Pass,Smart pass,57.0,61.0,70.0,40.0
35,Opponent17,Opponent17_M7,Opponent17_F3,2H,210.41789599999993,Pass,Smart pass,65.0,31.0,85.0,42.0
35,Opponent17,Opponent17_M2,Opponent17_F4,2H,670.1797419999998,Pass,Smart pass,59.0,73.0,80.0,74.0
35,Opponent17,Opponent17_F4,,2H,889.5490960000002,Pass,Smart pass,67.0,30.0,80.0,36.0
35,Huskies,Huskies_F2,,2H,1914.1724539999996,Pass,Smart pass,69.0,51.0,79.0,61.0
35,Opponent17,Opponent17_M1,,2H,2023.7100659999996,Pass,Smart pass,70.0,25.0,82.0,47.0
35,Opponent17,Opponent17_M3,,2H,2153.46745,Pass,Smart pass,68.0,83.0,95.0,82.0
35,Huskies,Huskies_F6,,2H,2593.091579,Pass,Smart pass,74.0,64.0,82.0,62.0
35,Opponent17,Opponent17_M7,,2H,2600.957335,Pass,Smart pass,58.0,40.0,62.0,43.0
36,Huskies,Huskies_D4,,1H,326.152954,Pass,Smart pass,59.0,11.0,88.0,57.0
36,Huskies,Huskies_F6,,1H,1454.368944,Pass,Smart pass,74.0,6.0,89.0,32.0
36,Opponent15,Opponent15_M7,,1H,1859.248903,Pass,Smart pass,74.0,43.0,87.0,28.0
36,Huskies,Huskies_F6,Huskies_F5,1H,2312.115374,Pass,Smart pass,63.0,32.0,87.0,63.0
36,Huskies,Huskies_F2,,2H,206.4771270000001,Pass,Smart pass,85.0,40.0,91.0,41.0
36,Huskies,Huskies_F2,,2H,217.319211,Pass,Smart pass,75.0,39.0,79.0,33.0
36,Huskies,Huskies_M9,,2H,369.32152300000007,Pass,Smart pass,88.0,65.0,91.0,36.0
36,Huskies,Huskies_D3,Huskies_M9,2H,691.764514,Pass,Smart pass,57.0,81.0,90.0,72.0
36,Huskies,Huskies_F5,Huskies_F6,2H,886.9948039999999,Pass,Smart pass,69.0,65.0,85.0,46.0
36,Opponent15,Opponent15_M7,,2H,1499.5497100000002,Pass,Smart pass,67.0,20.0,86.0,53.0
36,Huskies,Huskies_M1,Huskies_D4,2H,2518.1538200000005,Pass,Smart pass,33.0,51.0,73.0,14.0
36,Huskies,Huskies_D4,,2H,2521.903088,Pass,Smart pass,73.0,14.0,78.0,39.0
37,Opponent13,Opponent13_F1,Opponent13_M2,1H,940.47243,Pass,Smart pass,54.0,28.0,59.0,24.0
37,Opponent13,Opponent13_F1,,1H,1121.633976,Pass,Smart pass,66.0,22.0,81.0,14.0
37,Huskies,Huskies_D8,,1H,1400.042828,Pass,Smart pass,63.0,93.0,74.0,62.0
37,Opponent13,Opponent13_M1,,1H,1652.111725,Pass,Smart pass,84.0,74.0,90.0,45.0
37,Opponent13,Opponent13_M1,Opponent13_M6,1H,1698.545539,Pass,Smart pass,74.0,84.0,86.0,73.0
37,Opponent13,Opponent13_M1,,1H,2368.205416,Pass,Smart pass,57.0,98.0,65.0,81.0
37,Opponent13,Opponent13_M2,Opponent13_F1,1H,2372.909334,Pass,Smart pass,72.0,66.0,91.0,61.0
37,Opponent13,Opponent13_M1,,2H,213.7822540000002,Pass,Smart pass,95.0,87.0,87.0,76.0
37,Huskies,Huskies_D4,,2H,891.5527809999999,Pass,Smart pass,38.0,6.0,79.0,22.0
37,Opponent13,Opponent13_M8,,2H,1187.6256890000004,Pass,Smart pass,66.0,45.0,79.0,31.0
37,Huskies,Huskies_M3,,2H,1305.305413,Pass,Smart pass,60.0,69.0,99.0,70.0
38,Opponent14,Opponent14_F1,Opponent14_M4,1H,560.99988,Pass,Smart pass,92.0,43.0,95.0,45.0
38,Huskies,Huskies_M1,,1H,685.202122,Pass,Smart pass,74.0,34.0,80.0,39.0
38,Opponent14,Opponent14_D2,Opponent14_F1,1H,848.972839,Pass,Smart pass,58.0,5.0,76.0,34.0
38,Huskies,Huskies_D1,Huskies_D8,1H,1448.737138,Pass,Smart pass,57.0,83.0,98.0,88.0
38,Opponent14,Opponent14_M1,,1H,1667.488659,Pass,Smart pass,62.0,67.0,83.0,73.0
38,Huskies,Huskies_F4,,1H,2090.273604,Pass,Smart pass,71.0,67.0,78.0,67.0
38,Opponent14,Opponent14_D2,,1H,2586.891798,Pass,Smart pass,61.0,5.0,77.0,4.0
38,Huskies,Huskies_D4,Huskies_F5,1H,2658.670947,Pass,Smart pass,58.0,17.0,76.0,40.0
38,Huskies,Huskies_M2,,2H,137.83460100000002,Pass,Smart pass,75.0,54.0,77.0,50.0
38,Opponent14,Opponent14_M5,,2H,1023.654571,Pass,Smart pass,56.0,74.0,83.0,39.0
38,Opponent14,Opponent14_M4,,2H,1067.4907899999998,Pass,Smart pass,64.0,17.0,77.0,27.0
38,Opponent14,Opponent14_M5,,2H,2105.759366,Pass,Smart pass,67.0,42.0,73.0,25.0
38,Huskies,Huskies_F4,Huskies_F6,2H,2304.9275530000004,Pass,Smart pass,70.0,46.0,82.0,18.0
38,Huskies,Huskies_F4,Huskies_F6,2H,2375.561699,Pass,Smart pass,73.0,41.0,88.0,62.0
38,Huskies,Huskies_M12,Huskies_F4,2H,2614.478054,Pass,Smart pass,41.0,99.0,66.0,69.0
